large (2)Cube2Timestamp;large (2)Cube2XPos;large (2)Cube2YPos;large (2)Cube2newCorr;large (2)Cube2smoothCorr
0;;;0;0
0.3845274;;;0;0
0.6863334;;;0;0
0.9876381;;;0;0
1.2894438;;;0;0
1.5907485;;;0;0
1.8925547;;;0;0
2.149;0.352153;-2.5;;
2.151;0.3186876;-2.5;;
2.168;0.2819118;-2.5;;
2.169;0.2819118;-2.5;;
2.189;0.2180452;-2.5;;
2.19;0.2180452;-2.5;;
2.191;0.2180452;-2.5;;
2.1943609;;;-0.33540555570409;-0.111801851901363
2.189;0.2180452;-2.5;;
2.19;0.2180452;-2.5;;
2.191;0.2180452;-2.5;;
2.211;0.1516083;-2.5;;
2.211;0.1512837;-2.5;;
2.212;0.1508539;-2.5;;
2.233;0.08417908;-2.5;;
2.233;0.08380667;-2.5;;
2.234;0.08344667;-2.5;;
2.235;0.08337258;-2.5;;
2.254;0.01647851;-2.5;;
2.254;0.01647851;-2.5;;
2.255;0.01647851;-2.5;;
2.255;0.01647851;-2.5;;
2.275;-0.01611051;-2.5;;
2.276;-0.01642681;-2.5;;
2.276;-0.01648117;-2.5;;
2.277;-0.01651288;-2.5;;
2.296;-0.1156233;-2.5;;
2.297;-0.1167082;-2.5;;
2.298;-0.116861;-2.5;;
2.299;-0.1168947;-2.5;;
2.375;-0.351106;-2.5;;
2.376;-0.3516525;-2.5;;
2.377;-0.3517972;-2.5;;
2.378;-0.351851;-2.5;;
2.379;-0.3518734;-2.5;;
2.379;-0.3518761;-2.5;;
2.38;-0.3518814;-2.5;;
2.381;-0.3518823;-2.5;;
2.381;-0.3518824;-2.5;;
2.382;-0.3518826;-2.5;;
2.383;-0.3518827;-2.5;;
2.384;-0.3762726;-2.5;;
2.385;-0.3835708;-2.5;;
2.386;-0.3849055;-2.5;;
2.398;-0.418542;-2.5;;
2.399;-0.4191123;-2.5;;
2.4;-0.4192018;-2.5;;
2.4;-0.4192359;-2.5;;
2.42;-0.4859621;-2.5;;
2.421;-0.4859621;-2.5;;
2.422;-0.4859621;-2.5;;
2.423;-0.4859621;-2.5;;
2.442;-0.5730366;-2.5;;
2.443;-0.5738921;-2.5;;
2.444;-0.5741685;-2.5;;
2.445;-0.5741685;-2.5;;
2.464;-0.6197885;-2.5;;
2.465;-0.6197885;-2.5;;
2.466;-0.6197885;-2.5;;
2.466;-0.6197885;-2.5;;
2.486;-0.6877403;-2.5;;
2.487;-0.6877403;-2.5;;
2.4961671;;;-0.147730257909607;-0.161045271204566
2.486;-0.6877403;-2.5;;
2.487;-0.6877403;-2.5;;
2.508;-0.7535011;-2.5;;
2.508;-0.7540063;-2.5;;
2.509;-0.7542465;-2.5;;
2.51;-0.7542793;-2.5;;
2.511;-0.7542862;-2.5;;
2.511;-0.7542873;-2.5;;
2.53;-0.8211141;-2.5;;
2.531;-0.8218202;-2.5;;
2.552;-0.8871456;-2.5;;
2.553;-0.8877746;-2.5;;
2.554;-0.8878942;-2.5;;
2.574;-0.9544065;-2.5;;
2.575;-0.9550836;-2.5;;
2.576;-0.9552066;-2.5;;
2.577;-0.9552261;-2.5;;
2.577;-0.9552287;-2.5;;
2.578;-0.9552329;-2.5;;
2.6;-1.038794;-2.5;;
2.601;-1.040372;-2.5;;
2.622;-1.087818;-2.5;;
2.649;-1.155923;-2.5;;
2.65;-1.156412;-2.5;;
2.651;-1.156513;-2.5;;
2.665;-1.227067;-2.5;;
2.666;-1.228799;-2.5;;
2.667;-1.229573;-2.5;;
2.688;-1.290287;-2.5;;
2.688;-1.290287;-2.5;;
2.689;-1.290287;-2.5;;
2.689;-1.290287;-2.5;;
2.69;-1.290287;-2.5;;
2.709;-1.356643;-2.5;;
2.71;-1.357324;-2.5;;
2.731;-1.423116;-2.5;;
2.732;-1.423748;-2.5;;
2.733;-1.42387;-2.5;;
2.734;-1.42389;-2.5;;
2.735;-1.4239;-2.5;;
2.735;-1.4239;-2.5;;
2.756;-1.509197;-2.5;;
2.757;-1.509197;-2.5;;
2.777;-1.5582;-2.5;;
2.7979736;;;-0.399491556527424;-0.294209123380374
2.8;-1.625501;-2.5;;
2.823;-1.690579;-2.5;;
2.846;-1.758856;-2.5;;
2.847;-1.760592;-2.5;;
2.848;-1.760987;-2.5;;
2.848;-1.761055;-2.5;;
2.867;-1.829164;-2.5;;
2.869;-1.830068;-2.5;;
2.889;-1.894585;-2.5;;
2.912;-1.980388;-2.5;;
2.913;-1.980388;-2.5;;
2.914;-1.980388;-2.5;;
2.914;-1.980388;-2.5;;
2.934;-2.029512;-2.5;;
2.935;-2.029512;-2.5;;
2.936;-2.029512;-2.5;;
2.956;-2.09448;-2.5;;
2.957;-2.095062;-2.5;;
2.957;-2.095146;-2.5;;
2.958;-2.095288;-2.5;;
2.979;-2.161102;-2.5;;
3;-2.227952;-2.5;;
3.001;-2.229283;-2.5;;
3.002;-2.229503;-2.5;;
3.025;-2.296827;-2.5;;
3.047;-2.362889;-2.5;;
3.07;-2.447223;-2.5;;
3.081;-2.464979;-2.5;;
3.082;-2.465689;-2.5;;
3.092;-2.508359;-2.5;;
3.094;-2.509324;-2.5;;
3.0992783;;;0.447578882269283;-0.0332143107225826
3.082;-2.465689;-2.5;;
3.092;-2.508359;-2.5;;
3.094;-2.509324;-2.5;;
3.113;-2.563113;-2.5;;
3.114;-2.563686;-2.5;;
3.137;-2.630118;-2.5;;
3.138;-2.63131;-2.5;;
3.158;-2.697165;-2.5;;
3.18;-2.764868;-2.5;;
3.181;-2.765504;-2.5;;
3.183;-2.765615;-2.5;;
3.203;-2.832099;-2.5;;
3.223;-2.918094;-2.5;;
3.225;-2.919028;-2.5;;
3.225;-2.919102;-2.5;;
3.248;-2.966883;-2.5;;
3.248;-2.967212;-2.5;;
3.271;-2.999646;-2.5;;
3.272;-3;-2.5;;
3.272;-3;-2.5;;
3.273;-3;-2.5;;
3.273;-3;-2.5;;
3.293;-2.935061;-2.5;;
3.294;-2.934491;-2.5;;
3.295;-2.934311;-2.5;;
3.295;-2.934297;-2.5;;
3.315;-2.868121;-2.5;;
3.316;-2.86693;-2.5;;
3.317;-2.866491;-2.5;;
3.318;-2.866491;-2.5;;
3.338;-2.800399;-2.5;;
3.339;-2.799786;-2.5;;
3.34;-2.799556;-2.5;;
3.36;-2.732688;-2.5;;
3.361;-2.732688;-2.5;;
3.381;-2.649323;-2.5;;
3.401084;;;-0.0181317878520766;0.00998517929659414
3.404;-2.599902;-2.5;;
3.404;-2.59973;-2.5;;
3.405;-2.59895;-2.5;;
3.406;-2.598838;-2.5;;
3.407;-2.598805;-2.5;;
3.407;-2.598805;-2.5;;
3.425;-2.531075;-2.5;;
3.426;-2.530292;-2.5;;
3.447;-2.465018;-2.5;;
3.448;-2.464367;-2.5;;
3.45;-2.464281;-2.5;;
3.451;-2.464266;-2.5;;
3.452;-2.464258;-2.5;;
3.472;-2.398874;-2.5;;
3.473;-2.398306;-2.5;;
3.474;-2.398122;-2.5;;
3.474;-2.398035;-2.5;;
3.504;-2.331286;-2.5;;
3.516;-2.255373;-2.5;;
3.517;-2.254088;-2.5;;
3.519;-2.253844;-2.5;;
3.519;-2.25383;-2.5;;
3.539;-2.176775;-2.5;;
3.54;-2.176132;-2.5;;
3.54;-2.175971;-2.5;;
3.561;-2.129915;-2.5;;
3.562;-2.129915;-2.5;;
3.563;-2.129915;-2.5;;
3.584;-2.062739;-2.5;;
3.585;-2.062074;-2.5;;
3.606;-1.997528;-2.5;;
3.607;-1.996673;-2.5;;
3.608;-1.996146;-2.5;;
3.628;-1.928676;-2.5;;
3.63;-1.927849;-2.5;;
3.63;-1.927849;-2.5;;
3.63;-1.927849;-2.5;;
3.652;-1.861912;-2.5;;
3.653;-1.861398;-2.5;;
3.653;-1.861391;-2.5;;
3.654;-1.861144;-2.5;;
3.674;-1.795386;-2.5;;
3.674;-1.795386;-2.5;;
3.675;-1.795386;-2.5;;
3.676;-1.795386;-2.5;;
3.696;-1.707876;-2.5;;
3.696;-1.70751;-2.5;;
3.697;-1.706973;-2.5;;
3.697;-1.706902;-2.5;;
3.7028903;;;-0.48461102967263;-0.0183879784184745
3.696;-1.707876;-2.5;;
3.696;-1.70751;-2.5;;
3.697;-1.706973;-2.5;;
3.697;-1.706902;-2.5;;
3.719;-1.661104;-2.5;;
3.72;-1.660574;-2.5;;
3.72;-1.660574;-2.5;;
3.74;-1.594334;-2.5;;
3.741;-1.593514;-2.5;;
3.741;-1.593514;-2.5;;
3.742;-1.593514;-2.5;;
3.743;-1.593514;-2.5;;
3.762;-1.528111;-2.5;;
3.764;-1.527262;-2.5;;
3.784;-1.460461;-2.5;;
3.785;-1.460461;-2.5;;
3.786;-1.460461;-2.5;;
3.787;-1.460461;-2.5;;
3.807;-1.393256;-2.5;;
3.808;-1.392591;-2.5;;
3.808;-1.392478;-2.5;;
3.809;-1.392424;-2.5;;
3.809;-1.392415;-2.5;;
3.81;-1.39241;-2.5;;
3.83;-1.325882;-2.5;;
3.831;-1.325882;-2.5;;
3.853;-1.240036;-2.5;;
3.853;-1.240036;-2.5;;
3.854;-1.240036;-2.5;;
3.855;-1.240036;-2.5;;
3.855;-1.240036;-2.5;;
3.875;-1.19215;-2.5;;
3.876;-1.191664;-2.5;;
3.877;-1.191586;-2.5;;
3.877;-1.191554;-2.5;;
3.897;-1.123856;-2.5;;
3.898;-1.123856;-2.5;;
3.925;-1.053668;-2.5;;
3.931;-1.024387;-2.5;;
3.932;-1.02343;-2.5;;
3.932;-1.02327;-2.5;;
3.942;-0.9774044;-2.5;;
3.943;-0.9764682;-2.5;;
3.944;-0.9763294;-2.5;;
3.944;-0.9763057;-2.5;;
3.964;-0.9236414;-2.5;;
3.965;-0.9231417;-2.5;;
3.966;-0.9229926;-2.5;;
3.987;-0.855723;-2.5;;
3.988;-0.855723;-2.5;;
3.988;-0.855723;-2.5;;
3.9996827;;;-0.494961921754348;-0.332568246426352
4.054;-0.6550301;-2.5;;
4.076;-0.5875719;-2.5;;
4.077;-0.5875719;-2.5;;
4.077;-0.5875719;-2.5;;
4.078;-0.5875719;-2.5;;
4.079;-0.5875719;-2.5;;
4.098;-0.5210128;-2.5;;
4.1;-0.5210128;-2.5;;
4.122;-0.4531446;-2.5;;
4.124;-0.4531446;-2.5;;
4.144;-0.3868606;-2.5;;
4.145;-0.3868606;-2.5;;
4.166;-0.2998192;-2.5;;
4.188;-0.2527084;-2.5;;
4.189;-0.2527084;-2.5;;
4.189;-0.2527084;-2.5;;
4.19;-0.2527084;-2.5;;
4.209;-0.1871971;-2.5;;
4.232;-0.1201012;-2.5;;
4.233;-0.1195117;-2.5;;
4.235;-0.1193911;-2.5;;
4.255;-0.05325953;-2.5;;
4.256;-0.05267372;-2.5;;
4.256;-0.05243548;-2.5;;
4.257;-0.05243548;-2.5;;
4.277;0.01360464;-2.5;;
4.278;0.0142182;-2.5;;
4.279;0.01438423;-2.5;;
4.3;0.08062582;-2.5;;
4.301;0.08122319;-2.5;;
4.301;0.0813223;-2.5;;
4.322;0.08142503;-2.5;;
4.323;0.08142594;-2.5;;
4.344;0.08142623;-2.5;;
4.353;0.08142623;-2.5;;
4.3561346;;;-0.478427509794689;-0.486000153740556
4.366;0.1152556;-2.5;;
4.367;0.1157519;-2.5;;
4.389;0.3574394;-2.5;;
4.39;0.3596334;-2.5;;
4.411;0.4157205;-2.5;;
4.412;0.4162718;-2.5;;
4.413;0.4163629;-2.5;;
4.433;0.4832815;-2.5;;
4.455;0.5496116;-2.5;;
4.456;0.5501661;-2.5;;
4.477;0.6348968;-2.5;;
4.478;0.6356548;-2.5;;
4.499;0.6498922;-2.5;;
4.5;0.6500218;-2.5;;
4.521;0.7764168;-2.5;;
4.523;0.7777586;-2.5;;
4.544;0.8181299;-2.5;;
4.545;0.8185405;-2.5;;
4.568;0.8856773;-2.5;;
4.569;0.8862581;-2.5;;
4.591;0.9525073;-2.5;;
4.592;0.9530146;-2.5;;
4.614;1.019421;-2.5;;
4.615;1.019958;-2.5;;
4.636;1.105629;-2.5;;
4.638;1.106511;-2.5;;
4.638;1.106558;-2.5;;
4.658;1.152648;-2.5;;
4.6629541;;;-0.495011871624669;-0.489467101057902
4.658;1.152648;-2.5;;
4.679;1.219791;-2.5;;
4.68;1.220451;-2.5;;
4.702;1.286448;-2.5;;
4.703;1.287027;-2.5;;
4.723;1.354011;-2.5;;
4.724;1.354708;-2.5;;
4.745;1.420708;-2.5;;
4.747;1.421392;-2.5;;
4.767;1.487946;-2.5;;
4.777;1.48874;-2.5;;
4.79;1.579073;-2.5;;
4.791;1.58031;-2.5;;
4.811;1.622788;-2.5;;
4.812;1.62322;-2.5;;
4.834;1.688546;-2.5;;
4.898;1.889925;-2.5;;
4.92;1.957696;-2.5;;
4.943;2.043926;-2.5;;
4.9647608;;;-0.481137383830166;-0.484858921749842
4.943;2.043926;-2.5;;
4.967;2.091549;-2.5;;
4.988;2.157781;-2.5;;
5.009;2.192071;-2.5;;
5.011;2.220798;-2.5;;
5.032;2.292553;-2.5;;
5.032;2.292928;-2.5;;
5.075;2.394095;-2.5;;
5.077;2.422955;-2.5;;
5.097;2.461308;-2.5;;
5.098;2.503374;-2.5;;
5.14;2.594112;-2.5;;
5.141;2.594576;-2.5;;
5.142;2.594643;-2.5;;
5.163;2.660409;-2.5;;
5.184;2.728537;-2.5;;
5.185;2.729196;-2.5;;
5.206;2.794748;-2.5;;
5.206;2.795052;-2.5;;
5.227;2.861984;-2.5;;
5.2660652;;;-0.496979646018517;-0.491042967157784
4.943;2.043926;-2.5;;
4.967;2.091549;-2.5;;
4.988;2.157781;-2.5;;
5.009;2.192071;-2.5;;
5.011;2.220798;-2.5;;
5.032;2.292553;-2.5;;
5.032;2.292928;-2.5;;
5.075;2.394095;-2.5;;
5.077;2.422955;-2.5;;
5.097;2.461308;-2.5;;
5.098;2.503374;-2.5;;
5.14;2.594112;-2.5;;
5.141;2.594576;-2.5;;
5.142;2.594643;-2.5;;
5.163;2.660409;-2.5;;
5.184;2.728537;-2.5;;
5.185;2.729196;-2.5;;
5.206;2.794748;-2.5;;
5.206;2.795052;-2.5;;
5.227;2.861984;-2.5;;
5.5678715;;;-0.496979646018517;-0.491698891955734
5.748;1.626112;-2.5;;
5.769;1.559656;-2.5;;
5.77;1.559008;-2.5;;
5.792;1.492663;-2.5;;
5.793;1.492042;-2.5;;
5.794;1.491915;-2.5;;
5.814;1.425693;-2.5;;
5.815;1.425008;-2.5;;
5.836;1.35919;-2.5;;
5.837;1.358539;-2.5;;
5.859;1.292099;-2.5;;
5.86;1.29056;-2.5;;
5.875192;;;0.46347055509497;-0.176829578980688
5.882;1.209216;-2.5;;
5.904;1.157445;-2.5;;
5.905;1.156488;-2.5;;
5.906;1.156299;-2.5;;
5.926;1.090319;-2.5;;
5.927;1.089474;-2.5;;
5.949;1.022858;-2.5;;
5.95;1.022858;-2.5;;
5.971;0.9563919;-2.5;;
5.971;0.955587;-2.5;;
5.993;0.8903425;-2.5;;
6.016;0.8225636;-2.5;;
6.017;0.8219376;-2.5;;
6.039;0.738134;-2.5;;
6.039;0.7369621;-2.5;;
6.041;0.7361923;-2.5;;
6.06;0.6881766;-2.5;;
6.061;0.6876495;-2.5;;
6.081;0.6542817;-2.5;;
6.082;0.6254148;-2.5;;
6.105;0.5548742;-2.5;;
6.127;0.4880855;-2.5;;
6.128;0.486835;-2.5;;
6.129;0.4866354;-2.5;;
6.149;0.4200927;-2.5;;
6.15;0.4194744;-2.5;;
6.15;0.4193794;-2.5;;
6.159;0.4192578;-2.5;;
6.173;0.3516999;-2.5;;
6.174;0.3507787;-2.5;;
6.174;0.3506255;-2.5;;
6.1870247;;;0.419479877398877;0.12865692882511
6.196;0.2708926;-2.5;;
6.196;0.2703933;-2.5;;
6.197;0.2700757;-2.5;;
6.197;0.2700214;-2.5;;
6.216;0.2192713;-2.5;;
6.217;0.218614;-2.5;;
6.218;0.218614;-2.5;;
6.218;0.218614;-2.5;;
6.239;0.1514328;-2.5;;
6.261;0.08539905;-2.5;;
6.262;0.08476947;-2.5;;
6.263;0.08466258;-2.5;;
6.264;0.08466258;-2.5;;
6.265;0.08466258;-2.5;;
6.284;0.01678897;-2.5;;
6.285;0.01678897;-2.5;;
6.306;-0.04856965;-2.5;;
6.307;-0.04920178;-2.5;;
6.308;-0.04931947;-2.5;;
6.309;-0.0493384;-2.5;;
6.329;-0.1157268;-2.5;;
6.33;-0.1163391;-2.5;;
6.351;-0.1963452;-2.5;;
6.372;-0.2488101;-2.5;;
6.373;-0.2503973;-2.5;;
6.374;-0.2506334;-2.5;;
6.374;-0.2506734;-2.5;;
6.395;-0.3160891;-2.5;;
6.396;-0.3169452;-2.5;;
6.397;-0.3175127;-2.5;;
6.417;-0.3839434;-2.5;;
6.418;-0.3845966;-2.5;;
6.418;-0.3847087;-2.5;;
6.419;-0.3847692;-2.5;;
6.42;-0.3847784;-2.5;;
6.44;-0.4507038;-2.5;;
6.441;-0.4513594;-2.5;;
6.441;-0.4514704;-2.5;;
6.442;-0.4515189;-2.5;;
6.463;-0.5171338;-2.5;;
6.464;-0.5180907;-2.5;;
6.465;-0.5185133;-2.5;;
6.484;-0.5844807;-2.5;;
6.485;-0.5851828;-2.5;;
6.486;-0.5853162;-2.5;;
6.487;-0.5853379;-2.5;;
6.488;-0.5853444;-2.5;;
6.488;-0.5853451;-2.5;;
6.5008636;;;0.485611696833621;0.45618737644249
6.507;-0.6193604;-2.5;;
6.507;-0.6195171;-2.5;;
6.528;-0.6963809;-2.5;;
6.529;-0.7115035;-2.5;;
6.529;-0.7152779;-2.5;;
6.531;-0.7195793;-2.5;;
6.531;-0.7195793;-2.5;;
6.551;-0.7862293;-2.5;;
6.552;-0.7868476;-2.5;;
6.553;-0.7870027;-2.5;;
6.553;-0.7870287;-2.5;;
6.574;-0.851927;-2.5;;
6.575;-0.8531439;-2.5;;
6.576;-0.8540073;-2.5;;
6.596;-0.9195783;-2.5;;
6.597;-0.9202206;-2.5;;
6.597;-0.920331;-2.5;;
6.598;-0.9203889;-2.5;;
6.598;-0.9203989;-2.5;;
6.618;-0.9848925;-2.5;;
6.619;-0.9861857;-2.5;;
6.62;-0.9878128;-2.5;;
6.639;-1.021105;-2.5;;
6.64;-1.054845;-2.5;;
6.641;-1.054845;-2.5;;
6.642;-1.054845;-2.5;;
6.663;-1.135124;-2.5;;
6.664;-1.136488;-2.5;;
6.665;-1.136811;-2.5;;
6.666;-1.136975;-2.5;;
6.689;-1.188481;-2.5;;
6.69;-1.188887;-2.5;;
6.69;-1.188939;-2.5;;
6.691;-1.189051;-2.5;;
6.71;-1.256007;-2.5;;
6.711;-1.256007;-2.5;;
6.712;-1.256007;-2.5;;
6.713;-1.256007;-2.5;;
6.713;-1.256007;-2.5;;
6.714;-1.256007;-2.5;;
6.733;-1.322761;-2.5;;
6.734;-1.322761;-2.5;;
6.734;-1.322761;-2.5;;
6.735;-1.322761;-2.5;;
6.755;-1.389925;-2.5;;
6.755;-1.389925;-2.5;;
6.756;-1.389925;-2.5;;
6.776;-1.456688;-2.5;;
6.777;-1.457338;-2.5;;
6.777;-1.45745;-2.5;;
6.778;-1.457511;-2.5;;
6.779;-1.45753;-2.5;;
6.798;-1.523826;-2.5;;
6.799;-1.523826;-2.5;;
6.8131981;;;0.497845355340082;0.46764564319086
6.798;-1.523826;-2.5;;
6.799;-1.523826;-2.5;;
6.821;-1.557743;-2.5;;
6.822;-1.557743;-2.5;;
6.822;-1.557743;-2.5;;
6.823;-1.59724;-2.5;;
6.824;-1.605329;-2.5;;
6.843;-1.656863;-2.5;;
6.844;-1.657678;-2.5;;
6.845;-1.658101;-2.5;;
6.846;-1.65817;-2.5;;
6.865;-1.724205;-2.5;;
6.866;-1.724813;-2.5;;
6.867;-1.724995;-2.5;;
6.867;-1.725015;-2.5;;
6.888;-1.79111;-2.5;;
6.889;-1.791753;-2.5;;
6.89;-1.791893;-2.5;;
6.89;-1.791893;-2.5;;
6.909;-1.858156;-2.5;;
6.91;-1.859021;-2.5;;
6.911;-1.859021;-2.5;;
6.933;-1.926672;-2.5;;
6.934;-1.926672;-2.5;;
6.934;-1.926672;-2.5;;
6.934;-1.926672;-2.5;;
6.935;-1.926672;-2.5;;
6.936;-1.926672;-2.5;;
6.955;-1.993328;-2.5;;
6.955;-1.993328;-2.5;;
6.985;-2.078068;-2.5;;
6.987;-2.087377;-2.5;;
6.987;-2.088159;-2.5;;
6.989;-2.092997;-2.5;;
6.989;-2.092997;-2.5;;
6.999;-2.130017;-2.5;;
7;-2.130017;-2.5;;
7;-2.130017;-2.5;;
7.001;-2.130017;-2.5;;
7.021;-2.19374;-2.5;;
7.022;-2.194379;-2.5;;
7.023;-2.194538;-2.5;;
7.044;-2.2611;-2.5;;
7.045;-2.2611;-2.5;;
7.045;-2.2611;-2.5;;
7.046;-2.2611;-2.5;;
7.046;-2.2611;-2.5;;
7.047;-2.2611;-2.5;;
7.066;-2.32796;-2.5;;
7.067;-2.32796;-2.5;;
7.088;-2.394366;-2.5;;
7.089;-2.395015;-2.5;;
7.09;-2.395115;-2.5;;
7.091;-2.395142;-2.5;;
7.091;-2.395152;-2.5;;
7.1094886;;;0.492711270288506;0.492056107487403
7.111;-2.462391;-2.5;;
7.112;-2.462391;-2.5;;
7.113;-2.462391;-2.5;;
7.113;-2.462391;-2.5;;
7.134;-2.543308;-2.5;;
7.135;-2.544715;-2.5;;
7.136;-2.546848;-2.5;;
7.156;-2.595708;-2.5;;
7.157;-2.596174;-2.5;;
7.158;-2.596309;-2.5;;
7.158;-2.596309;-2.5;;
7.159;-2.596309;-2.5;;
7.159;-2.596309;-2.5;;
7.179;-2.664109;-2.5;;
7.179;-2.664109;-2.5;;
7.2;-2.730082;-2.5;;
7.2;-2.730082;-2.5;;
7.201;-2.730082;-2.5;;
7.223;-2.796687;-2.5;;
7.224;-2.797217;-2.5;;
7.246;-2.863493;-2.5;;
7.247;-2.864037;-2.5;;
7.267;-2.931084;-2.5;;
7.269;-2.93183;-2.5;;
7.27;-2.931893;-2.5;;
7.291;-3.014887;-2.5;;
7.292;-3.015701;-2.5;;
7.293;-3.015824;-2.5;;
7.313;-2.966491;-2.5;;
7.313;-2.966159;-2.5;;
7.314;-2.965913;-2.5;;
7.315;-2.965865;-2.5;;
7.335;-2.899302;-2.5;;
7.336;-2.899302;-2.5;;
7.336;-2.899302;-2.5;;
7.357;-2.832104;-2.5;;
7.358;-2.831649;-2.5;;
7.359;-2.831451;-2.5;;
7.36;-2.831299;-2.5;;
7.38;-2.765243;-2.5;;
7.381;-2.765243;-2.5;;
7.381;-2.765243;-2.5;;
7.382;-2.765243;-2.5;;
7.402;-2.680269;-2.5;;
7.403;-2.678761;-2.5;;
7.404;-2.678284;-2.5;;
7.410794;;;0.304394394154184;0.431650339927591
7.402;-2.680269;-2.5;;
7.403;-2.678761;-2.5;;
7.404;-2.678284;-2.5;;
7.425;-2.631993;-2.5;;
7.426;-2.631599;-2.5;;
7.427;-2.63148;-2.5;;
7.427;-2.631429;-2.5;;
7.428;-2.631429;-2.5;;
7.447;-2.545596;-2.5;;
7.448;-2.545596;-2.5;;
7.449;-2.545596;-2.5;;
7.45;-2.545596;-2.5;;
7.47;-2.497875;-2.5;;
7.471;-2.496782;-2.5;;
7.472;-2.496099;-2.5;;
7.492;-2.430131;-2.5;;
7.492;-2.430131;-2.5;;
7.493;-2.430131;-2.5;;
7.494;-2.430131;-2.5;;
7.494;-2.430131;-2.5;;
7.514;-2.364064;-2.5;;
7.515;-2.363423;-2.5;;
7.535;-2.296507;-2.5;;
7.536;-2.29581;-2.5;;
7.537;-2.295703;-2.5;;
7.538;-2.295687;-2.5;;
7.557;-2.229738;-2.5;;
7.558;-2.229067;-2.5;;
7.559;-2.228926;-2.5;;
7.56;-2.228896;-2.5;;
7.581;-2.162774;-2.5;;
7.582;-2.162142;-2.5;;
7.583;-2.162015;-2.5;;
7.584;-2.161984;-2.5;;
7.605;-2.07872;-2.5;;
7.605;-2.07872;-2.5;;
7.606;-2.07872;-2.5;;
7.607;-2.07872;-2.5;;
7.607;-2.07872;-2.5;;
7.626;-2.029006;-2.5;;
7.628;-2.027892;-2.5;;
7.648;-1.961177;-2.5;;
7.671;-1.897486;-2.5;;
7.671;-1.896923;-2.5;;
7.672;-1.895456;-2.5;;
7.674;-1.894162;-2.5;;
7.692;-1.828215;-2.5;;
7.693;-1.827508;-2.5;;
7.694;-1.827339;-2.5;;
7.695;-1.827286;-2.5;;
7.7120982;;;-0.48888035633746;0.10274176936841
7.715;-1.760828;-2.5;;
7.716;-1.760289;-2.5;;
7.739;-1.693776;-2.5;;
7.74;-1.693048;-2.5;;
7.741;-1.693048;-2.5;;
7.76;-1.607052;-2.5;;
7.761;-1.607052;-2.5;;
7.761;-1.607052;-2.5;;
7.762;-1.607052;-2.5;;
7.763;-1.607052;-2.5;;
7.782;-1.559614;-2.5;;
7.783;-1.559111;-2.5;;
7.784;-1.55899;-2.5;;
7.806;-1.492316;-2.5;;
7.807;-1.492316;-2.5;;
7.807;-1.492316;-2.5;;
7.808;-1.492316;-2.5;;
7.829;-1.42551;-2.5;;
7.83;-1.424922;-2.5;;
7.83;-1.4247;-2.5;;
7.83;-1.4247;-2.5;;
7.831;-1.4247;-2.5;;
7.832;-1.4247;-2.5;;
7.85;-1.359161;-2.5;;
7.873;-1.291739;-2.5;;
7.873;-1.291348;-2.5;;
7.874;-1.291083;-2.5;;
7.875;-1.291018;-2.5;;
7.875;-1.291007;-2.5;;
7.896;-1.224654;-2.5;;
7.897;-1.224038;-2.5;;
7.917;-1.138554;-2.5;;
7.917;-1.137894;-2.5;;
7.918;-1.13754;-2.5;;
7.919;-1.137486;-2.5;;
7.94;-1.089983;-2.5;;
7.941;-1.089415;-2.5;;
7.941;-1.089415;-2.5;;
7.942;-1.089415;-2.5;;
7.942;-1.089415;-2.5;;
8.008;-0.8896623;-2.5;;
8.01;-0.8890639;-2.5;;
8.01;-0.8889941;-2.5;;
8.011;-0.8889214;-2.5;;
8.012;-0.8889083;-2.5;;
8.013;-0.8889062;-2.5;;
8.014;-0.8889057;-2.5;;
8.0139047;;;0.489994040401829;0.101836026072851
8.008;-0.8896623;-2.5;;
8.01;-0.8890639;-2.5;;
8.01;-0.8889941;-2.5;;
8.011;-0.8889214;-2.5;;
8.012;-0.8889083;-2.5;;
8.013;-0.8889062;-2.5;;
8.014;-0.8889057;-2.5;;
8.015;-0.8644925;-2.5;;
8.017;-0.8563902;-2.5;;
8.018;-0.8553838;-2.5;;
8.019;-0.8551672;-2.5;;
8.031;-0.8218412;-2.5;;
8.032;-0.8218412;-2.5;;
8.052;-0.7552855;-2.5;;
8.054;-0.754462;-2.5;;
8.054;-0.754462;-2.5;;
8.054;-0.754462;-2.5;;
8.055;-0.754462;-2.5;;
8.074;-0.6711884;-2.5;;
8.075;-0.6703615;-2.5;;
8.118;-0.5547277;-2.5;;
8.141;-0.5207037;-2.5;;
8.275;-0.08539546;-2.5;;
8.276;-0.08458079;-2.5;;
8.296;-0.01842923;-2.5;;
8.297;-0.01772127;-2.5;;
8.3157104;;;0.45002405919583;0.1503792477534
8.319;0.05011714;-2.5;;
8.319;0.05011714;-2.5;;
8.32;0.05011714;-2.5;;
8.341;0.1158901;-2.5;;
8.342;0.1164357;-2.5;;
8.361;0.1823867;-2.5;;
8.362;0.183253;-2.5;;
8.363;0.183253;-2.5;;
8.363;0.183253;-2.5;;
8.384;0.2672883;-2.5;;
8.385;0.2672883;-2.5;;
8.385;0.2672883;-2.5;;
8.387;0.2672883;-2.5;;
8.405;0.3158343;-2.5;;
8.407;0.3171806;-2.5;;
8.429;0.3818604;-2.5;;
8.431;0.384003;-2.5;;
8.454;0.4495813;-2.5;;
8.456;0.4517306;-2.5;;
8.476;0.5177464;-2.5;;
8.477;0.5183139;-2.5;;
8.498;0.5840561;-2.5;;
8.499;0.5853381;-2.5;;
8.522;0.65207;-2.5;;
8.522;0.652273;-2.5;;
8.545;0.7403181;-2.5;;
8.546;0.7403181;-2.5;;
8.547;0.7403181;-2.5;;
8.567;0.7868019;-2.5;;
8.588;0.8527899;-2.5;;
8.589;0.8535849;-2.5;;
8.61;0.9198915;-2.5;;
8.611;0.9206698;-2.5;;
8.6171329;;;0.318177963505148;0.419398687700936
8.632;0.9864561;-2.5;;
8.633;0.9870761;-2.5;;
8.656;1.054673;-2.5;;
8.681;1.111578;-2.5;;
8.686;1.120941;-2.5;;
8.699;1.207358;-2.5;;
8.699;1.209078;-2.5;;
8.721;1.255935;-2.5;;
8.744;1.321798;-2.5;;
8.745;1.322389;-2.5;;
8.766;1.389806;-2.5;;
8.788;1.456272;-2.5;;
8.789;1.457034;-2.5;;
8.809;1.524076;-2.5;;
8.81;1.524076;-2.5;;
8.831;1.590284;-2.5;;
8.852;1.624269;-2.5;;
8.853;1.664028;-2.5;;
8.874;1.724758;-2.5;;
8.876;1.72548;-2.5;;
8.895;1.758389;-2.5;;
8.897;1.787176;-2.5;;
8.917;1.826114;-2.5;;
8.918;1.826114;-2.5;;
8.9184371;;;-0.496146329591698;0.0906852310364265
8.917;1.826114;-2.5;;
8.918;1.826114;-2.5;;
8.938;1.891768;-2.5;;
8.939;1.892375;-2.5;;
8.96;1.959859;-2.5;;
8.981;2.026049;-2.5;;
8.982;2.026049;-2.5;;
9.003;2.093303;-2.5;;
9.004;2.093936;-2.5;;
9.024;2.158956;-2.5;;
9.025;2.159772;-2.5;;
9.048;2.227808;-2.5;;
9.048;2.227808;-2.5;;
9.067;2.293493;-2.5;;
9.068;2.294194;-2.5;;
9.069;2.294307;-2.5;;
9.07;2.294355;-2.5;;
9.09;2.362019;-2.5;;
9.09;2.362019;-2.5;;
9.091;2.362019;-2.5;;
9.092;2.362019;-2.5;;
9.113;2.42925;-2.5;;
9.114;2.42925;-2.5;;
9.115;2.42925;-2.5;;
9.14;2.494639;-2.5;;
9.14;2.494988;-2.5;;
9.141;2.495249;-2.5;;
9.142;2.495288;-2.5;;
9.143;2.495297;-2.5;;
9.156;2.528781;-2.5;;
9.157;2.529411;-2.5;;
9.158;2.529411;-2.5;;
9.159;2.529411;-2.5;;
9.178;2.628037;-2.5;;
9.18;2.629164;-2.5;;
9.181;2.62928;-2.5;;
9.181;2.6293;-2.5;;
9.2;2.695972;-2.5;;
9.201;2.696831;-2.5;;
9.202;2.696831;-2.5;;
9.202;2.696831;-2.5;;
9.2202428;;;-0.466331425751095;-0.214766597279215
9.222;2.763731;-2.5;;
9.223;2.763731;-2.5;;
9.224;2.763731;-2.5;;
9.225;2.763731;-2.5;;
9.245;2.829897;-2.5;;
9.245;2.83006;-2.5;;
9.246;2.830534;-2.5;;
9.246;2.830745;-2.5;;
9.266;2.89856;-2.5;;
9.266;2.89856;-2.5;;
9.267;2.89856;-2.5;;
9.268;2.89856;-2.5;;
9.288;2.963806;-2.5;;
9.288;2.964149;-2.5;;
9.289;2.964638;-2.5;;
9.29;2.964638;-2.5;;
9.31;2.99859;-2.5;;
9.311;2.99859;-2.5;;
9.312;2.99859;-2.5;;
9.312;2.99859;-2.5;;
9.332;2.986028;-2.5;;
9.334;2.985873;-2.5;;
9.334;2.985873;-2.5;;
9.334;2.985873;-2.5;;
9.355;2.919844;-2.5;;
9.356;2.919244;-2.5;;
9.357;2.919108;-2.5;;
9.357;2.919085;-2.5;;
9.377;2.853324;-2.5;;
9.378;2.852638;-2.5;;
9.38;2.852545;-2.5;;
9.38;2.852537;-2.5;;
9.399;2.785338;-2.5;;
9.4;2.784599;-2.5;;
9.401;2.784473;-2.5;;
9.402;2.784473;-2.5;;
9.422;2.719803;-2.5;;
9.423;2.718803;-2.5;;
9.424;2.718368;-2.5;;
9.424;2.718341;-2.5;;
9.444;2.652312;-2.5;;
9.445;2.651642;-2.5;;
9.446;2.651534;-2.5;;
9.446;2.651521;-2.5;;
9.466;2.617906;-2.5;;
9.467;2.617362;-2.5;;
9.468;2.617059;-2.5;;
9.468;2.617059;-2.5;;
9.489;2.516672;-2.5;;
9.49;2.516672;-2.5;;
9.491;2.516672;-2.5;;
9.491;2.516672;-2.5;;
9.512;2.451145;-2.5;;
9.512;2.450733;-2.5;;
9.513;2.450417;-2.5;;
9.514;2.45037;-2.5;;
9.522049;;;0.39616025527037;-0.188772500024141
9.512;2.451145;-2.5;;
9.512;2.450733;-2.5;;
9.513;2.450417;-2.5;;
9.514;2.45037;-2.5;;
9.533;2.41725;-2.5;;
9.533;2.417;-2.5;;
9.534;2.41681;-2.5;;
9.535;2.41681;-2.5;;
9.555;2.327576;-2.5;;
9.556;2.316166;-2.5;;
9.557;2.312948;-2.5;;
9.558;2.312948;-2.5;;
9.577;2.281604;-2.5;;
9.578;2.256174;-2.5;;
9.578;2.251854;-2.5;;
9.579;2.24995;-2.5;;
9.599;2.2161;-2.5;;
9.6;2.190982;-2.5;;
9.601;2.182965;-2.5;;
9.602;2.18163;-2.5;;
9.621;2.149045;-2.5;;
9.622;2.14874;-2.5;;
9.623;2.148631;-2.5;;
9.624;2.148613;-2.5;;
9.643;2.063863;-2.5;;
9.644;2.062955;-2.5;;
9.645;2.051043;-2.5;;
9.646;2.04915;-2.5;;
9.665;2.014854;-2.5;;
9.667;1.986511;-2.5;;
9.668;1.980683;-2.5;;
9.689;1.913658;-2.5;;
9.691;1.913658;-2.5;;
9.692;1.913658;-2.5;;
9.693;1.913658;-2.5;;
9.693;1.913658;-2.5;;
9.712;1.881223;-2.5;;
9.712;1.877783;-2.5;;
9.713;1.852338;-2.5;;
9.714;1.848619;-2.5;;
9.733;1.813333;-2.5;;
9.734;1.812969;-2.5;;
9.735;1.787331;-2.5;;
9.735;1.78292;-2.5;;
9.755;1.745677;-2.5;;
9.756;1.717813;-2.5;;
9.757;1.713954;-2.5;;
9.757;1.713296;-2.5;;
9.777;1.679902;-2.5;;
9.778;1.679553;-2.5;;
9.779;1.679502;-2.5;;
9.799;1.596057;-2.5;;
9.8;1.595012;-2.5;;
9.801;1.595012;-2.5;;
9.801;1.579231;-2.5;;
9.802;1.579231;-2.5;;
9.8128256;;;0.498697574197275;-0.0169049814687871
9.821;1.545938;-2.5;;
9.822;1.545622;-2.5;;
9.842;1.478652;-2.5;;
9.843;1.47805;-2.5;;
9.844;1.477883;-2.5;;
9.844;1.477858;-2.5;;
9.845;1.47783;-2.5;;
9.845;1.477826;-2.5;;
9.864;1.41172;-2.5;;
9.864;1.411312;-2.5;;
9.885;1.345194;-2.5;;
9.886;1.344606;-2.5;;
9.887;1.344415;-2.5;;
9.887;1.344415;-2.5;;
9.906;1.278266;-2.5;;
9.907;1.277607;-2.5;;
9.908;1.277407;-2.5;;
9.909;1.277407;-2.5;;
9.928;1.211216;-2.5;;
9.936;1.210363;-2.5;;
9.937;1.210343;-2.5;;
9.938;1.210338;-2.5;;
9.95;1.122784;-2.5;;
9.95;1.121608;-2.5;;
9.951;1.121084;-2.5;;
9.97;1.077014;-2.5;;
9.971;1.076561;-2.5;;
9.972;1.07647;-2.5;;
9.973;1.076455;-2.5;;
9.992;1.010153;-2.5;;
9.993;1.009552;-2.5;;
9.993;1.009281;-2.5;;
9.994;1.009281;-2.5;;
10.014;0.9430802;-2.5;;
10.015;0.9424791;-2.5;;
10.015;0.9424014;-2.5;;
10.016;0.9422824;-2.5;;
10.035;0.909366;-2.5;;
10.036;0.881331;-2.5;;
10.037;0.8753439;-2.5;;
10.038;0.8753439;-2.5;;
10.057;0.8417119;-2.5;;
10.058;0.8413377;-2.5;;
10.059;0.8160539;-2.5;;
10.078;0.7746091;-2.5;;
10.08;0.7742032;-2.5;;
10.08;0.7718191;-2.5;;
10.081;0.7462261;-2.5;;
10.082;0.7424574;-2.5;;
10.103;0.6679531;-2.5;;
10.104;0.6646125;-2.5;;
10.1146329;;;0.49813366886127;0.231665018144455
10.122;0.6408785;-2.5;;
10.123;0.6406038;-2.5;;
10.124;0.6405654;-2.5;;
10.124;0.6405588;-2.5;;
10.125;0.6405554;-2.5;;
10.144;0.5733984;-2.5;;
10.145;0.5726937;-2.5;;
10.145;0.5725746;-2.5;;
10.166;0.5072655;-2.5;;
10.166;0.5072089;-2.5;;
10.167;0.5064677;-2.5;;
10.168;0.5064677;-2.5;;
10.187;0.4394581;-2.5;;
10.187;0.4392492;-2.5;;
10.188;0.4386848;-2.5;;
10.189;0.4385931;-2.5;;
10.208;0.3737681;-2.5;;
10.209;0.3729179;-2.5;;
10.209;0.3729179;-2.5;;
10.21;0.3729179;-2.5;;
10.229;0.306373;-2.5;;
10.23;0.3057354;-2.5;;
10.23;0.3055034;-2.5;;
10.231;0.3055034;-2.5;;
10.251;0.272277;-2.5;;
10.251;0.2720677;-2.5;;
10.252;0.2718903;-2.5;;
10.253;0.2718637;-2.5;;
10.273;0.1740838;-2.5;;
10.273;0.1738358;-2.5;;
10.274;0.1719405;-2.5;;
10.275;0.1716356;-2.5;;
10.295;0.105099;-2.5;;
10.296;0.1044474;-2.5;;
10.296;0.1043352;-2.5;;
10.317;0.03824596;-2.5;;
10.317;0.03774848;-2.5;;
10.318;0.03749822;-2.5;;
10.319;0.03746357;-2.5;;
10.319;0.03745767;-2.5;;
10.347;-0.03002237;-2.5;;
10.348;-0.03002237;-2.5;;
10.349;-0.03002237;-2.5;;
10.349;-0.03002237;-2.5;;
10.36;-0.1012753;-2.5;;
10.361;-0.1025792;-2.5;;
10.362;-0.102794;-2.5;;
10.362;-0.1028085;-2.5;;
10.383;-0.1629988;-2.5;;
10.384;-0.1635152;-2.5;;
10.384;-0.1637308;-2.5;;
10.405;-0.1971962;-2.5;;
10.406;-0.1971962;-2.5;;
10.407;-0.1971962;-2.5;;
10.408;-0.1971962;-2.5;;
10.408;-0.1971962;-2.5;;
10.410923;;;0.498018100326274;0.472752399663797
10.405;-0.1971962;-2.5;;
10.406;-0.1971962;-2.5;;
10.407;-0.1971962;-2.5;;
10.408;-0.1971962;-2.5;;
10.408;-0.1971962;-2.5;;
10.427;-0.3150831;-2.5;;
10.428;-0.3170836;-2.5;;
10.429;-0.3179425;-2.5;;
10.45;-0.3644468;-2.5;;
10.451;-0.3649045;-2.5;;
10.452;-0.3649723;-2.5;;
10.453;-0.364994;-2.5;;
10.454;-0.364994;-2.5;;
10.472;-0.4307433;-2.5;;
10.473;-0.4315004;-2.5;;
10.474;-0.431642;-2.5;;
10.475;-0.431642;-2.5;;
10.496;-0.4971243;-2.5;;
10.496;-0.4974923;-2.5;;
10.497;-0.4983439;-2.5;;
10.517;-0.565399;-2.5;;
10.518;-0.5662204;-2.5;;
10.519;-0.5662204;-2.5;;
10.52;-0.5662204;-2.5;;
10.52;-0.5662204;-2.5;;
10.54;-0.6322393;-2.5;;
10.541;-0.6327398;-2.5;;
10.542;-0.6329373;-2.5;;
10.562;-0.6660729;-2.5;;
10.563;-0.6665823;-2.5;;
10.564;-0.6668904;-2.5;;
10.564;-0.6668904;-2.5;;
10.584;-0.7668613;-2.5;;
10.585;-0.7668613;-2.5;;
10.585;-0.7668613;-2.5;;
10.586;-0.7668613;-2.5;;
10.607;-0.8322728;-2.5;;
10.608;-0.8332974;-2.5;;
10.609;-0.8336959;-2.5;;
10.609;-0.8337595;-2.5;;
10.629;-0.9003243;-2.5;;
10.63;-0.9009437;-2.5;;
10.63;-0.9010478;-2.5;;
10.631;-0.9011235;-2.5;;
10.632;-0.9011423;-2.5;;
10.651;-0.9670029;-2.5;;
10.652;-0.9678578;-2.5;;
10.653;-0.9678578;-2.5;;
10.653;-0.9678578;-2.5;;
10.673;-1.03405;-2.5;;
10.674;-1.034865;-2.5;;
10.675;-1.034865;-2.5;;
10.695;-1.102366;-2.5;;
10.696;-1.103019;-2.5;;
10.697;-1.103157;-2.5;;
10.697;-1.103181;-2.5;;
10.698;-1.103194;-2.5;;
10.7062119;;;0.497261506370513;0.498027712438833
10.719;-1.135844;-2.5;;
10.72;-1.135844;-2.5;;
10.742;-1.236028;-2.5;;
10.743;-1.239444;-2.5;;
10.744;-1.239444;-2.5;;
10.745;-1.239444;-2.5;;
10.745;-1.239444;-2.5;;
10.746;-1.239444;-2.5;;
10.765;-1.302192;-2.5;;
10.766;-1.302778;-2.5;;
10.766;-1.302856;-2.5;;
10.767;-1.303015;-2.5;;
10.786;-1.36995;-2.5;;
10.787;-1.36995;-2.5;;
10.788;-1.36995;-2.5;;
10.788;-1.36995;-2.5;;
10.808;-1.436543;-2.5;;
10.809;-1.437367;-2.5;;
10.81;-1.437367;-2.5;;
10.81;-1.437367;-2.5;;
10.83;-1.50312;-2.5;;
10.831;-1.503738;-2.5;;
10.852;-1.571065;-2.5;;
10.853;-1.571874;-2.5;;
10.853;-1.571874;-2.5;;
10.854;-1.571874;-2.5;;
10.855;-1.571874;-2.5;;
10.855;-1.571874;-2.5;;
10.874;-1.604007;-2.5;;
10.875;-1.604341;-2.5;;
10.896;-1.703559;-2.5;;
10.897;-1.704716;-2.5;;
10.898;-1.704716;-2.5;;
10.899;-1.704716;-2.5;;
10.899;-1.704716;-2.5;;
10.919;-1.772385;-2.5;;
10.92;-1.772385;-2.5;;
10.921;-1.772385;-2.5;;
10.921;-1.772385;-2.5;;
10.941;-1.838315;-2.5;;
10.942;-1.838985;-2.5;;
10.943;-1.83911;-2.5;;
10.965;-1.905661;-2.5;;
10.965;-1.905953;-2.5;;
10.966;-1.90643;-2.5;;
10.967;-1.90643;-2.5;;
10.967;-1.90643;-2.5;;
10.968;-1.90643;-2.5;;
10.987;-1.973451;-2.5;;
10.988;-1.973451;-2.5;;
11.009;-2.040962;-2.5;;
11.0085194;;;0.494243564026736;0.496914209896198
11.009;-2.040962;-2.5;;
11.009;-2.040962;-2.5;;
11.01;-2.040962;-2.5;;
11.01;-2.040962;-2.5;;
11.011;-2.040962;-2.5;;
11.031;-2.075488;-2.5;;
11.032;-2.075488;-2.5;;
11.032;-2.075488;-2.5;;
11.033;-2.075488;-2.5;;
11.053;-2.171722;-2.5;;
11.054;-2.173101;-2.5;;
11.055;-2.173707;-2.5;;
11.076;-2.240083;-2.5;;
11.077;-2.241354;-2.5;;
11.077;-2.24157;-2.5;;
11.078;-2.241664;-2.5;;
11.078;-2.24168;-2.5;;
11.079;-2.241688;-2.5;;
11.099;-2.307492;-2.5;;
11.1;-2.308153;-2.5;;
11.122;-2.374481;-2.5;;
11.122;-2.374655;-2.5;;
11.123;-2.375139;-2.5;;
11.124;-2.375252;-2.5;;
11.124;-2.375252;-2.5;;
11.165;-2.511837;-2.5;;
11.166;-2.511837;-2.5;;
11.167;-2.511837;-2.5;;
11.168;-2.511837;-2.5;;
11.168;-2.511837;-2.5;;
11.169;-2.511837;-2.5;;
11.169;-2.511837;-2.5;;
11.188;-2.54317;-2.5;;
11.189;-2.54317;-2.5;;
11.189;-2.54317;-2.5;;
11.19;-2.54317;-2.5;;
11.191;-2.54317;-2.5;;
11.209;-2.641779;-2.5;;
11.21;-2.642912;-2.5;;
11.211;-2.643129;-2.5;;
11.232;-2.710062;-2.5;;
11.232;-2.710062;-2.5;;
11.233;-2.710062;-2.5;;
11.233;-2.710062;-2.5;;
11.254;-2.772774;-2.5;;
11.256;-2.777337;-2.5;;
11.257;-2.777337;-2.5;;
11.277;-2.843504;-2.5;;
11.278;-2.844166;-2.5;;
11.278;-2.844277;-2.5;;
11.299;-2.910997;-2.5;;
11.299;-2.911124;-2.5;;
11.3;-2.911678;-2.5;;
11.3093228;;;-0.477875948350439;0.252911805593271
11.323;-2.978186;-2.5;;
11.324;-2.978708;-2.5;;
11.324;-2.978775;-2.5;;
11.325;-2.978923;-2.5;;
11.325;-2.978923;-2.5;;
11.344;-3.01134;-2.5;;
11.345;-3.011689;-2.5;;
11.346;-3.011744;-2.5;;
11.365;-2.934299;-2.5;;
11.366;-2.933461;-2.5;;
11.367;-2.933289;-2.5;;
11.387;-2.8676;-2.5;;
11.388;-2.866493;-2.5;;
11.389;-2.86613;-2.5;;
11.39;-2.865955;-2.5;;
11.409;-2.832696;-2.5;;
11.41;-2.803876;-2.5;;
11.411;-2.798497;-2.5;;
11.412;-2.798497;-2.5;;
11.431;-2.766185;-2.5;;
11.432;-2.742008;-2.5;;
11.433;-2.73307;-2.5;;
11.434;-2.731821;-2.5;;
11.454;-2.66538;-2.5;;
11.455;-2.664685;-2.5;;
11.456;-2.664591;-2.5;;
11.456;-2.664575;-2.5;;
11.457;-2.664568;-2.5;;
11.477;-2.59858;-2.5;;
11.478;-2.597916;-2.5;;
11.479;-2.597806;-2.5;;
11.498;-2.564644;-2.5;;
11.499;-2.564365;-2.5;;
11.5;-2.564247;-2.5;;
11.5;-2.564234;-2.5;;
11.52;-2.479472;-2.5;;
11.521;-2.478585;-2.5;;
11.522;-2.464258;-2.5;;
11.523;-2.464258;-2.5;;
11.541;-2.430475;-2.5;;
11.541;-2.430268;-2.5;;
11.542;-2.430069;-2.5;;
11.551;-2.397749;-2.5;;
11.562;-2.364298;-2.5;;
11.562;-2.36391;-2.5;;
11.563;-2.363617;-2.5;;
11.563;-2.363568;-2.5;;
11.583;-2.297205;-2.5;;
11.583;-2.296744;-2.5;;
11.584;-2.296365;-2.5;;
11.585;-2.296365;-2.5;;
11.604;-2.230291;-2.5;;
11.604;-2.229773;-2.5;;
11.605;-2.229413;-2.5;;
11.606;-2.229413;-2.5;;
11.6106278;;;0.495022690148801;0.252162953048903
11.604;-2.230291;-2.5;;
11.604;-2.229773;-2.5;;
11.605;-2.229413;-2.5;;
11.606;-2.229413;-2.5;;
11.625;-2.163435;-2.5;;
11.626;-2.162766;-2.5;;
11.627;-2.162583;-2.5;;
11.648;-2.095272;-2.5;;
11.648;-2.095272;-2.5;;
11.649;-2.095272;-2.5;;
11.65;-2.095272;-2.5;;
11.651;-2.095272;-2.5;;
11.67;-2.011503;-2.5;;
11.671;-2.01073;-2.5;;
11.692;-1.961665;-2.5;;
11.693;-1.961254;-2.5;;
11.694;-1.961132;-2.5;;
11.694;-1.961118;-2.5;;
11.695;-1.961092;-2.5;;
11.695;-1.961089;-2.5;;
11.714;-1.894632;-2.5;;
11.715;-1.893917;-2.5;;
11.736;-1.828793;-2.5;;
11.736;-1.828431;-2.5;;
11.737;-1.828077;-2.5;;
11.738;-1.828023;-2.5;;
11.738;-1.828004;-2.5;;
11.759;-1.760273;-2.5;;
11.76;-1.760273;-2.5;;
11.76;-1.760273;-2.5;;
11.761;-1.760273;-2.5;;
11.781;-1.693173;-2.5;;
11.781;-1.693173;-2.5;;
11.782;-1.693173;-2.5;;
11.803;-1.627574;-2.5;;
11.804;-1.6267;-2.5;;
11.805;-1.626167;-2.5;;
11.805;-1.626075;-2.5;;
11.806;-1.62603;-2.5;;
11.824;-1.543459;-2.5;;
11.825;-1.542503;-2.5;;
11.826;-1.542372;-2.5;;
11.846;-1.493663;-2.5;;
11.847;-1.492919;-2.5;;
11.848;-1.492427;-2.5;;
11.848;-1.492427;-2.5;;
11.849;-1.492427;-2.5;;
11.872;-1.425653;-2.5;;
11.873;-1.425136;-2.5;;
11.873;-1.425082;-2.5;;
11.891;-1.359166;-2.5;;
11.891;-1.358851;-2.5;;
11.892;-1.358342;-2.5;;
11.893;-1.358261;-2.5;;
11.9124338;;;0.492701552822702;0.25102296466195
11.933;-1.258255;-2.5;;
11.934;-1.25779;-2.5;;
11.935;-1.232044;-2.5;;
11.935;-1.227757;-2.5;;
11.936;-1.224096;-2.5;;
11.938;-1.223434;-2.5;;
11.955;-1.190431;-2.5;;
11.964;-1.157892;-2.5;;
11.965;-1.157156;-2.5;;
11.966;-1.157049;-2.5;;
11.977;-1.102071;-2.5;;
11.977;-1.101325;-2.5;;
11.978;-1.100883;-2.5;;
11.979;-1.10082;-2.5;;
11.998;-1.052484;-2.5;;
11.998;-1.052085;-2.5;;
11.999;-1.051843;-2.5;;
12;-1.051843;-2.5;;
12.019;-0.9908448;-2.5;;
12.019;-0.9903191;-2.5;;
12.02;-0.9900383;-2.5;;
12.021;-0.9900383;-2.5;;
12.041;-0.9227135;-2.5;;
12.042;-0.9221271;-2.5;;
12.042;-0.9218489;-2.5;;
12.043;-0.9218489;-2.5;;
12.063;-0.8556167;-2.5;;
12.064;-0.8550224;-2.5;;
12.064;-0.8549561;-2.5;;
12.065;-0.8548245;-2.5;;
12.085;-0.789379;-2.5;;
12.085;-0.7890725;-2.5;;
12.086;-0.7886918;-2.5;;
12.086;-0.7885444;-2.5;;
12.106;-0.7229846;-2.5;;
12.106;-0.7222031;-2.5;;
12.127;-0.6549889;-2.5;;
12.128;-0.6543929;-2.5;;
12.129;-0.6542448;-2.5;;
12.129;-0.6542198;-2.5;;
12.131;-0.654196;-2.5;;
12.15;-0.5704244;-2.5;;
12.15;-0.5704244;-2.5;;
12.151;-0.5704244;-2.5;;
12.172;-0.5210825;-2.5;;
12.173;-0.5206218;-2.5;;
12.174;-0.5205197;-2.5;;
12.174;-0.5205021;-2.5;;
12.194;-0.4535431;-2.5;;
12.195;-0.452722;-2.5;;
12.196;-0.452722;-2.5;;
12.196;-0.452722;-2.5;;
12.197;-0.452722;-2.5;;
12.197;-0.452722;-2.5;;
12.21424;;;0.481915360686734;0.24794091382695
12.216;-0.3877488;-2.5;;
12.217;-0.3867363;-2.5;;
12.237;-0.3211774;-2.5;;
12.238;-0.3198696;-2.5;;
12.239;-0.3196553;-2.5;;
12.24;-0.3195886;-2.5;;
12.259;-0.2538229;-2.5;;
12.26;-0.2527173;-2.5;;
12.26;-0.2524473;-2.5;;
12.262;-0.2521715;-2.5;;
12.283;-0.1875263;-2.5;;
12.284;-0.185588;-2.5;;
12.285;-0.1852865;-2.5;;
12.286;-0.185205;-2.5;;
12.306;-0.1022155;-2.5;;
12.307;-0.1013601;-2.5;;
12.308;-0.1012162;-2.5;;
12.309;-0.1011945;-2.5;;
12.33;-0.0522821;-2.5;;
12.33;-0.05217046;-2.5;;
12.331;-0.05100567;-2.5;;
12.332;-0.05007426;-2.5;;
12.351;0.01487766;-2.5;;
12.352;0.01571959;-2.5;;
12.353;0.01571959;-2.5;;
12.361;0.01571959;-2.5;;
12.362;0.04456974;-2.5;;
12.374;0.09158831;-2.5;;
12.374;0.09220643;-2.5;;
12.375;0.09257772;-2.5;;
12.396;0.1496426;-2.5;;
12.397;0.1496426;-2.5;;
12.398;0.1496426;-2.5;;
12.398;0.1496426;-2.5;;
12.419;0.216002;-2.5;;
12.419;0.216297;-2.5;;
12.42;0.2168111;-2.5;;
12.421;0.2168111;-2.5;;
12.422;0.2168111;-2.5;;
12.441;0.2811973;-2.5;;
12.441;0.2814903;-2.5;;
12.443;0.2834888;-2.5;;
12.463;0.3661314;-2.5;;
12.464;0.3668938;-2.5;;
12.464;0.3670063;-2.5;;
12.465;0.3671848;-2.5;;
12.484;0.4179892;-2.5;;
12.484;0.4179892;-2.5;;
12.485;0.4179892;-2.5;;
12.486;0.4179892;-2.5;;
12.505;0.4837818;-2.5;;
12.506;0.4846372;-2.5;;
12.507;0.4846372;-2.5;;
12.508;0.4846372;-2.5;;
12.5155444;;;0.498292871606856;0.491983118816273
12.527;0.5503552;-2.5;;
12.529;0.5516649;-2.5;;
12.53;0.5519846;-2.5;;
12.531;0.5520586;-2.5;;
12.55;0.6182154;-2.5;;
12.551;0.6190937;-2.5;;
12.552;0.6190937;-2.5;;
12.552;0.6190937;-2.5;;
12.572;0.6850811;-2.5;;
12.572;0.6856123;-2.5;;
12.573;0.6858481;-2.5;;
12.574;0.6858974;-2.5;;
12.594;0.7190145;-2.5;;
12.594;0.7196068;-2.5;;
12.595;0.7463157;-2.5;;
12.596;0.7529654;-2.5;;
12.615;0.787231;-2.5;;
12.616;0.787231;-2.5;;
12.617;0.8367125;-2.5;;
12.617;0.8367125;-2.5;;
12.637;0.853399;-2.5;;
12.638;0.853551;-2.5;;
12.639;0.8774967;-2.5;;
12.639;0.8806878;-2.5;;
12.658;0.920417;-2.5;;
12.659;0.920796;-2.5;;
12.659;0.9208543;-2.5;;
12.66;0.9209365;-2.5;;
12.679;0.9874902;-2.5;;
12.68;0.9874902;-2.5;;
12.68;0.9874902;-2.5;;
12.681;0.9874902;-2.5;;
12.701;1.054446;-2.5;;
12.701;1.054446;-2.5;;
12.702;1.054446;-2.5;;
12.702;1.054446;-2.5;;
12.722;1.121557;-2.5;;
12.723;1.121557;-2.5;;
12.743;1.18834;-2.5;;
12.743;1.18834;-2.5;;
12.744;1.18834;-2.5;;
12.744;1.18834;-2.5;;
12.745;1.18834;-2.5;;
12.764;1.221827;-2.5;;
12.786;1.341489;-2.5;;
12.786;1.341578;-2.5;;
12.788;1.342698;-2.5;;
12.788;1.342713;-2.5;;
12.789;1.342828;-2.5;;
12.79;1.342883;-2.5;;
12.808;1.389636;-2.5;;
12.809;1.389636;-2.5;;
12.81;1.389636;-2.5;;
12.811;1.389636;-2.5;;
12.8168496;;;0.497080655423001;0.492497610134823
12.811;1.389636;-2.5;;
12.83;1.456334;-2.5;;
12.831;1.456334;-2.5;;
12.832;1.456334;-2.5;;
12.832;1.456334;-2.5;;
12.851;1.523595;-2.5;;
12.852;1.523595;-2.5;;
12.853;1.523595;-2.5;;
12.853;1.523595;-2.5;;
12.873;1.589921;-2.5;;
12.874;1.590605;-2.5;;
12.875;1.590708;-2.5;;
12.876;1.590742;-2.5;;
12.895;1.624242;-2.5;;
12.896;1.649699;-2.5;;
12.896;1.654062;-2.5;;
12.897;1.657574;-2.5;;
12.917;1.691385;-2.5;;
12.917;1.691385;-2.5;;
12.918;1.691385;-2.5;;
12.919;1.691385;-2.5;;
12.938;1.777765;-2.5;;
12.939;1.777765;-2.5;;
12.94;1.777765;-2.5;;
12.96;1.825975;-2.5;;
12.96;1.825975;-2.5;;
12.96;1.825975;-2.5;;
12.961;1.825975;-2.5;;
12.981;1.891643;-2.5;;
12.981;1.891753;-2.5;;
12.982;1.892253;-2.5;;
12.982;1.892286;-2.5;;
13.002;1.958141;-2.5;;
13.003;1.958735;-2.5;;
13.003;1.958804;-2.5;;
13.023;2.026065;-2.5;;
13.024;2.026669;-2.5;;
13.024;2.026757;-2.5;;
13.025;2.026901;-2.5;;
13.044;2.093675;-2.5;;
13.045;2.093675;-2.5;;
13.046;2.093675;-2.5;;
13.066;2.15909;-2.5;;
13.066;2.159517;-2.5;;
13.067;2.159853;-2.5;;
13.068;2.159903;-2.5;;
13.088;2.245182;-2.5;;
13.089;2.24599;-2.5;;
13.09;2.246235;-2.5;;
13.091;2.246235;-2.5;;
13.109;2.293597;-2.5;;
13.109;2.293998;-2.5;;
13.11;2.294261;-2.5;;
13.1186553;;;0.497480060843557;0.493692237140037
13.13;2.327808;-2.5;;
13.13;2.349068;-2.5;;
13.131;2.358688;-2.5;;
13.132;2.360717;-2.5;;
13.151;2.395694;-2.5;;
13.152;2.423896;-2.5;;
13.153;2.427943;-2.5;;
13.175;2.462581;-2.5;;
13.175;2.470356;-2.5;;
13.176;2.494228;-2.5;;
13.177;2.504953;-2.5;;
13.196;2.52982;-2.5;;
13.197;2.52982;-2.5;;
13.197;2.539959;-2.5;;
13.198;2.555621;-2.5;;
13.217;2.596785;-2.5;;
13.218;2.596785;-2.5;;
13.219;2.596785;-2.5;;
13.238;2.662933;-2.5;;
13.239;2.663574;-2.5;;
13.239;2.66368;-2.5;;
13.26;2.72921;-2.5;;
13.26;2.729629;-2.5;;
13.261;2.72991;-2.5;;
13.261;2.729958;-2.5;;
13.262;2.73;-2.5;;
13.281;2.797002;-2.5;;
13.282;2.797002;-2.5;;
13.303;2.863773;-2.5;;
13.303;2.863773;-2.5;;
13.304;2.863773;-2.5;;
13.304;2.863773;-2.5;;
13.324;2.929891;-2.5;;
13.325;2.931051;-2.5;;
13.326;2.931333;-2.5;;
13.327;2.931491;-2.5;;
13.346;2.997482;-2.5;;
13.347;2.998351;-2.5;;
13.348;2.998351;-2.5;;
13.348;2.998351;-2.5;;
13.369;3;-2.5;;
13.37;3;-2.5;;
13.37;3;-2.5;;
13.371;3;-2.5;;
13.39;2.96722;-2.5;;
13.391;2.966905;-2.5;;
13.392;2.966832;-2.5;;
13.393;2.938853;-2.5;;
13.413;2.867076;-2.5;;
13.413;2.86668;-2.5;;
13.414;2.8663;-2.5;;
13.415;2.866199;-2.5;;
13.4204613;;;0.482008904744627;0.49371562315451
13.413;2.867076;-2.5;;
13.413;2.86668;-2.5;;
13.414;2.8663;-2.5;;
13.415;2.866199;-2.5;;
13.434;2.7996;-2.5;;
13.434;2.799157;-2.5;;
13.435;2.798784;-2.5;;
13.436;2.798728;-2.5;;
13.455;2.732638;-2.5;;
13.456;2.73178;-2.5;;
13.457;2.73178;-2.5;;
13.457;2.73178;-2.5;;
13.477;2.665888;-2.5;;
13.478;2.665056;-2.5;;
13.478;2.665056;-2.5;;
13.479;2.665056;-2.5;;
13.499;2.598343;-2.5;;
13.499;2.597817;-2.5;;
13.5;2.597571;-2.5;;
13.501;2.597505;-2.5;;
13.577;2.397153;-2.5;;
13.578;2.372223;-2.5;;
13.579;2.364119;-2.5;;
13.58;2.362332;-2.5;;
13.581;2.362332;-2.5;;
13.581;2.362332;-2.5;;
13.582;2.362332;-2.5;;
13.583;2.362332;-2.5;;
13.59;2.330663;-2.5;;
13.592;2.328889;-2.5;;
13.594;2.32857;-2.5;;
13.594;2.32855;-2.5;;
13.595;2.328522;-2.5;;
13.6;2.289489;-2.5;;
13.601;2.288105;-2.5;;
13.602;2.287737;-2.5;;
13.602;2.287679;-2.5;;
13.622;2.229639;-2.5;;
13.623;2.229086;-2.5;;
13.623;2.228993;-2.5;;
13.624;2.228902;-2.5;;
13.644;2.16226;-2.5;;
13.645;2.16226;-2.5;;
13.646;2.16226;-2.5;;
13.646;2.16226;-2.5;;
13.666;2.129116;-2.5;;
13.666;2.12162;-2.5;;
13.667;2.102647;-2.5;;
13.668;2.096138;-2.5;;
13.687;2.061312;-2.5;;
13.688;2.060948;-2.5;;
13.688;2.060886;-2.5;;
13.689;2.033051;-2.5;;
13.71;1.993436;-2.5;;
13.711;1.964357;-2.5;;
13.711;1.957816;-2.5;;
13.713;1.946887;-2.5;;
13.7222875;;;-0.493705544773023;0.245716019059541
13.733;1.893816;-2.5;;
13.734;1.893279;-2.5;;
13.735;1.893192;-2.5;;
13.735;1.893153;-2.5;;
13.755;1.829265;-2.5;;
13.756;1.827833;-2.5;;
13.757;1.827051;-2.5;;
13.758;1.826927;-2.5;;
13.778;1.792916;-2.5;;
13.779;1.768842;-2.5;;
13.78;1.762399;-2.5;;
13.8;1.693454;-2.5;;
13.801;1.692815;-2.5;;
13.801;1.692601;-2.5;;
13.802;1.692601;-2.5;;
13.803;1.692601;-2.5;;
13.822;1.660026;-2.5;;
13.823;1.637253;-2.5;;
13.824;1.626447;-2.5;;
13.825;1.626447;-2.5;;
13.845;1.59161;-2.5;;
13.845;1.585356;-2.5;;
13.846;1.57041;-2.5;;
13.847;1.560987;-2.5;;
13.866;1.525066;-2.5;;
13.867;1.524691;-2.5;;
13.867;1.492228;-2.5;;
13.868;1.477148;-2.5;;
13.887;1.457831;-2.5;;
13.888;1.457618;-2.5;;
13.889;1.45759;-2.5;;
13.89;1.424121;-2.5;;
13.91;1.390545;-2.5;;
13.91;1.390545;-2.5;;
13.93;1.324972;-2.5;;
13.931;1.324396;-2.5;;
13.931;1.324154;-2.5;;
13.932;1.324154;-2.5;;
13.933;1.324154;-2.5;;
13.933;1.324154;-2.5;;
13.952;1.25792;-2.5;;
13.953;1.257277;-2.5;;
13.973;1.191284;-2.5;;
13.974;1.190679;-2.5;;
13.974;1.190465;-2.5;;
13.975;1.190465;-2.5;;
13.994;1.10618;-2.5;;
13.995;1.105353;-2.5;;
13.996;1.105149;-2.5;;
13.996;1.105115;-2.5;;
14.016;1.089897;-2.5;;
14.016;1.089789;-2.5;;
14.017;1.089705;-2.5;;
14.018;1.056068;-2.5;;
14.0235919;;;-0.498126703999243;-0.00308582079602056
14.037;0.9901426;-2.5;;
14.037;0.9896157;-2.5;;
14.038;0.9893205;-2.5;;
14.039;0.9892789;-2.5;;
14.058;0.9222314;-2.5;;
14.059;0.9214944;-2.5;;
14.06;0.9213929;-2.5;;
14.06;0.9213756;-2.5;;
14.08;0.8559908;-2.5;;
14.08;0.8554472;-2.5;;
14.081;0.8552111;-2.5;;
14.082;0.8551794;-2.5;;
14.103;0.788754;-2.5;;
14.104;0.7881955;-2.5;;
14.104;0.7881489;-2.5;;
14.105;0.7879826;-2.5;;
14.125;0.7218938;-2.5;;
14.126;0.7212935;-2.5;;
14.147;0.6548436;-2.5;;
14.148;0.6542698;-2.5;;
14.149;0.6541139;-2.5;;
14.149;0.65409;-2.5;;
14.15;0.6540561;-2.5;;
14.15;0.6540561;-2.5;;
14.169;0.6205432;-2.5;;
14.17;0.6205432;-2.5;;
14.17;0.6205432;-2.5;;
14.171;0.6205432;-2.5;;
14.192;0.5216465;-2.5;;
14.193;0.5204542;-2.5;;
14.214;0.4547546;-2.5;;
14.214;0.4544874;-2.5;;
14.215;0.4531555;-2.5;;
14.216;0.4531555;-2.5;;
14.216;0.4531555;-2.5;;
14.217;0.4531555;-2.5;;
14.235;0.4199932;-2.5;;
14.236;0.3934514;-2.5;;
14.237;0.3877157;-2.5;;
14.237;0.3867352;-2.5;;
14.256;0.3525307;-2.5;;
14.258;0.35209;-2.5;;
14.258;0.3418956;-2.5;;
14.278;0.286701;-2.5;;
14.279;0.2857211;-2.5;;
14.281;0.2592894;-2.5;;
14.301;0.2189081;-2.5;;
14.302;0.2180786;-2.5;;
14.303;0.1910798;-2.5;;
14.304;0.1867161;-2.5;;
14.324;0.1510153;-2.5;;
14.325;0.1506505;-2.5;;
14.326;0.1505851;-2.5;;
14.327;0.1505748;-2.5;;
14.327;0.1505733;-2.5;;
14.328;0.1505709;-2.5;;
14.3314139;;;0.47791140565013;-0.00797798459437732
14.328;0.1505709;-2.5;;
14.347;0.06548701;-2.5;;
14.348;0.03577343;-2.5;;
14.348;0.03577343;-2.5;;
14.368;0.01727013;-2.5;;
14.37;0.0170695;-2.5;;
14.374;0.0003694333;-2.5;;
14.379;-0.01626116;-2.5;;
14.391;-0.05027538;-2.5;;
14.391;-0.05027538;-2.5;;
14.392;-0.07645387;-2.5;;
14.393;-0.08298219;-2.5;;
14.412;-0.1161287;-2.5;;
14.414;-0.1404701;-2.5;;
14.415;-0.1486949;-2.5;;
14.435;-0.1832445;-2.5;;
14.436;-0.1834964;-2.5;;
14.437;-0.2102519;-2.5;;
14.437;-0.2147952;-2.5;;
14.438;-0.2168106;-2.5;;
14.439;-0.2173434;-2.5;;
14.456;-0.2510174;-2.5;;
14.457;-0.2510174;-2.5;;
14.477;-0.3184485;-2.5;;
14.478;-0.3190294;-2.5;;
14.479;-0.3192104;-2.5;;
14.479;-0.3192258;-2.5;;
14.498;-0.3981442;-2.5;;
14.499;-0.3988783;-2.5;;
14.499;-0.3989713;-2.5;;
14.5;-0.3991415;-2.5;;
14.519;-0.4511926;-2.5;;
14.52;-0.4516875;-2.5;;
14.52;-0.4517624;-2.5;;
14.521;-0.451854;-2.5;;
14.54;-0.5196505;-2.5;;
14.541;-0.5205351;-2.5;;
14.542;-0.5205351;-2.5;;
14.542;-0.5205351;-2.5;;
14.562;-0.58472;-2.5;;
14.563;-0.5855337;-2.5;;
14.564;-0.5855337;-2.5;;
14.564;-0.5855337;-2.5;;
14.583;-0.6521143;-2.5;;
14.584;-0.6529773;-2.5;;
14.585;-0.6529773;-2.5;;
14.585;-0.6529773;-2.5;;
14.605;-0.7200032;-2.5;;
14.606;-0.7200032;-2.5;;
14.607;-0.7200032;-2.5;;
14.607;-0.7200032;-2.5;;
14.627;-0.7532211;-2.5;;
14.6272046;;;0.498344248799017;-0.00389414858077981
14.627;-0.7532211;-2.5;;
14.627;-0.7746481;-2.5;;
14.628;-0.7815695;-2.5;;
14.649;-0.8679814;-2.5;;
14.65;-0.8697578;-2.5;;
14.651;-0.8710737;-2.5;;
14.652;-0.8710737;-2.5;;
14.671;-0.8870198;-2.5;;
14.672;-0.9145716;-2.5;;
14.673;-0.9209966;-2.5;;
14.673;-0.9209966;-2.5;;
14.674;-0.9209966;-2.5;;
14.694;-0.9880723;-2.5;;
14.695;-0.9880723;-2.5;;
14.717;-1.053957;-2.5;;
14.718;-1.054517;-2.5;;
14.718;-1.054606;-2.5;;
14.719;-1.054689;-2.5;;
14.72;-1.054711;-2.5;;
14.72;-1.054714;-2.5;;
14.74;-1.121567;-2.5;;
14.741;-1.122204;-2.5;;
14.741;-1.122311;-2.5;;
14.742;-1.122398;-2.5;;
14.762;-1.188447;-2.5;;
14.764;-1.189065;-2.5;;
14.765;-1.18917;-2.5;;
14.766;-1.18922;-2.5;;
14.794;-1.25555;-2.5;;
14.795;-1.256552;-2.5;;
14.796;-1.256703;-2.5;;
14.797;-1.256725;-2.5;;
14.807;-1.339863;-2.5;;
14.808;-1.34186;-2.5;;
14.809;-1.34186;-2.5;;
14.81;-1.34186;-2.5;;
14.829;-1.389311;-2.5;;
14.83;-1.389811;-2.5;;
14.83;-1.389894;-2.5;;
14.831;-1.389936;-2.5;;
14.851;-1.456951;-2.5;;
14.852;-1.456951;-2.5;;
14.852;-1.456951;-2.5;;
14.853;-1.456951;-2.5;;
14.873;-1.523163;-2.5;;
14.874;-1.523764;-2.5;;
14.875;-1.523938;-2.5;;
14.896;-1.590131;-2.5;;
14.896;-1.590458;-2.5;;
14.897;-1.590934;-2.5;;
14.898;-1.590934;-2.5;;
14.898;-1.590934;-2.5;;
14.918;-1.656969;-2.5;;
14.918;-1.657809;-2.5;;
14.9285091;;;0.49667428510774;0.243700808889411
14.918;-1.656969;-2.5;;
14.918;-1.657809;-2.5;;
14.94;-1.692004;-2.5;;
14.94;-1.518448;-2.5;;
14.941;-1.675455;-2.5;;
14.941;-1.702245;-2.5;;
14.942;-1.719647;-2.5;;
14.961;-1.804345;-2.5;;
14.962;-1.80667;-2.5;;
14.964;-1.808539;-2.5;;
14.985;-1.859153;-2.5;;
14.986;-1.859657;-2.5;;
14.987;-1.859727;-2.5;;
14.988;-1.859742;-2.5;;
14.988;-1.859745;-2.5;;
14.989;-1.859746;-2.5;;
15.007;-1.925283;-2.5;;
15.008;-1.92601;-2.5;;
15.008;-1.926132;-2.5;;
15.009;-1.926184;-2.5;;
15.03;-1.992739;-2.5;;
15.031;-1.993532;-2.5;;
15.052;-2.059973;-2.5;;
15.053;-2.059973;-2.5;;
15.053;-2.059973;-2.5;;
15.054;-2.059973;-2.5;;
15.054;-2.059973;-2.5;;
15.055;-2.059973;-2.5;;
15.074;-2.125814;-2.5;;
15.075;-2.126452;-2.5;;
15.096;-2.193364;-2.5;;
15.097;-2.19402;-2.5;;
15.098;-2.19412;-2.5;;
15.099;-2.194146;-2.5;;
15.099;-2.194155;-2.5;;
15.121;-2.278626;-2.5;;
15.121;-2.278626;-2.5;;
15.122;-2.278626;-2.5;;
15.122;-2.278626;-2.5;;
15.141;-2.327252;-2.5;;
15.142;-2.327955;-2.5;;
15.142;-2.328302;-2.5;;
15.164;-2.394791;-2.5;;
15.165;-2.395385;-2.5;;
15.165;-2.395487;-2.5;;
15.166;-2.395538;-2.5;;
15.167;-2.395549;-2.5;;
15.167;-2.395551;-2.5;;
15.185;-2.461315;-2.5;;
15.186;-2.462076;-2.5;;
15.209;-2.530145;-2.5;;
15.21;-2.530654;-2.5;;
15.230315;;;0.49501488681508;0.491986206592992
15.209;-2.530145;-2.5;;
15.21;-2.530654;-2.5;;
15.231;-2.595481;-2.5;;
15.232;-2.595518;-2.5;;
15.232;-2.595683;-2.5;;
15.233;-2.596272;-2.5;;
15.234;-2.596272;-2.5;;
15.234;-2.596272;-2.5;;
15.253;-2.662219;-2.5;;
15.254;-2.662837;-2.5;;
15.255;-2.663013;-2.5;;
15.255;-2.663037;-2.5;;
15.274;-2.697857;-2.5;;
15.276;-2.738161;-2.5;;
15.277;-2.745814;-2.5;;
15.277;-2.747015;-2.5;;
15.278;-2.748323;-2.5;;
15.296;-2.794159;-2.5;;
15.297;-2.795727;-2.5;;
15.299;-2.797309;-2.5;;
15.32;-2.830864;-2.5;;
15.32;-2.710534;-2.5;;
15.321;-2.827994;-2.5;;
15.321;-2.84813;-2.5;;
15.323;-2.864507;-2.5;;
15.342;-2.932348;-2.5;;
15.343;-2.932348;-2.5;;
15.344;-2.932348;-2.5;;
15.365;-2.998425;-2.5;;
15.366;-2.998425;-2.5;;
15.366;-2.998425;-2.5;;
15.411;-2.932957;-2.5;;
15.413;-2.932333;-2.5;;
15.434;-2.848009;-2.5;;
15.435;-2.847282;-2.5;;
15.435;-2.846984;-2.5;;
15.455;-2.798329;-2.5;;
15.478;-2.731377;-2.5;;
15.499;-2.663935;-2.5;;
15.53162;;;0.108961787244;0.399748801991459
15.478;-2.731377;-2.5;;
15.499;-2.663935;-2.5;;
15.635;-2.261916;-2.5;;
15.658;-2.194749;-2.5;;
15.68;-2.128088;-2.5;;
15.681;-2.128088;-2.5;;
15.682;-2.128088;-2.5;;
15.702;-2.061369;-2.5;;
15.724;-1.994186;-2.5;;
15.725;-1.994186;-2.5;;
15.726;-1.994186;-2.5;;
15.768;-1.861125;-2.5;;
15.8329244;;;-0.0672937546611861;0.258339301126409
15.835;-1.659097;-2.5;;
15.836;-1.658475;-2.5;;
15.856;-1.592576;-2.5;;
15.878;-1.525928;-2.5;;
15.88;-1.525256;-2.5;;
15.947;-1.324735;-2.5;;
15.969;-1.257544;-2.5;;
16.081;-0.9228635;-2.5;;
16.1342291;;;0.464001633106713;0.250171138126152
16.344;-0.1517256;-2.5;;
16.386;-0.01886882;-2.5;;
16.4365369;;;0.5;0.251417416422382
16.492;0.3170972;-2.5;;
16.622;0.6855063;-2.5;;
16.623;0.6860992;-2.5;;
16.73;1.020962;-2.5;;
16.731;1.021598;-2.5;;
16.7378416;;;0.470576092307465;0.341820992688248
16.73;1.020962;-2.5;;
16.731;1.021598;-2.5;;
16.816;1.288702;-2.5;;
16.837;1.324054;-2.5;;
16.901;1.523572;-2.5;;
16.943;1.657222;-2.5;;
16.944;1.6578;-2.5;;
17.008;1.858401;-2.5;;
17.029;1.92562;-2.5;;
17.029;1.926102;-2.5;;
17.0396478;;;0.488796306367205;0.480843507945346
17.029;1.92562;-2.5;;
17.029;1.926102;-2.5;;
17.051;1.992754;-2.5;;
17.115;2.160353;-2.5;;
17.116;2.160819;-2.5;;
17.136;2.227127;-2.5;;
17.157;2.310333;-2.5;;
17.158;2.311078;-2.5;;
17.178;2.361559;-2.5;;
17.18;2.362106;-2.5;;
17.18;2.362146;-2.5;;
17.199;2.428257;-2.5;;
17.221;2.494977;-2.5;;
17.222;2.495573;-2.5;;
17.242;2.562089;-2.5;;
17.243;2.562784;-2.5;;
17.263;2.629217;-2.5;;
17.264;2.629913;-2.5;;
17.285;2.66348;-2.5;;
17.286;2.690285;-2.5;;
17.306;2.730952;-2.5;;
17.307;2.731365;-2.5;;
17.327;2.797147;-2.5;;
17.328;2.79782;-2.5;;
17.3409522;;;0.488803904934218;0.487044075902222
17.157;2.310333;-2.5;;
17.158;2.311078;-2.5;;
17.178;2.361559;-2.5;;
17.18;2.362106;-2.5;;
17.18;2.362146;-2.5;;
17.199;2.428257;-2.5;;
17.221;2.494977;-2.5;;
17.222;2.495573;-2.5;;
17.242;2.562089;-2.5;;
17.243;2.562784;-2.5;;
17.263;2.629217;-2.5;;
17.264;2.629913;-2.5;;
17.285;2.66348;-2.5;;
17.286;2.690285;-2.5;;
17.306;2.730952;-2.5;;
17.307;2.731365;-2.5;;
17.327;2.797147;-2.5;;
17.328;2.79782;-2.5;;
17.348;2.863486;-2.5;;
17.349;2.86409;-2.5;;
17.369;2.930455;-2.5;;
17.37;2.931275;-2.5;;
17.412;2.999596;-2.5;;
17.432;2.934055;-2.5;;
17.454;2.899871;-2.5;;
17.6422574;;;0.245778410869517;0.423488678619601
17.412;2.999596;-2.5;;
17.432;2.934055;-2.5;;
17.454;2.899871;-2.5;;
17.688;2.163465;-2.5;;
17.9440629;;;-0.408402044040675;0.203744144532566
18.075;1.024147;-2.5;;
18.096;0.9388251;-2.5;;
18.161;0.7556055;-2.5;;
18.203;0.6218047;-2.5;;
18.204;0.6212705;-2.5;;
18.224;0.5540819;-2.5;;
18.225;0.5534019;-2.5;;
18.2458696;;;0.482396558381785;0.202144207536211
18.203;0.6218047;-2.5;;
18.204;0.6212705;-2.5;;
18.224;0.5540819;-2.5;;
18.225;0.5534019;-2.5;;
18.247;0.4714268;-2.5;;
18.358;0.1515545;-2.5;;
18.379;0.1177689;-2.5;;
18.38;0.08915417;-2.5;;
18.424;-0.01558145;-2.5;;
18.468;-0.1502232;-2.5;;
18.469;-0.1782967;-2.5;;
18.5516861;;;0.466663029022696;0.196608988558331
18.636;-0.6520747;-2.5;;
18.657;-0.7197583;-2.5;;
18.68;-0.7861693;-2.5;;
18.742;-0.987109;-2.5;;
18.743;-0.9877467;-2.5;;
18.744;-0.9879156;-2.5;;
18.764;-1.05364;-2.5;;
18.765;-1.054205;-2.5;;
18.785;-1.12099;-2.5;;
18.786;-1.121581;-2.5;;
18.806;-1.187938;-2.5;;
18.806;-1.188787;-2.5;;
18.827;-1.254908;-2.5;;
18.827;-1.255235;-2.5;;
18.828;-1.25571;-2.5;;
18.8650226;;;0.476655726323466;0.254328317421818
18.892;-1.424107;-2.5;;
18.914;-1.490816;-2.5;;
18.998;-1.758643;-2.5;;
19.089;-2.026383;-2.5;;
19.091;-2.026945;-2.5;;
19.092;-2.027118;-2.5;;
19.093;-2.027118;-2.5;;
19.096;-2.059926;-2.5;;
19.112;-2.094192;-2.5;;
19.113;-2.094192;-2.5;;
19.155;-2.227534;-2.5;;
19.156;-2.227534;-2.5;;
19.176;-2.260922;-2.5;;
19.176;-2.260922;-2.5;;
19.177;-2.260922;-2.5;;
19.177;-2.260922;-2.5;;
19.17836;;;0.439085301269133;0.46620015374927
19.197;-2.360443;-2.5;;
19.218;-2.427951;-2.5;;
19.219;-2.428612;-2.5;;
19.241;-2.494944;-2.5;;
19.242;-2.49571;-2.5;;
19.263;-2.56197;-2.5;;
19.304;-2.663307;-2.5;;
19.305;-2.664025;-2.5;;
19.306;-2.664389;-2.5;;
19.328;-2.73056;-2.5;;
19.33;-2.73116;-2.5;;
19.35;-2.813256;-2.5;;
19.351;-2.813909;-2.5;;
19.352;-2.825495;-2.5;;
19.372;-2.864248;-2.5;;
19.393;-2.93038;-2.5;;
19.413;-2.997827;-2.5;;
19.439;-2.999979;-2.5;;
19.477;-2.867616;-2.5;;
19.4906943;;;0.484602228536984;0.46675157128807
19.542;-2.699137;-2.5;;
19.563;-2.602937;-2.5;;
19.565;-2.598898;-2.5;;
19.586;-2.533139;-2.5;;
19.608;-2.49861;-2.5;;
19.628;-2.431548;-2.5;;
19.629;-2.4307;-2.5;;
19.691;-2.230872;-2.5;;
19.692;-2.230071;-2.5;;
19.713;-2.163224;-2.5;;
19.735;-2.096625;-2.5;;
19.736;-2.095852;-2.5;;
19.756;-2.029275;-2.5;;
19.757;-2.028595;-2.5;;
19.758;-2.028473;-2.5;;
19.803;-1.928913;-2.5;;
19.8050336;;;0.409859016387965;0.452550568129387
19.803;-1.928913;-2.5;;
19.977;-1.361414;-2.5;;
19.979;-1.359265;-2.5;;
20.044;-1.192064;-2.5;;
20.045;-1.17158;-2.5;;
20.064;-1.124998;-2.5;;
20.065;-1.12426;-2.5;;
20.085;-1.057197;-2.5;;
20.086;-1.057197;-2.5;;
20.1168664;;;0.380245853453858;0.428448099911985
20.191;-0.722371;-2.5;;
20.301;-0.3878581;-2.5;;
20.323;-0.3536718;-2.5;;
20.344;-0.2853559;-2.5;;
20.344;-0.2853559;-2.5;;
20.365;-0.2188298;-2.5;;
20.366;-0.2188298;-2.5;;
20.386;-0.1519663;-2.5;;
20.387;-0.1519663;-2.5;;
20.387;-0.1519663;-2.5;;
20.407;-0.08554058;-2.5;;
20.408;-0.08554058;-2.5;;
20.408;-0.08554058;-2.5;;
20.409;-0.08554058;-2.5;;
20.429;-0.05192569;-2.5;;
20.43;-0.05192569;-2.5;;
20.4297022;;;0.456676390377889;0.432845872189174
20.429;-0.05192569;-2.5;;
20.43;-0.05192569;-2.5;;
20.45;0.04843151;-2.5;;
20.471;0.1148619;-2.5;;
20.471;0.1150245;-2.5;;
20.472;0.1154726;-2.5;;
20.472;0.115672;-2.5;;
20.492;0.1834828;-2.5;;
20.493;0.1834828;-2.5;;
20.494;0.1834828;-2.5;;
20.513;0.2480216;-2.5;;
20.514;0.2491028;-2.5;;
20.515;0.2495847;-2.5;;
20.535;0.3163008;-2.5;;
20.558;0.3831658;-2.5;;
20.601;0.5016909;-2.5;;
20.621;0.5510438;-2.5;;
20.643;0.6178023;-2.5;;
20.643;0.6178665;-2.5;;
20.644;0.6184398;-2.5;;
20.664;0.6846132;-2.5;;
20.665;0.6852841;-2.5;;
20.685;0.7516854;-2.5;;
20.707;0.8186195;-2.5;;
20.708;0.8192447;-2.5;;
20.709;0.819353;-2.5;;
20.7425378;;;0.493460183362068;0.435060360895445
20.751;0.9200351;-2.5;;
20.774;1.019367;-2.5;;
20.775;1.020214;-2.5;;
20.776;1.020402;-2.5;;
20.819;1.153866;-2.5;;
20.828;1.187121;-2.5;;
20.829;1.187907;-2.5;;
20.842;1.226352;-2.5;;
20.862;1.288935;-2.5;;
20.864;1.289611;-2.5;;
20.886;1.355247;-2.5;;
20.887;1.355788;-2.5;;
20.888;1.355954;-2.5;;
20.909;1.439339;-2.5;;
20.93;1.488956;-2.5;;
20.932;1.489469;-2.5;;
20.932;1.489507;-2.5;;
20.952;1.556025;-2.5;;
20.973;1.622791;-2.5;;
20.974;1.623419;-2.5;;
20.995;1.689409;-2.5;;
20.996;1.690035;-2.5;;
21.017;1.756562;-2.5;;
21.038;1.791196;-2.5;;
21.0553736;;;0.485933225043505;0.45407891305933
21.082;1.925726;-2.5;;
21.082;1.925861;-2.5;;
21.103;1.993398;-2.5;;
21.124;2.059397;-2.5;;
21.165;2.192302;-2.5;;
21.166;2.192934;-2.5;;
21.187;2.259909;-2.5;;
21.188;2.260594;-2.5;;
21.21;2.293588;-2.5;;
21.211;2.29385;-2.5;;
21.252;2.460518;-2.5;;
21.253;2.461352;-2.5;;
21.274;2.52753;-2.5;;
21.281;2.528284;-2.5;;
21.295;2.561389;-2.5;;
21.296;2.591539;-2.5;;
21.317;2.661419;-2.5;;
21.338;2.696273;-2.5;;
21.339;2.696591;-2.5;;
21.34;2.724464;-2.5;;
21.36;2.762932;-2.5;;
21.361;2.763334;-2.5;;
21.3682086;;;0.418148856302796;0.463554663771565
21.36;2.762932;-2.5;;
21.361;2.763334;-2.5;;
21.381;2.847142;-2.5;;
21.382;2.847962;-2.5;;
21.403;2.896541;-2.5;;
21.404;2.896949;-2.5;;
21.424;2.962788;-2.5;;
21.445;3.030928;-2.5;;
21.445;3.031255;-2.5;;
21.466;2.967068;-2.5;;
21.466;2.966705;-2.5;;
21.488;2.900279;-2.5;;
21.489;2.8997;-2.5;;
21.508;2.833113;-2.5;;
21.509;2.832386;-2.5;;
21.53;2.752133;-2.5;;
21.531;2.75138;-2.5;;
21.552;2.731482;-2.5;;
21.552;2.710176;-2.5;;
21.573;2.664453;-2.5;;
21.574;2.664016;-2.5;;
21.595;2.597736;-2.5;;
21.596;2.597082;-2.5;;
21.616;2.531142;-2.5;;
21.616;2.530868;-2.5;;
21.637;2.464768;-2.5;;
21.658;2.397107;-2.5;;
21.659;2.396497;-2.5;;
21.659;2.396396;-2.5;;
21.6795403;;;0.412640457107342;0.452545680453928
21.36;2.762932;-2.5;;
21.361;2.763334;-2.5;;
21.381;2.847142;-2.5;;
21.382;2.847962;-2.5;;
21.403;2.896541;-2.5;;
21.404;2.896949;-2.5;;
21.424;2.962788;-2.5;;
21.445;3.030928;-2.5;;
21.445;3.031255;-2.5;;
21.466;2.967068;-2.5;;
21.466;2.966705;-2.5;;
21.488;2.900279;-2.5;;
21.489;2.8997;-2.5;;
21.508;2.833113;-2.5;;
21.509;2.832386;-2.5;;
21.53;2.752133;-2.5;;
21.531;2.75138;-2.5;;
21.552;2.731482;-2.5;;
21.552;2.710176;-2.5;;
21.573;2.664453;-2.5;;
21.574;2.664016;-2.5;;
21.595;2.597736;-2.5;;
21.596;2.597082;-2.5;;
21.616;2.531142;-2.5;;
21.616;2.530868;-2.5;;
21.637;2.464768;-2.5;;
21.658;2.397107;-2.5;;
21.659;2.396497;-2.5;;
21.659;2.396396;-2.5;;
21.9928769;;;0.412640457107342;0.432340748890246
22.158;0.8746173;-2.5;;
22.159;0.8739978;-2.5;;
22.18;0.8216497;-2.5;;
22.181;0.8211289;-2.5;;
22.202;0.7549098;-2.5;;
22.211;0.7541295;-2.5;;
22.223;0.6845137;-2.5;;
22.224;0.6834471;-2.5;;
22.246;0.6207555;-2.5;;
22.267;0.5863738;-2.5;;
22.288;0.520056;-2.5;;
22.3057122;;;0.444120156096863;0.421887481653586
22.31;0.4529913;-2.5;;
22.311;0.4523823;-2.5;;
22.332;0.3863787;-2.5;;
22.332;0.3862854;-2.5;;
22.352;0.3198914;-2.5;;
22.373;0.2523313;-2.5;;
22.437;0.0514845;-2.5;;
22.457;0.01751168;-2.5;;
22.458;0.01715812;-2.5;;
22.478;-0.06699708;-2.5;;
22.501;-0.1163919;-2.5;;
22.522;-0.1843033;-2.5;;
22.523;-0.1849718;-2.5;;
22.543;-0.2501017;-2.5;;
22.564;-0.3168614;-2.5;;
22.565;-0.3174335;-2.5;;
22.585;-0.3835252;-2.5;;
22.606;-0.4513221;-2.5;;
22.6180473;;;0.49027337571017;0.439918611505429
22.585;-0.3835252;-2.5;;
22.606;-0.4513221;-2.5;;
22.798;-1.020398;-2.5;;
22.818;-1.087968;-2.5;;
22.819;-1.088669;-2.5;;
22.882;-1.290083;-2.5;;
22.9318851;;;0.408590060541654;0.438906012364007
22.585;-0.3835252;-2.5;;
22.606;-0.4513221;-2.5;;
22.798;-1.020398;-2.5;;
22.818;-1.087968;-2.5;;
22.819;-1.088669;-2.5;;
22.882;-1.290083;-2.5;;
23.245222;;;0.408590060541654;0.437893413222585
23.252;-2.413408;-2.5;;
23.274;-2.462562;-2.5;;
23.34;-2.663183;-2.5;;
23.363;-2.731969;-2.5;;
23.43;-2.931574;-2.5;;
23.452;-2.999311;-2.5;;
23.541;-2.799492;-2.5;;
23.5565534;;;0.468268042149942;0.443930384735855
