CubeTimestamp;CubeXPos
636220894773981643;0
636220894774412011;0.2
636220894779711654;0.4
636220894779771571;0.6
636220894779857388;0.8
636220894779926462;1
636220894780018751;1.2
636220894780238670;1.4
636220894780467519;1.6
636220894780686780;1.8
636220894780876177;2
636220894780986485;2.2
636220894781101566;2.4
636220894781211880;2.6
636220894781326085;2.8
636220894781437339;3
636220894781551485;3.200001
636220894781661489;3.400001
636220894781771527;3.600001
636220894781886600;3.800001
636220894781987149;4
636220894782107435;4.2
636220894782217733;4.4
636220894782332684;4.6
636220894782443299;4.8
636220894782557090;5
636220894782667178;5.199999
636220894782776330;5
636220894782886656;4.8
636220894783002044;4.6
636220894783112373;4.400001
636220894783222676;4.200001
636220894783336832;4.000001
636220894783446449;3.800001
636220894783561795;3.600001
636220894783672071;3.400001
636220894783782211;3.200001
636220894783887519;3.000001
636220894784005912;2.800001
636220894784116164;2.600001
636220894784231465;2.400001
636220894784451681;2.200001
636220894784481757;2
636220894784566734;1.8
636220894784677116;1.6
636220894784787279;1.4
636220894784897246;1.2
636220894785012562;1
636220894785121166;0.8000003
636220894785233273;0.6000003
636220894785346500;0.4000003
636220894785456813;0.2000003
636220894785571521;2.682209E-07
636220894785681853;-0.1999997
636220894785792179;-0.3999997
636220894785902506;-0.5999997
636220894786042586;-0.7999997
636220894786126454;-0.9999997
636220894786241748;-1.2
636220894786352077;-1.4
636220894786462388;-1.6
636220894786576327;-1.8
636220894786686224;-2
636220894786801195;-2.2
636220894786911529;-2.4
636220894787022747;-2.6
636220894787133025;-2.8
636220894787243318;-3
636220894787356798;-3.2
636220894787466590;-3.4
636220894787581980;-3.6
636220894787690851;-3.8
636220894787801177;-4
636220894787916516;-4.2
636220894788026830;-4.4
636220894788136252;-4.599999
636220894788247983;-4.799999
636220894788371373;-4.999999
636220894788471608;-5.199999
636220894788586936;-5
636220894788687465;-4.8
636220894788806910;-4.6
636220894788921710;-4.400001
636220894789031888;-4.200001
636220894789146417;-4.000001
636220894789256723;-3.800001
636220894789376830;-3.600001
636220894789477381;-3.400001
636220894789592940;-3.200001
636220894789703274;-3.000001
636220894789813573;-2.800001
636220894789926761;-2.600001
636220894790041382;-2.400001
636220894790147999;-2.200001
636220894790263304;-2
636220894790373851;-1.8
636220894790484144;-1.6
636220894790589866;-1.4
636220894790706866;-1.2
636220894790821452;-1
636220894790931786;-0.8000003
636220894791043068;-0.6000003
636220894791151810;-0.4000003
636220894791267116;-0.2000003
636220894791377407;-2.682209E-07
636220894791491525;0.1999997
636220894791601869;0.3999997
636220894791712203;0.5999997
636220894791822517;0.7999997
636220894791936780;0.9999997
636220894792047252;1.2
636220894792162474;1.4
636220894792272627;1.6
636220894792382922;1.8
636220894792487689;2
636220894792606608;2.2
636220894792716942;2.4
636220894792832263;2.6
636220894792941524;2.8
636220894793051800;3
636220894793167136;3.2
636220894793273906;3.4
636220894793389202;3.6
636220894793502155;3.8
636220894793612468;4
636220894793721525;4.2
636220894793836527;4.4
636220894793946624;4.599999
636220894794056419;4.799999
636220894794166707;4.999999
636220894794282023;5.199999
636220894794387298;5
636220894794506375;4.8
636220894794616525;4.6
636220894794726272;4.400001
636220894794841621;4.200001
636220894794954209;4.000001
636220894795062540;3.800001
636220894795176739;3.600001
636220894795287033;3.400001
636220894795402042;3.200001
636220894795512384;3.000001
636220894795621459;2.800001
636220894795731854;2.600001
636220894795846641;2.400001
636220894795956636;2.200001
636220894796066888;2
636220894796181744;1.8
636220894796292040;1.6
636220894796407588;1.4
636220894796515925;1.2
636220894796627452;1
636220894796738080;0.8000003
636220894796853424;0.6000003
636220894796962982;0.4000003
636220894797073201;0.2000003
636220894797188811;2.682209E-07
636220894797298859;-0.1999997
636220894797408557;-0.3999997
636220894797521377;-0.5999997
636220894797631726;-0.7999997
636220894797747098;-0.9999997
636220894797856395;-1.2
636220894797966946;-1.4
636220894798081192;-1.6
636220894798191197;-1.8
636220894798301490;-2
636220894798416872;-2.2
636220894798531509;-2.4
636220894798636848;-2.6
636220894798751707;-2.8
636220894798861701;-3
636220894798972012;-3.2
636220894799082326;-3.4
636220894799197629;-3.6
636220894799307923;-3.8
636220894799421596;-4
636220894799531378;-4.2
636220894799641695;-4.4
636220894799752976;-4.599999
636220894799868300;-4.799999
636220894799978588;-4.999999
636220894800089206;-5.199999
636220894800202632;-5
636220894800312925;-4.8
636220894800426591;-4.6
636220894800536332;-4.400001
636220894800646853;-4.200001
636220894800762406;-4.000001
636220894800872237;-3.800001
636220894800982528;-3.600001
636220894801097869;-3.400001
636220894801208152;-3.200001
636220894801323456;-3.000001
636220894801428752;-2.800001
636220894801544075;-2.600001
636220894801653543;-2.400001
636220894801767107;-2.200001
636220894801877469;-2
636220894801988054;-1.8
636220894802098666;-1.6
636220894802213671;-1.4
636220894802323959;-1.2
636220894802436899;-1
636220894802546459;-0.8000003
636220894802661783;-0.6000003
636220894802772101;-0.4000003
636220894802881756;-0.2000003
636220894802992085;-2.682209E-07
636220894803107416;0.1999997
636220894803218591;0.3999997
636220894803328895;0.5999997
636220894803442103;0.7999997
636220894803551706;0.9999997
636220894803667050;1.2
636220894803776444;1.4
636220894803887037;1.6
636220894803997391;1.8
636220894804112712;2
636220894804222998;2.2
636220894804338317;2.4
636220894804447120;2.6
636220894804556555;2.8
636220894804671843;3
636220894804782417;3.2
636220894804892703;3.4
636220894805003001;3.6
636220894805116981;3.8
636220894805227364;4
636220894805342660;4.2
636220894805451959;4.4
636220894805561453;4.599999
636220894805676636;4.799999
636220894805786970;4.999999
636220894805887527;5.199999
636220894806012876;5
636220894806123187;4.8
636220894806237039;4.6
636220894806347330;4.400001
636220894806457196;4.200001
636220894806567737;4.000001
636220894806683007;3.800001
636220894806787565;3.600001
636220894806906343;3.400001
636220894807016674;3.200001
636220894807126937;3.000001
636220894807241632;2.800001
636220894807352677;2.600001
636220894807462295;2.400001
636220894807571832;2.200001
636220894807687358;2
636220894807791688;1.8
636220894807912490;1.6
636220894808022791;1.4
636220894808132348;1.2
636220894808242133;1
636220894808357436;0.8000003
636220894808467906;0.6000003
636220894808579796;0.4000003
636220894808689537;0.2000003
636220894808806529;2.682209E-07
636220894808911874;-0.1999997
636220894809027220;-0.3999997
636220894809137767;-0.5999997
636220894809252835;-0.7999997
636220894809368146;-0.9999997
636220894809472315;-1.2
636220894809583679;-1.4
636220894809688952;-1.6
636220894809806225;-1.8
636220894809921592;-2
636220894810038740;-2.2
636220894810144217;-2.4
636220894810251475;-2.6
636220894810366794;-2.8
636220894810477110;-3
636220894810587506;-3.2
636220894810701997;-3.4
636220894810812369;-3.6
636220894810926592;-3.8
636220894811036535;-4
636220894811151565;-4.2
636220894811262257;-4.4
636220894811372744;-4.599999
636220894811482378;-4.799999
636220894811587385;-4.999999
636220894811706424;-5.199999
636220894811822356;-5
636220894811927654;-4.8
636220894812042978;-4.6
636220894812153276;-4.400001
636220894812268881;-4.200001
636220894812379172;-4.000001
636220894812489759;-3.800001
636220894812601667;-3.600001
636220894812717297;-3.400001
636220894812826533;-3.200001
636220894812936535;-3.000001
636220894813046884;-2.800001
636220894813156603;-2.600001
636220894813271737;-2.400001
636220894813382028;-2.200001
636220894813492347;-2
636220894813607589;-1.8
636220894813716525;-1.6
636220894813826842;-1.4
636220894813943397;-1.2
636220894814053475;-1
636220894814163776;-0.8000003
636220894814277904;-0.6000003
636220894814388770;-0.4000003
636220894814502402;-0.2000003
636220894814612736;-2.682209E-07
636220894814723045;0.1999997
636220894814836731;0.3999997
636220894814947096;0.5999997
636220894815056354;0.7999997
636220894815169003;0.9999997
636220894815281425;1.2
636220894815392030;1.4
636220894815507410;1.6
636220894815616719;1.8
636220894815727076;2
636220894815837444;2.2
636220894815952757;2.4
636220894816063073;2.6
636220894816176453;2.8
636220894816286772;3
636220894816387520;3.2
636220894816507703;3.4
636220894816623632;3.6
636220894816731562;3.8
636220894816846922;4
636220894816956520;4.2
636220894817066895;4.4
636220894817182229;4.599999
636220894817292339;4.799999
636220894817402634;4.999999
636220894817517963;5.199999
636220894817626836;5
636220894817736866;4.8
636220894817851952;4.6
636220894817960148;4.400001
636220894818071706;4.200001
636220894818187032;4.000001
636220894818297642;3.800001
636220894818407928;3.600001
636220894818522963;3.400001
636220894818632094;3.200001
636220894818741646;3.000001
636220894818856714;2.800001
636220894818973200;2.600001
636220894819078507;2.400001
636220894819189359;2.200001
636220894819302591;2
636220894819412884;1.8
636220894819527145;1.6
636220894819637499;1.4
636220894819751932;1.2
636220894819862059;1
636220894819972830;0.8000003
636220894820081853;0.6000003
636220894820192407;0.4000003
636220894820307738;0.2000003
636220894820418034;2.682209E-07
636220894820536840;-0.1999997
636220894820642466;-0.3999997
636220894820756929;-0.5999997
636220894820867288;-0.7999997
636220894820977617;-0.9999997
636220894821087923;-1.2
636220894821203283;-1.4
636220894821313576;-1.6
636220894821423415;-1.8
636220894821536646;-2
636220894821648383;-2.2
636220894821762023;-2.4
636220894821871759;-2.6
636220894821987090;-2.8
636220894822086837;-3
636220894822206384;-3.2
636220894822316688;-3.4
636220894822431986;-3.6
636220894822542343;-3.8
636220894822651290;-4
636220894822766652;-4.2
636220894822877029;-4.4
636220894822987356;-4.599999
636220894823097662;-4.799999
636220894823213234;-4.999999
636220894823323527;-5.199999
636220894823433823;-5
636220894823549356;-4.8
636220894823659649;-4.6
636220894823772395;-4.400001
636220894823883105;-4.200001
636220894823987075;-4.000001
636220894824106724;-3.800001
636220894824217091;-3.600001
636220894824327379;-3.400001
636220894824442688;-3.200001
636220894824553001;-3.000001
636220894824663320;-2.800001
636220894824782967;-2.600001
636220894824887001;-2.400001
636220894824992319;-2.200001
636220894825112692;-2
636220894825223570;-1.8
636220894825333863;-1.6
636220894825449225;-1.4
636220894825558821;-1.2
636220894825667995;-1
636220894825783324;-0.8000003
636220894825887877;-0.6000003
636220894826006563;-0.4000003
636220894826116626;-0.2000003
636220894826226610;-2.682209E-07
636220894826339295;0.1999997
636220894826449588;0.3999997
636220894826562505;0.5999997
636220894826673278;0.7999997
636220894826783674;0.9999997
636220894826889992;1.2
636220894827009214;1.4
636220894827122211;1.6
636220894827231617;1.8
636220894827346918;2
636220894827457214;2.2
636220894827567114;2.4
636220894827681847;2.6
636220894827791921;2.8
636220894827907270;3
636220894828017596;3.2
636220894828126932;3.4
636220894828242184;3.6
636220894828347799;3.8
636220894828463445;4
636220894828573575;4.2
636220894828685889;4.4
636220894828788865;4.599999
636220894828907653;4.799999
636220894829022982;4.999999
636220894829133293;5.199999
636220894829243333;5
636220894829358644;4.8
636220894829468938;4.6
636220894829578125;4.400001
636220894829693484;4.200001
636220894829802533;4.000001
636220894829912530;3.800001
636220894830026839;3.600001
636220894830137393;3.400001
636220894830247893;3.200001
636220894830358348;3.000001
636220894830470187;2.800001
636220894830586463;2.600001
636220894830688014;2.400001
636220894830806792;2.200001
636220894830917297;2
636220894831032580;1.8
636220894831142901;1.6
636220894831252219;1.4
636220894831367550;1.2
636220894831477848;1
636220894831588642;0.8000003
636220894831703981;0.6000003
636220894831811957;0.4000003
636220894831922320;0.2000003
636220894832037794;2.682209E-07
636220894832148340;-0.1999997
636220894832258358;-0.3999997
636220894832373687;-0.5999997
636220894832483975;-0.7999997
636220894832589117;-0.9999997
636220894832706641;-1.2
636220894832816988;-1.4
636220894832932319;-1.6
636220894833043553;-1.8
636220894833153843;-2
636220894833266878;-2.2
636220894833377250;-2.4
636220894833487544;-2.6
636220894833597885;-2.8
636220894833708204;-3
636220894833821831;-3.2
636220894833937352;-3.4
636220894834047661;-3.6
636220894834158013;-3.8
636220894834268349;-4
636220894834382835;-4.2
636220894834488108;-4.4
636220894834606855;-4.599999
636220894834717131;-4.799999
636220894834827447;-4.999999
636220894834937806;-5.199999
636220894835053133;-5
636220894835163314;-4.8
636220894835277319;-4.6
636220894835387640;-4.400001
636220894835487898;-4.200001
636220894835612570;-4.000001
636220894835722879;-3.800001
636220894835838289;-3.600001
636220894835943590;-3.400001
636220894836059341;-3.200001
636220894836167169;-3.000001
636220894836281946;-2.800001
636220894836392267;-2.600001
636220894836507601;-2.400001
636220894836617026;-2.200001
636220894836727293;-2
636220894836841955;-1.8
636220894836951955;-1.6
636220894837061885;-1.4
636220894837177066;-1.2
636220894837287431;-1
636220894837397141;-0.8000003
636220894837512478;-0.6000003
636220894837623106;-0.4000003
636220894837732962;-0.2000003
636220894837843273;-2.682209E-07
636220894837958206;0.1999997
636220894838068497;0.3999997
636220894838182053;0.5999997
636220894838292438;0.7999997
636220894838402747;0.9999997
636220894838512289;1.2
636220894838627061;1.4
636220894838737139;1.6
636220894838846919;1.8
636220894838962084;2
636220894839072217;2.2
636220894839182533;2.4
636220894839287811;2.6
636220894839406867;2.8
636220894839522329;3
636220894839632098;3.2
636220894839742348;3.4
636220894839857245;3.6
636220894839967567;3.8
636220894840076984;4
636220894840192310;4.2
636220894840301451;4.4
636220894840411757;4.599999
636220894840527132;4.799999
636220894840637103;4.999999
636220894840747169;5.199999
636220894840862240;5
636220894840972561;4.8
636220894841082875;4.6
636220894841188176;4.400001
636220894841307347;4.200001
636220894841417638;4.000001
636220894841532308;3.800001
636220894841642407;3.600001
636220894841752562;3.400001
636220894841867784;3.200001
636220894841977737;3.000001
636220894842088061;2.800001
636220894842203252;2.600001
636220894842312922;2.400001
636220894842423220;2.200001
636220894842533503;2
636220894842648104;1.8
636220894842757051;1.6
636220894842872040;1.4
636220894842982057;1.2
636220894843087361;1
636220894843206762;0.8000003
636220894843318404;0.6000003
636220894843428692;0.4000003
636220894843543066;0.2000003
636220894843651977;2.682209E-07
636220894843762329;-0.1999997
636220894843877653;-0.3999997
636220894843987984;-0.5999997
636220894844102656;-0.7999997
636220894844212978;-0.9999997
636220894844323003;-1.2
636220894844438311;-1.4
636220894844548602;-1.6
636220894844658415;-1.8
636220894844767303;-2
636220894844883758;-2.2
636220894844994021;-2.4
636220894845104894;-2.6
636220894845217827;-2.8
636220894845328360;-3
636220894845438684;-3.2
636220894845549008;-3.4
636220894845662520;-3.6
636220894845777540;-3.8
636220894845887864;-4
636220894845988132;-4.2
636220894846112783;-4.4
636220894846222599;-4.599999
636220894846337230;-4.799999
636220894846447523;-4.999999
636220894846557809;-5.199999
636220894846668899;-5
636220894846777869;-4.8
636220894846893885;-4.6
636220894847004220;-4.400001
636220894847116797;-4.200001
636220894847227149;-4.000001
636220894847338663;-3.800001
636220894847448957;-3.600001
636220894847564267;-3.400001
636220894847673483;-3.200001
636220894847788150;-3.000001
636220894847892176;-2.800001
636220894848007530;-2.600001
636220894848123950;-2.400001
636220894848232498;-2.200001
636220894848342230;-2
636220894848457533;-1.8
636220894848567829;-1.6
636220894848677608;-1.4
636220894848787925;-1.2
636220894848902697;-1
636220894849017272;-0.8000003
636220894849127338;-0.6000003
636220894849237380;-0.4000003
636220894849347664;-0.2000003
636220894849462967;-2.682209E-07
636220894849573263;0.1999997
636220894849683157;0.3999997
636220894849787567;0.5999997
636220894849906595;0.7999997
636220894850021960;0.9999997
636220894850132018;1.2
636220894850242045;1.4
636220894850357351;1.6
636220894850467647;1.8
636220894850577938;2
636220894850688231;2.2
636220894850801725;2.4
636220894850917627;2.6
636220894851024118;2.8
636220894851138474;3
636220894851253361;3.2
636220894851363191;3.4
636220894851469412;3.6
636220894851582173;3.8
636220894851687472;4
636220894851807872;4.2
636220894851917425;4.4
636220894852032930;4.599999
636220894852142962;4.799999
636220894852252520;4.999999
636220894852362856;5.199999
636220894852478167;5
636220894852587377;4.8
636220894852702734;4.6
636220894852812892;4.400001
636220894852924241;4.200001
636220894853036700;4.000001
636220894853147275;3.800001
636220894853257519;3.600001
636220894853368002;3.400001
636220894853483315;3.200001
636220894853588598;3.000001
636220894853707126;2.800001
636220894853818114;2.600001
636220894853926798;2.400001
636220894854042178;2.200001
636220894854152788;2
636220894854262838;1.8
636220894854377431;1.6
636220894854487735;1.4
636220894854587995;1.2
636220894854712882;1
636220894854823213;0.8000003
636220894854932717;0.6000003
636220894855047499;0.4000003
636220894855157823;0.2000003
636220894855272163;2.682209E-07
636220894855382482;-0.1999997
636220894855492057;-0.3999997
636220894855603046;-0.5999997
636220894855717823;-0.7999997
636220894855832068;-0.9999997
636220894855937563;-1.2
636220894856053066;-1.4
636220894856163129;-1.6
636220894856273918;-1.8
636220894856388202;-2
636220894856499241;-2.2
636220894856609548;-2.4
636220894856722927;-2.6
636220894856836547;-2.8
636220894856947563;-3
636220894857057974;-3.2
636220894857167059;-3.4
636220894857281736;-3.6
636220894857392075;-3.8
636220894857502409;-4
636220894857612863;-4.2
636220894857727375;-4.4
636220894857837464;-4.599999
636220894857952616;-4.799999
636220894858062432;-4.999999
636220894858172452;-5.199999
636220894858287788;-5
636220894858388317;-4.8
636220894858508612;-4.6
636220894858617909;-4.400001
636220894858732599;-4.200001
636220894858842014;-4.000001
636220894858957595;-3.800001
636220894859067700;-3.600001
636220894859178409;-3.400001
636220894859289053;-3.200001
636220894859403308;-3.000001
636220894859513596;-2.800001
636220894859627162;-2.600001
636220894859737147;-2.400001
636220894859847501;-2.200001
636220894859962845;-2
636220894860072204;-1.8
636220894860182538;-1.6
636220894860288135;-1.4
636220894860407480;-1.2
636220894860517768;-1
636220894860628672;-0.8000003
636220894860743270;-0.6000003
636220894860853211;-0.4000003
636220894860967400;-0.2000003
636220894861078148;-2.682209E-07
636220894861188242;0.1999997
636220894861304524;0.3999997
636220894861413037;0.5999997
636220894861523330;0.7999997
636220894861638669;0.9999997
636220894861747488;1.2
636220894861862822;1.4
636220894861972709;1.6
636220894862082594;1.8
636220894862188188;2
636220894862307086;2.2
636220894862417408;2.4
636220894862527893;2.6
636220894862643227;2.8
636220894862752255;3
636220894862867622;3.2
636220894862977951;3.4
636220894863088273;3.6
636220894863188561;3.8
636220894863311981;4
636220894863423041;4.2
636220894863533628;4.4
636220894863648129;4.599999
636220894863758852;4.799999
636220894863869176;4.999999
636220894863982961;5.199999
636220894864087537;5
636220894864206976;4.8
636220894864317313;4.6
636220894864427660;4.400001
636220894864537956;4.200001
636220894864653067;4.000001
636220894864767525;3.800001
636220894864877450;3.600001
636220894864988002;3.400001
636220894865098354;3.200001
636220894865213049;3.000001
636220894865323355;2.800001
636220894865432872;2.600001
636220894865543165;2.400001
636220894865657043;2.200001
636220894865772417;2
636220894865882402;1.8
636220894865992733;1.6
636220894866107707;1.4
636220894866217415;1.2
636220894866327430;1
636220894866437508;0.8000003
636220894866548979;0.6000003
636220894866664278;0.4000003
636220894866772197;0.2000003
636220894866887552;2.682209E-07
636220894866998141;-0.1999997
636220894867107045;-0.3999997
636220894867222205;-0.5999997
636220894867332562;-0.7999997
636220894867442715;-0.9999997
636220894867558021;-1.2
636220894867668319;-1.4
636220894867778607;-1.6
636220894867892902;-1.8
636220894868002648;-2
636220894868117420;-2.2
636220894868227744;-2.4
636220894868343788;-2.6
636220894868452737;-2.8
636220894868563026;-3
636220894868673316;-3.2
636220894868787876;-3.4
636220894868888402;-3.6
636220894869007663;-3.8
636220894869117489;-4
636220894869232490;-4.2
636220894869342574;-4.4
636220894869457791;-4.599999
636220894869568084;-4.799999
636220894869678380;-4.999999
636220894869787881;-5.199999
636220894869903358;-5
636220894870013426;-4.8
636220894870123893;-4.6
636220894870238004;-4.400001
636220894870352857;-4.200001
636220894870462468;-4.000001
636220894870572759;-3.800001
636220894870683047;-3.600001
636220894870788507;-3.400001
636220894870907277;-3.200001
636220894871017647;-3.000001
636220894871133264;-2.800001
636220894871244950;-2.600001
636220894871353733;-2.400001
636220894871469019;-2.200001
636220894871579353;-2
636220894871689973;-1.8
636220894871790267;-1.6
636220894871912560;-1.4
636220894872022554;-1.2
636220894872138854;-1
636220894872248276;-0.8000003
636220894872359344;-0.6000003
636220894872472961;-0.4000003
636220894872583256;-0.2000003
636220894872688529;-2.682209E-07
636220894872807077;0.1999997
636220894872917261;0.3999997
636220894873027350;0.5999997
636220894873142474;0.7999997
636220894873253071;0.9999997
636220894873363027;1.2
636220894873475947;1.4
636220894873591250;1.6
636220894873691511;1.8
636220894873810204;2
636220894873923264;2.2
636220894874037221;2.4
636220894874147510;2.6
636220894874258883;2.8
636220894874372368;3
636220894874483780;3.2
636220894874594086;3.4
636220894874704369;3.6
636220894874819690;3.8
636220894874927791;4
636220894875037760;4.2
636220894875152798;4.4
636220894875263418;4.599999
636220894875372853;4.799999
636220894875488192;4.999999
636220894875598490;5.199999
636220894875708799;5
636220894875822945;4.8
636220894875932970;4.6
636220894876044270;4.400001
636220894876157859;4.200001
636220894876268183;4.000001
636220894876382267;3.800001
636220894876492584;3.600001
636220894876602974;3.400001
636220894876718847;3.200001
636220894876827477;3.000001
636220894876942612;2.800001
636220894877049269;2.600001
636220894877162470;2.400001
636220894877277451;2.200001
636220894877387773;2
636220894877496178;1.8
636220894877611486;1.6
636220894877722906;1.4
636220894877832824;1.2
636220894877942410;1
636220894878053865;0.8000003
636220894878169153;0.6000003
636220894878282865;0.4000003
636220894878390460;0.2000003
636220894878502915;2.682209E-07
636220894878613203;-0.1999997
636220894878727640;-0.3999997
636220894878837985;-0.5999997
636220894878953316;-0.7999997
636220894879062508;-0.9999997
636220894879172722;-1.2
636220894879288089;-1.4
636220894879392407;-1.6
636220894879507761;-1.8
636220894879618052;-2
636220894879734249;-2.2
636220894879843850;-2.4
636220894879952674;-2.6
636220894880067993;-2.8
636220894880178570;-3
636220894880287491;-3.2
636220894880403078;-3.4
636220894880513384;-3.6
636220894880623667;-3.8
636220894880737384;-4
636220894880852580;-4.2
636220894880958816;-4.4
636220894881073953;-4.599999
636220894881183549;-4.799999
636220894881288130;-4.999999
636220894881407924;-5.199999
636220894881517612;-5
636220894881632910;-4.8
636220894881742447;-4.6
636220894881852769;-4.400001
636220894881967559;-4.200001
636220894882077711;-4.000001
636220894882188820;-3.800001
636220894882303063;-3.600001
636220894882413266;-3.400001
636220894882523731;-3.200001
636220894882639075;-3.000001
636220894882745671;-2.800001
636220894882858949;-2.600001
636220894882972992;-2.400001
636220894883083449;-2.200001
636220894883193763;-2
636220894883309087;-1.8
636220894883417382;-1.6
636220894883527532;-1.4
636220894883642843;-1.2
636220894883752600;-1
636220894883867655;-0.8000003
636220894883977933;-0.6000003
636220894884088893;-0.4000003
636220894884192766;-0.2000003
636220894884313052;-2.682209E-07
636220894884422972;0.1999997
636220894884532729;0.3999997
636220894884648024;0.5999997
636220894884757492;0.7999997
636220894884868626;0.9999997
636220894884983096;1.2
636220894885093454;1.4
636220894885203762;1.6
636220894885317791;1.8
636220894885427780;2
636220894885542312;2.2
636220894885653788;2.4
636220894885764076;2.6
636220894885873503;2.8
636220894885989082;3
636220894886092541;3.2
636220894886212482;3.4
636220894886322468;3.6
636220894886432859;3.8
636220894886547567;4
636220894886657862;4.2
636220894886767632;4.4
636220894886882963;4.599999
636220894886988262;4.799999
636220894887102668;4.999999
636220894887217479;5.199999
636220894887327488;5
636220894887437807;4.8
636220894887562929;4.6
636220894887663192;4.400001
636220894887777616;4.200001
636220894887887718;4.000001
636220894887988251;3.800001
636220894888112469;3.600001
636220894888222601;3.400001
636220894888332955;3.200001
636220894888442533;3.000001
636220894888557934;2.800001
636220894888668224;2.600001
636220894888778237;2.400001
636220894888893583;2.200001
636220894889003889;2
636220894889112445;1.8
636220894889227473;1.6
636220894889337493;1.4
636220894889452880;1.2
636220894889562507;1
636220894889672805;0.8000003
636220894889783126;0.6000003
636220894889888670;0.4000003
636220894890008133;0.2000003
636220894890121855;2.682209E-07
636220894890229322;-0.1999997
636220894890344891;-0.3999997
636220894890458664;-0.5999997
636220894890568858;-0.7999997
636220894890679141;-0.9999997
636220894890789462;-1.2
636220894890902665;-1.4
636220894891013907;-1.6
636220894891127915;-1.8
636220894891238456;-2
636220894891348897;-2.2
636220894891463661;-2.4
636220894891573745;-2.6
636220894891682051;-2.8
636220894891787482;-3
636220894891907795;-3.2
636220894892017981;-3.4
636220894892132551;-3.6
636220894892242921;-3.8
636220894892352729;-4
636220894892467552;-4.2
636220894892578318;-4.4
636220894892692592;-4.599999
636220894892790310;-4.799999
636220894892913758;-4.999999
636220894893022485;-5.199999
636220894893133627;-5
636220894893247880;-4.8
636220894893363224;-4.6
636220894939483715;-4.400001
636220894939523847;-4.200001
636220894939604067;-4.000001
636220894939744719;-3.800001
636220894939968241;-3.600001
636220894940193692;-3.400001
636220894940419685;-3.200001
636220894940605454;-3.000001
636220894940718159;-2.800001
636220894940831837;-2.600001
636220894940942164;-2.400001
636220894941053890;-2.200001
636220894941163979;-2
636220894941280166;-1.8
636220894941390472;-1.6
636220894941490743;-1.4
636220894941614002;-1.2
636220894941728679;-1
636220894941838960;-0.8000003
636220894941948497;-0.6000003
636220894942058777;-0.4000003
636220894942169086;-0.2000003
636220894942283776;-2.682209E-07
636220894942394516;0.1999997
636220894942504843;0.3999997
636220894942620159;0.5999997
636220894942733219;0.7999997
636220894942842912;0.9999997
636220894942953080;1.2
636220894943063386;1.4
636220894943175360;1.6
636220894943290707;1.8
636220894943391238;2
636220894943513113;2.2
636220894943622969;2.4
636220894943733285;2.6
636220894943848606;2.8
636220894943958194;3
636220894944069512;3.2
636220894944184128;3.4
636220894944294434;3.6
636220894944405019;3.8
636220894944518705;4
636220894944631014;4.2
636220894944738425;4.4
636220894944853731;4.599999
636220894944964053;4.799999
636220894945078584;4.999999
636220894945189488;5.199999
636220894945293880;5
636220894945414252;4.8
636220894945523863;4.6
636220894945638510;4.400001
636220894945744041;4.200001
636220894945854640;4.000001
636220894945969974;3.800001
636220894946078722;3.600001
636220894946190558;3.400001
636220894946305887;3.200001
636220894946417251;3.000001
636220894946528515;2.800001
636220894946640073;2.600001
636220894946753010;2.400001
636220894946863598;2.200001
636220894946974174;2
636220894947089524;1.8
636220894947189807;1.6
636220894947309277;1.4
636220894947419591;1.2
636220894947529900;1
636220894947646365;0.8000003
636220894947756866;0.6000003
636220894947867169;0.4000003
636220894947977493;0.2000003
636220894948092796;2.682209E-07
636220894948203143;-0.1999997
636220894948316719;-0.3999997
636220894948428221;-0.5999997
636220894948538407;-0.7999997
636220894948648291;-0.9999997
636220894948763917;-1.2
636220894948876604;-1.4
636220894948981884;-1.6
636220894949099094;-1.8
636220894949209614;-2
636220894949318045;-2.2
636220894949433366;-2.4
636220894949541889;-2.6
636220894949656822;-2.8
636220894949768597;-3
636220894949876859;-3.2
636220894949992173;-3.4
636220894950091756;-3.6
636220894950213439;-3.8
636220894950323834;-4
636220894950437012;-4.2
636220894950548452;-4.4
636220894950658822;-4.599999
636220894950773632;-4.799999
636220894950883918;-4.999999
636220894950994211;-5.199999
636220894951106170;-5
636220894951218686;-4.8
636220894951334007;-4.6
636220894951444326;-4.400001
636220894951553970;-4.200001
636220894951664350;-4.000001
636220894951779373;-3.800001
636220894951889929;-3.600001
636220894951999982;-3.400001
636220894952111819;-3.200001
636220894952222738;-3.000001
636220894952338067;-2.800001
636220894952448644;-2.600001
636220894952561221;-2.400001
636220894952671606;-2.200001
636220894952783657;-2
636220894952893955;-1.8
636220894953004261;-1.6
636220894953118183;-1.4
636220894953228261;-1.2
636220894953343166;-1
636220894953453480;-0.8000003
636220894953566619;-0.6000003
636220894953675326;-0.4000003
636220894953786809;-0.2000003
636220894953902118;-2.682209E-07
636220894954012411;0.1999997
636220894954122730;0.3999997
636220894954233049;0.5999997
636220894954348623;0.7999997
636220894954463717;0.9999997
636220894954569250;1.2
636220894954683498;1.4
636220894954794239;1.6
636220894954903359;1.8
636220894955017383;2
636220894955132339;2.2
636220894955238587;2.4
636220894955353147;2.6
636220894955466453;2.8
636220894955575512;3
636220894955686058;3.2
636220894955800255;3.4
636220894955910543;3.6
636220894956023614;3.8
636220894956133841;4
636220894956243597;4.2
636220894956358323;4.4
636220894956471371;4.599999
636220894956578611;4.799999
636220894956691758;4.999999
636220894956802347;5.199999
636220894956917661;5
636220894957029737;4.8
636220894957140033;4.6
636220894957253913;4.400001
636220894957364225;4.200001
636220894957475775;4.000001
636220894957586663;3.800001
636220894957696065;3.600001
636220894957812480;3.400001
636220894957922786;3.200001
636220894958035148;3.000001
636220894958143589;2.800001
636220894958258928;2.600001
636220894958369280;2.400001
636220894958478991;2.200001
636220894958588653;2
636220894958703622;1.8
636220894958813938;1.6
636220894958924221;1.4
636220894959038750;1.2
636220894959149069;1
636220894959264429;0.8000003
636220894959372796;0.6000003
636220894959484673;0.4000003
636220894959593280;0.2000003
636220894959710944;2.682209E-07
636220894959821237;-0.1999997
636220894959931520;-0.3999997
636220894960041890;-0.5999997
636220894960157283;-0.7999997
636220894960268095;-0.9999997
636220894960380820;-1.2
636220894960492777;-1.4
636220894960604948;-1.6
636220894960713570;-1.8
636220894960826607;-2
636220894960936903;-2.2
636220894961048724;-2.4
636220894961158463;-2.6
636220894961270292;-2.8
636220894961383870;-3
636220894961494470;-3.2
636220894961605055;-3.4
636220894961717050;-3.6
636220894961828712;-3.8
636220894961944023;-4
636220894962054334;-4.2
636220894962164640;-4.4
636220894962278797;-4.599999
636220894962391698;-4.799999
636220894962491989;-4.999999
636220894962612944;-5.199999
636220894962723268;-5
636220894962833576;-4.8
636220894962948890;-4.6
636220894963058613;-4.400001
636220894963170028;-4.200001
636220894963283732;-4.000001
636220894963389700;-3.800001
636220894963504431;-3.600001
636220894963619763;-3.400001
636220894963728426;-3.200001
636220894963843461;-3.000001
636220894963953754;-2.800001
636220894964063547;-2.600001
636220894964178745;-2.400001
636220894964289067;-2.200001
636220894964389370;-2
636220894964513450;-1.8
636220894964623763;-1.6
636220894964734074;-1.4
636220894964849396;-1.2
636220894964955974;-1
636220894965071351;-0.8000003
636220894965180830;-0.6000003
636220894965291389;-0.4000003
636220894965403504;-0.2000003
636220894965514287;-2.682209E-07
636220894965628451;0.1999997
636220894965738696;0.3999997
636220894965853560;0.5999997
636220894965961699;0.7999997
636220894966075181;0.9999997
636220894966185497;1.2
636220894966293683;1.4
636220894966408457;1.6
636220894966523689;1.8
636220894966632687;2
636220894966745070;2.2
636220894966855386;2.4
636220894966970692;2.6
636220894967078849;2.8
636220894967189771;3
636220894967303309;3.2
636220894967418168;3.4
636220894967529537;3.6
636220894967641107;3.8
636220894967749135;4
636220894967861584;4.2
636220894967971875;4.4
636220894968085063;4.599999
636220894968188483;4.799999
636220894968308832;4.999999
636220894968418464;5.199999
636220894968533525;5
636220894968643534;4.8
636220894968753886;4.6
636220894968869718;4.400001
636220894968980004;4.200001
636220894969090325;4.000001
636220894969200882;3.800001
636220894969314315;3.600001
636220894969424118;3.400001
636220894969538795;3.200001
636220894969649377;3.000001
636220894969763832;2.800001
636220894969874102;2.600001
636220894969984881;2.400001
636220894970089122;2.200001
636220894970208495;2
636220894970318377;1.8
636220894970433706;1.6
636220894970542653;1.4
636220894970654057;1.2
636220894970768821;1
636220894970878903;0.8000003
636220894970989237;0.6000003
636220894971099745;0.4000003
636220894971215068;0.2000003
636220894971325387;2.682209E-07
636220894971435701;-0.1999997
636220894971548792;-0.3999997
636220894971659775;-0.5999997
636220894971774738;-0.7999997
636220894971883708;-0.9999997
636220894971994009;-1.2
636220894972106545;-1.4
636220894972218497;-1.6
636220894972333539;-1.8
636220894972443848;-2
636220894972555628;-2.2
636220894972663870;-2.4
636220894972778905;-2.6
636220894972889216;-2.8
636220894972999512;-3
636220894973114846;-3.2
636220894973223542;-3.4
636220894973333552;-3.6
636220894973448579;-3.8
636220894973559251;-4
636220894973668668;-4.2
636220894973783882;-4.4
636220894973895429;-4.599999
636220894974005720;-4.799999
636220894974119595;-4.999999
636220894974228815;-5.199999
636220894974339014;-5
636220894974453651;-4.8
636220894974563954;-4.6
636220894974675681;-4.400001
636220894974785994;-4.200001
636220894974901331;-4.000001
636220894975011624;-3.800001
636220894975125606;-3.600001
636220894975234875;-3.400001
636220894975343819;-3.200001
636220894975458849;-3.000001
636220894975569702;-2.800001
636220894975679852;-2.600001
636220894975790140;-2.400001
636220894975905459;-2.200001
636220894976016728;-2
636220894976129101;-1.8
636220894976238873;-1.6
636220894976349187;-1.4
636220894976464549;-1.2
636220894976574367;-1
636220894976689957;-0.8000003
636220894976789818;-0.6000003
636220894976908627;-0.4000003
636220894977023930;-0.2000003
636220894977133891;-2.682209E-07
636220894977244307;0.1999997
636220894977354611;0.3999997
636220894977466376;0.5999997
636220894977581449;0.7999997
636220894977692003;0.9999997
636220894977792524;1.2
636220894977917032;1.4
636220894978027589;1.6
636220894978138681;1.8
636220894978249008;2
636220894978363941;2.2
636220894978473478;2.4
636220894978583799;2.6
636220894978688594;2.8
636220894978808721;3
636220894978919014;3.2
636220894979034325;3.4
636220894979144174;3.6
636220894979254626;3.8
636220894979366437;4
636220894979481753;4.2
636220894979592069;4.4
636220894979703811;4.599999
636220894979814140;4.799999
636220894979924428;4.999999
636220894980039736;5.199999
636220894980148890;5
636220894980259206;4.8
636220894980373753;4.6
636220894980484075;4.400001
636220894980589376;4.200001
636220894980708402;4.000001
636220894980818715;3.800001
636220894980934024;3.600001
636220894981044314;3.400001
636220894981153706;3.200001
636220894981269027;3.000001
636220894981379353;2.800001
636220894981489649;2.600001
636220894981603570;2.400001
636220894981713874;2.200001
636220894981824719;2
636220894981940334;1.8
636220894982046491;1.6
636220894982158463;1.4
636220894982274032;1.2
636220894982384611;1
636220894982496450;0.8000003
636220894982606782;0.6000003
636220894982722105;0.4000003
636220894982832419;0.2000003
636220894982942986;2.682209E-07
636220894983055170;-0.1999997
636220894983166423;-0.3999997
636220894983279509;-0.5999997
636220894983389077;-0.7999997
636220894983489907;-0.9999997
636220894983613723;-1.2
636220894983724141;-1.4
636220894983834496;-1.6
636220894983944787;-1.8
636220894984060105;-2
636220894984176213;-2.2
636220894984280296;-2.4
636220894984391506;-2.6
636220894984508897;-2.8
636220894984613804;-3
636220894984728671;-3.2
636220894984843995;-3.4
636220894984954285;-3.6
636220894985064573;-3.8
636220894985175536;-4
636220894985286016;-4.2
636220894985388461;-4.4
636220894985508636;-4.599999
636220894985623957;-4.799999
636220894985734286;-4.999999
636220894985846352;-5.199999
636220894985956993;-5
636220894986071632;-4.8
636220894986181103;-4.6
636220894986291399;-4.400001
636220894986405974;-4.200001
636220894986516553;-4.000001
636220894986628676;-3.800001
636220894986739135;-3.600001
636220894986849449;-3.400001
636220894986964755;-3.200001
636220894987075053;-3.000001
636220894987183683;-2.800001
636220894987289263;-2.600001
636220894987409543;-2.400001
636220894987523980;-2.200001
636220894987639002;-2
636220894987744324;-1.8
636220894987859244;-1.6
636220894987969062;-1.4
636220894988079355;-1.2
636220894988189674;-1
636220894988304982;-0.8000003
636220894988413965;-0.6000003
636220894988528765;-0.4000003
636220894988638749;-0.2000003
636220894988748797;-2.682209E-07
636220894988863546;0.1999997
636220894988974107;0.3999997
636220894989084396;0.5999997
636220894989189699;0.7999997
636220894989309394;0.9999997
636220894989419877;1.2
636220894989533736;1.4
636220894989643302;1.6
636220894989753610;1.8
636220894989869108;2
636220894989979357;2.2
636220894990089651;2.4
636220894990204420;2.6
636220894990314016;2.8
636220894990424100;3
636220894990545292;3.2
636220894990650595;3.4
636220894990759346;3.6
636220894990873857;3.8
636220894990984209;4
636220894991099520;4.2
636220894991204816;4.4
636220894991320145;4.599999
636220894991435458;4.799999
636220894991540803;4.999999
636220894991656134;5.199999
636220894991766619;5
636220894991875019;4.8
636220894991990343;4.6
636220894992103393;4.400001
636220894992213724;4.200001
636220894992325660;4.000001
636220894992435966;3.800001
636220894992546277;3.600001
636220894992661974;3.400001
636220894992772339;3.200001
636220894992882630;3.000001
636220894992993600;2.800001
636220894993103906;2.600001
636220894993219013;2.400001
636220894993328836;2.200001
636220894993444106;2
636220894993554103;1.8
636220894993664151;1.6
636220894993774470;1.4
636220894993889798;1.2
636220894993999231;1
636220894994114680;0.8000003
636220894994224807;0.6000003
636220894994334042;0.4000003
636220894994448855;0.2000003
636220894994558548;2.682209E-07
636220894994669273;-0.1999997
636220894994783644;-0.3999997
636220894994893725;-0.5999997
636220894995004049;-0.7999997
636220894995119631;-0.9999997
636220894995229957;-1.2
636220894995340276;-1.4
636220894995450901;-1.6
636220894995566199;-1.8
636220894995676812;-2
636220894995789014;-2.2
636220894995889318;-2.4
636220894996008951;-2.6
636220894996124303;-2.8
636220894996234635;-3
636220894996349976;-3.2
636220894996460303;-3.4
636220894996568769;-3.6
636220894996679109;-3.8
636220894996789425;-4
636220894996903834;-4.2
636220894997019600;-4.4
636220894997129119;-4.599999
636220894997239683;-4.799999
636220894997355012;-4.999999
636220894997461593;-5.199999
636220894997574512;-5
636220894997684806;-4.8
636220894997790112;-4.6
636220894997909470;-4.400001
636220894998024765;-4.200001
636220894998135056;-4.000001
636220894998243901;-3.800001
636220894998356634;-3.600001
636220894998469201;-3.400001
636220894998579566;-3.200001
636220894998690189;-3.000001
636220894998800525;-2.800001
636220894998918710;-2.600001
636220894999023988;-2.400001
636220894999139294;-2.200001
636220894999249623;-2
636220894999365164;-1.8
636220894999474852;-1.6
636220894999585189;-1.4
636220894999690497;-1.2
636220894999809201;-1
636220894999919275;-0.8000003
636220895000029565;-0.6000003
636220895000144876;-0.4000003
636220895000254184;-0.2000003
636220895000369303;-2.682209E-07
636220895000479691;0.1999997
636220895000590268;0.3999997
636220895000691169;0.5999997
636220895000811500;0.7999997
636220895000926829;0.9999997
636220895001037672;1.2
636220895001146317;1.4
636220895001260016;1.6
636220895001371101;1.8
636220895001484335;2
636220895001594702;2.2
636220895001709030;2.4
636220895001819129;2.6
636220895001934460;2.8
636220895002044738;3
636220895002155034;3.2
636220895002265345;3.4
636220895002375919;3.6
636220895002491266;3.8
636220895002591560;4
636220895002711217;4.2
636220895002826272;4.4
636220895002939626;4.599999
636220895003044907;4.799999
636220895003161559;4.999999
636220895003274077;5.199999
636220895003384422;5
636220895003494743;4.8
636220895003605093;4.6
636220895003719428;4.400001
636220895003829366;4.200001
636220895003944758;4.000001
636220895004055080;3.800001
636220895004165692;3.600001
636220895004273781;3.400001
636220895004389125;3.200001
636220895004489413;3.000001
636220895004613628;2.800001
636220895004724179;2.600001
636220895004834483;2.400001
636220895004944804;2.200001
636220895005060105;2
636220895005170403;1.8
636220895005279189;1.6
636220895005389682;1.4
636220895005504280;1.2
636220895005614435;1
636220895005731259;0.8000003
636220895005841675;0.6000003
636220895005951217;0.4000003
636220895006066520;0.2000003
636220895006176816;2.682209E-07
636220895006287145;-0.1999997
636220895006389607;-0.3999997
636220895006509854;-0.5999997
636220895006624343;-0.7999997
636220895006734661;-0.9999997
636220895006844132;-1.2
636220895006954456;-1.4
636220895007069762;-1.6
636220895007180053;-1.8
636220895007290369;-2
636220895007400682;-2.2
636220895007515993;-2.4
636220895007625832;-2.6
636220895007738890;-2.8
636220895007848966;-3
636220895007964169;-3.2
636220895008074455;-3.4
636220895008184753;-3.6
636220895008300082;-3.8
636220895008410393;-4
636220895008519463;-4.2
636220895008633992;-4.4
636220895008744198;-4.599999
636220895008854742;-4.799999
636220895008969386;-4.999999
636220895009079822;-5.199999
636220895009190123;-5
636220895009300455;-4.8
636220895009415786;-4.6
636220895009526090;-4.400001
636220895009639219;-4.200001
636220895009749387;-4.000001
636220895009859573;-3.800001
636220895009974462;-3.600001
636220895010085711;-3.400001
636220895010190987;-3.200001
636220895010309141;-3.000001
636220895010420903;-2.800001
636220895010531278;-2.600001
636220895010644339;-2.400001
636220895010754512;-2.200001
636220895010864721;-2
636220895010979204;-1.8
636220895011089489;-1.6
636220895011199803;-1.4
636220895011314261;-1.2
636220895011429602;-1
636220895011534173;-0.8000003
636220895011649098;-0.6000003
636220895011759619;-0.4000003
636220895011869932;-0.2000003
636220895011984462;-2.682209E-07
636220895012094783;0.1999997
636220895012205074;0.3999997
636220895012320696;0.5999997
636220895012429628;0.7999997
636220895012544356;0.9999997
636220895012654711;1.2
636220895012764483;1.4
636220895012879809;1.6
636220895012990355;1.8
636220895013100191;2
636220895013210822;2.2
636220895013324362;2.4
636220895013434369;2.6
636220895013549310;2.8
636220895013659509;3
636220895013769288;3.2
636220895013884998;3.4
636220895013990524;3.6
636220895014105983;3.8
636220895014219135;4
636220895014329497;4.2
636220895014439218;4.4
636220895014554555;4.599999
636220895014665101;4.799999
636220895014774786;4.999999
636220895014890115;5.199999
636220895014992647;5
636220895015109314;4.8
636220895015224674;4.6
636220895015335542;4.400001
636220895015444555;4.200001
636220895015559925;4.000001
636220895015671398;3.800001
636220895015781211;3.600001
636220895015891522;3.400001
636220895016007166;3.200001
636220895016116184;3.000001
636220895016226480;2.800001
636220895016339629;2.600001
636220895016454731;2.400001
636220895016565047;2.200001
636220895016674188;2
636220895016788932;1.8
636220895016894263;1.6
636220895017009626;1.4
636220895017119919;1.2
636220895017235250;1
636220895017345556;0.8000003
636220895017455873;0.6000003
636220895017569464;0.4000003
636220895017679814;0.2000003
636220895017795160;2.682209E-07
636220895017905798;-0.1999997
636220895018016327;-0.3999997
636220895018126630;-0.5999997
636220895018242059;-0.7999997
636220895018351580;-0.9999997
636220895018466117;-1.2
636220895018571865;-1.4
636220895018684989;-1.6
636220895018795541;-1.8
636220895018912742;-2
636220895019020874;-2.2
636220895019131167;-2.4
636220895019245937;-2.6
636220895019356248;-2.8
636220895019466562;-3
636220895019579790;-3.2
636220895019689764;-3.4
636220895019795127;-3.6
636220895019914441;-3.8
636220895020028779;-4
636220895020139274;-4.2
636220895020250855;-4.4
636220895020359962;-4.599999
636220895020470233;-4.799999
636220895020585567;-4.999999
636220895020689291;-5.199999
636220895020808948;-5
636220895020919267;-4.8
636220895021034460;-4.6
636220895021139772;-4.400001
636220895021254789;-4.200001
636220895021370130;-4.000001
636220895021479330;-3.800001
636220895021589920;-3.600001
636220895021691969;-3.400001
636220895021811653;-3.200001
636220895021927184;-3.000001
636220895022034861;-2.800001
636220895022150167;-2.600001
636220895022260915;-2.400001
636220895022374777;-2.200001
636220895022485308;-2
636220895022589334;-1.8
636220895022704653;-1.6
636220895022819972;-1.4
636220895022929987;-1.2
636220895023040295;-1
636220895023155604;-0.8000003
636220895023265003;-0.6000003
636220895023375311;-0.4000003
636220895023485622;-0.2000003
636220895023600951;-2.682209E-07
636220895023711244;0.1999997
636220895023824223;0.3999997
636220895023934197;0.5999997
636220895024049293;0.7999997
636220895024160228;0.9999997
636220895024269499;1.2
636220895024380926;1.4
636220895024491248;1.6
636220895024605780;1.8
636220895024715958;2
636220895024829779;2.2
636220895024939247;2.4
636220895025054313;2.6
636220895025164606;2.8
636220895025274889;3
636220895025385180;3.2
636220895025494173;3.4
636220895025614402;3.6
636220895025724739;3.8
636220895025835561;4
636220895025944996;4.2
636220895026059576;4.4
636220895026169879;4.599999
636220895026281154;4.799999
636220895026391105;4.999999
636220895026504344;5.199999
636220895026614678;5
636220895026730254;4.8
636220895026839973;4.6
636220895026950340;4.400001
636220895027062570;4.200001
636220895027172868;4.000001
636220895027288207;3.800001
636220895027390800;3.600001
636220895027509208;3.400001
636220895027622089;3.200001
636220895027729748;3.000001
636220895027904695;2.800001
636220895027954839;2.600001
636220895028070027;2.400001
636220895028180326;2.200001
636220895028291173;2
636220895028405074;1.8
636220895028515385;1.6
636220895028625696;1.4
636220895028739998;1.2
636220895028850243;1
636220895028959353;0.8000003
636220895029074904;0.6000003
636220895029185203;0.4000003
636220895029290547;0.2000003
636220895029410873;2.682209E-07
636220895029519981;-0.1999997
636220895029634308;-0.3999997
636220895029744714;-0.5999997
636220895029855030;-0.7999997
636220895029969462;-0.9999997
636220895030079510;-1.2
636220895030194809;-1.4
636220895030305130;-1.6
636220895030415441;-1.8
636220895030525747;-2
636220895030636061;-2.2
636220895030746369;-2.4
636220895030859621;-2.6
636220895030970696;-2.8
636220895031126139;-3
636220895031196615;-3.2
636220895031306946;-3.4
636220895031418954;-3.6
636220895031529275;-3.8
636220895031640056;-4
636220895031755633;-4.2
636220895031865939;-4.4
636220895031979474;-4.599999
636220895032094517;-4.799999
636220895032199785;-4.999999
636220895032314904;-5.199999
636220895032424521;-5
636220895032539264;-4.8
636220895032649839;-4.6
636220895032759353;-4.400001
636220895032870006;-4.200001
636220895032984418;-4.000001
636220895033095715;-3.800001
636220895033206011;-3.600001
636220895033321434;-3.400001
636220895033430777;-3.200001
636220895033544670;-3.000001
636220895033654943;-2.800001
636220895033766488;-2.600001
636220895033877073;-2.400001
636220895033987136;-2.200001
636220895034099320;-2
636220895034214615;-1.8
636220895034325013;-1.6
636220895034434826;-1.4
636220895034549422;-1.2
636220895034659960;-1
636220895034769114;-0.8000003
636220895034884418;-0.6000003
636220895034995061;-0.4000003
636220895035105630;-0.2000003
636220895035217234;-2.682209E-07
636220895035327811;0.1999997
636220895035442105;0.3999997
636220895035557459;0.5999997
636220895035662742;0.7999997
636220895035780008;0.9999997
636220895035886438;1.2
636220895035990791;1.4
636220895036109940;1.6
636220895036220230;1.8
636220895036335120;2
636220895036444711;2.2
636220895036555167;2.4
636220895036670473;2.6
636220895036779931;2.8
636220895036890242;3
636220895037005602;3.2
636220895037116217;3.4
636220895037226500;3.6
636220895037339910;3.8
636220895037450224;4
636220895037560537;4.2
636220895037675245;4.4
636220895037788099;4.599999
636220895037892155;4.799999
636220895038009242;4.999999
636220895038119533;5.199999
636220895038235097;5
636220895038345398;4.8
636220895038454482;4.6
636220895038569824;4.400001
636220895038679967;4.200001
636220895038790280;4.000001
636220895038905619;3.800001
636220895039015925;3.600001
636220895039137516;3.400001
636220895039237782;3.200001
636220895039348095;3.000001
636220895039461531;2.800001
636220895039576845;2.600001
636220895039687171;2.400001
636220895039796575;2.200001
636220895039907568;2
636220895040021983;1.8
636220895040129223;1.6
636220895040244682;1.4
636220895040354500;1.2
636220895040469612;1
636220895040581188;0.8000003
636220895040691478;0.6000003
636220895040791746;0.4000003
636220895040914660;0.2000003
636220895041024984;2.682209E-07
636220895041135280;-0.1999997
636220895041246927;-0.3999997
636220895041362494;-0.5999997
636220895041470158;-0.7999997
636220895041584583;-0.9999997
636220895041694365;-1.2
636220895041809735;-1.4
636220895041920048;-1.6
636220895042030385;-1.8
636220895042140673;-2
636220895042255969;-2.2
636220895042366658;-2.4
636220895042475935;-2.6
636220895042591557;-2.8
636220895042709492;-3
636220895042814778;-3.2
636220895042925132;-3.4
636220895043034544;-3.6
636220895043149497;-3.8
636220895043259722;-4
636220895043370669;-4.2
636220895043480293;-4.4
636220895043594234;-4.599999
636220895043709630;-4.799999
636220895043819374;-4.999999
636220895043929677;-5.199999
636220895044044766;-5
636220895044155552;-4.8
636220895044265843;-4.6
636220895044375536;-4.400001
636220895044485849;-4.200001
636220895044590070;-4.000001
636220895044714369;-3.800001
636220895044825916;-3.600001
636220895044935653;-3.400001
636220895045046700;-3.200001
636220895045156829;-3.000001
636220895045272133;-2.800001
636220895045384983;-2.600001
636220895045494456;-2.400001
636220895045604801;-2.200001
636220895045714777;-2
636220895045832347;-1.8
636220895045941053;-1.6
636220895046055253;-1.4
636220895046172983;-1.2
636220895046273292;-1
636220895046390341;-0.8000003
636220895046490611;-0.6000003
636220895046610161;-0.4000003
636220895046720459;-0.2000003
636220895046834574;-2.682209E-07
636220895046944944;0.1999997
636220895047055299;0.3999997
636220895047170630;0.5999997
636220895047280926;0.7999997
636220895047395082;0.9999997
636220895047505432;1.2
636220895047615750;1.4
636220895047731652;1.6
636220895047841051;1.8
636220895047951359;2
636220895048059836;2.2
636220895048175170;2.4
636220895048285800;2.6
636220895048390619;2.8
636220895048509282;3
636220895048619636;3.2
636220895048734428;3.4
636220895048845450;3.6
636220895048955130;3.8
636220895049065423;4
636220895049180668;4.2
636220895049290961;4.4
636220895049405061;4.599999
636220895049515395;4.799999
636220895049624503;4.999999
636220895049739604;5.199999
636220895049849913;5
636220895049960449;4.8
636220895050075770;4.6
636220895050186086;4.400001
636220895050291490;4.200001
636220895050409366;4.000001
636220895050525709;3.800001
636220895050629898;3.600001
636220895050740222;3.400001
636220895050854557;3.200001
636220895050970264;3.000001
636220895051079993;2.800001
636220895051189428;2.600001
636220895051304777;2.400001
636220895051415109;2.200001
636220895051525461;2
636220895051640465;1.8
636220895051749593;1.6
636220895051859943;1.4
636220895051976048;1.2
636220895052085473;1
636220895052195797;0.8000003
636220895052311118;0.6000003
636220895052416659;0.4000003
636220895052531988;0.2000003
636220895052642322;2.682209E-07
636220895052757664;-0.1999997
636220895052867944;-0.3999997
636220895052978281;-0.5999997
636220895053089624;-0.7999997
636220895053209943;-0.9999997
636220895053315221;-1.2
636220895053424822;-1.4
636220895053539456;-1.6
636220895053649695;-1.8
636220895053769953;-2
636220895053879990;-2.2
636220895053990307;-2.4
636220895054100865;-2.6
636220895054216169;-2.8
636220895054316427;-3
636220895054430440;-3.2
636220895054540746;-3.4
636220895054651652;-3.6
636220895054765379;-3.8
636220895054875693;-4
636220895054990996;-4.2
636220895055091261;-4.4
636220895055214564;-4.599999
636220895055329867;-4.799999
636220895055440232;-4.999999
636220895055550605;-5.199999
636220895055665908;-5
636220895055775545;-4.8
636220895055890850;-4.6
636220895056001210;-4.400001
636220895056118297;-4.200001
636220895056223322;-4.000001
636220895056333618;-3.800001
636220895056445273;-3.600001
636220895056555589;-3.400001
636220895056680912;-3.200001
636220895056781175;-3.000001
636220895056891732;-2.800001
636220895056994355;-2.600001
636220895057109720;-2.400001
636220895057220000;-2.200001
636220895057335311;-2
636220895057445157;-1.8
636220895057560397;-1.6
636220895057670716;-1.4
636220895057781941;-1.2
636220895057890344;-1
636220895058005323;-0.8000003
636220895058115662;-0.6000003
636220895058225953;-0.4000003
636220895058341254;-0.2000003
636220895058450954;-2.682209E-07
636220895058564760;0.1999997
636220895058674811;0.3999997
636220895058785099;0.5999997
636220895058890413;0.7999997
636220895059009725;0.9999997
636220895059119908;1.2
636220895059230201;1.4
636220895059345517;1.6
636220895059455496;1.8
636220895059570391;2
636220895059755005;2.2
636220895059835240;2.4
636220895059895407;2.6
636220895060015762;2.8
636220895060125288;3
636220895060245617;3.2
