circular1Timestamp;circular1XPos;circular1YPos;circular1newCorr;circular1smoothCorr
41.5614569;;;0;0
41.6361555;;;-0.912648128394893;-0.456324064197447
41.725393;;;-0.0155780033585301;-0.309408710584474
41.8146305;;;-0.0402590447230511;-0.242121294119119
41.8928382;;;-0.393820611850191;-0.272461157665333
41.9710462;;;-0.885041385556001;-0.374557862313778
42.0492547;;;-0.844376750722376;-0.441674846372149
42.1274622;;;-0.55545565168538;-0.455897447036303
42.2056703;;;0.0911016280551796;-0.395119772026138
42.2838785;;;0.452022494368699;-0.310405545386654
42.3510576;;;0.764564658964777;-0.212680981354706
42.4290254;;;0.918190724888174;-0.118441672501133
42.5072329;;;0.946533929055736;-0.0395638450798214
42.585442;;;0.814204647525728;0.104340552913564
42.6636497;;;0.391791238110926;0.138287989702685
42.7413559;;;-0.071089113079613;0.135718817339638
42.8200657;;;-0.0164011471111975;0.167170439401221
42.8982735;;;0.00198742179821365;0.241089506680739
42.9764812;;;-0.0437422097630849;0.30780905176068
43.0546893;;;-0.586822627382482;0.305195137119255
43.1328978;;;-0.436909635145796;0.261194198519173
43.2106045;;;-0.614500323712685;0.172317297012391
43.2893135;;;-0.919911883239111;0.0319442518287341
43.3675213;;;-0.471771059143071;-0.0838858968405363
43.4452283;;;0.396331558550282;-0.129736094382657
43.5124158;;;0.673510266756401;-0.141460626113435
43.5911256;;;0.17922809513812;-0.159174221361169
43.6688315;;;0.0302772517036737;-0.150727024295895
43.7470396;;;0.00403433360279776;-0.149024067569728
43.8252517;;;-0.0457811958507021;-0.153004785707138
43.9034556;;;0.0305942959965345;-0.146810076893836
43.981764;;;0.0369946107804736;-0.0948253070469235
44.059972;;;0.0505859178148132;-0.0542006776335394
44.13818;;;0.135914772055138;0.00833391368044588
44.216388;;;-0.0226838977355323;0.0831029124724108
44.2940948;;;0.011064808770905;0.123339234798575
44.372804;;;0.0266989679500805;0.0925365189152252
44.4505105;;;0.00172640467104285;0.0365545304081121
44.5292201;;;0.000470107018831656;0.0216580313981714
44.6079296;;;-0.0400319196853688;0.0157989337824178
44.6851348;;;0.24139316633838;0.035578836510383
44.7633428;;;0.71580807982638;0.0990446094834731
44.8420524;;;0.611678104233996;0.147468260169928
44.9202604;;;-0.258561959211145;0.12283854600396
44.9979669;;;-0.966248290083697;0.0381023620124176
45.0761751;;;-0.957589252231074;-0.0530229733447668
45.1438549;;;-0.591838989682554;-0.100452564340352
45.2215612;;;-0.0252076275006529;-0.103475267362982
45.2997697;;;0.124624687126334;-0.0953147907649606
45.3784792;;;0.435804252784595;-0.059141636755498
45.4561857;;;0.184844228996105;-0.0437771265907252
45.5343937;;;-0.0215629200694725;-0.0422380432894005
45.612602;;;0.149377947040958;-0.0499059782308523
45.6903082;;;0.366412616341214;-0.0790222668546161
45.7685257;;;0.221253719877336;-0.111557632217671
45.8472347;;;0.66451100017394;-0.0346348856022474
45.9254425;;;0.267999058437705;0.0682190601078695
45.992621;;;0.205551010621661;0.165147415345597
46.0592985;;;-0.0517687755315205;0.21015326652485
46.1375071;;;-0.00214495102321449;0.212075156231303
46.215213;;;0.0598193647532926;0.206674712700217
46.2939228;;;0.146970934237423;0.182605269487952
46.3721311;;;0.0456048832744421;0.171001990677814
46.4393099;;;-0.32749625336632;0.14550754623641
46.5170253;;;-0.687259346185718;0.0757877718008534
46.5952328;;;-0.239997650354808;0.0252535829095183
46.6739431;;;0.0015197878139363;0.00694242190423499
46.7516496;;;-0.00364198968850638;-0.0487369939176356
46.8303586;;;0.00120583912619038;-0.0709697621935951
46.9085674;;;0.0268865089041079;-0.0858584706700578
46.9862731;;;-0.0231677526421566;-0.0834750520959442
47.0644811;;;-0.124544392066333;-0.093675005516204
47.1426896;;;-0.0490307522300593;-0.10274584859815
47.2148817;;;-0.524168117087524;-0.158674102875229
47.2880762;;;-0.271055979768155;-0.185062508128779
47.3657829;;;0.0156669155681713;-0.156465577384238
47.4444922;;;0.525566713573097;-0.0553967390710033
47.5227;;;0.14144879862614;-0.0236095349892576
47.6009077;;;0.0171005662390629;-0.0223111367871638
47.6791165;;;0.0633954295497459;-0.0167246851839761
47.7573238;;;-0.452715467558394;-0.0545514607410248
47.8355323;;;-0.688176574039838;-0.114140050986354
47.9137472;;;-0.89116870036124;-0.186473463296277
47.9914537;;;-0.86869409062744;-0.248485938176369
48.0701635;;;-0.175402036274798;-0.259016878513431
48.1483712;;;0.209740900429277;-0.197857793720364
48.2260777;;;-0.205718498815709;-0.192413003640994
48.3042857;;;-0.897061009173773;-0.268473664036156
48.3824937;;;-0.948896073648094;-0.391345562971255
48.4607017;;;-0.812011548831201;-0.470800591926033
48.53891;;;-0.131843090178083;-0.483212563294129
48.6171177;;;-0.00904826044227591;-0.489249537460131
48.6948247;;;0.67671442357363;-0.395130379865795
48.7735338;;;0.925727018124841;-0.260638413852072
48.851742;;;0.857814649836745;-0.114889801335573
48.9189206;;;0.533153189559576;0.00193080534667793
48.9966276;;;-0.927684533763236;-0.0607594027773586
49.0748353;;;-0.987517490695039;-0.160530935371052
49.1536253;;;-0.779269548725885;-0.2083268561969
49.2318331;;;-0.86260053406649;-0.205455149937959
49.3095396;;;-0.88717732550722;-0.20031192092622
49.3882491;;;-0.606511635044404;-0.183186928110653
49.4659561;;;0.285281277361411;-0.148426564149029
49.5446654;;;0.0438729855760241;-0.14401646031417
49.6228729;;;0.00629496426933746;-0.199884748589528
49.6950652;;;0.00459546075125494;-0.276645711703994
49.7682605;;;0.000708296534498498;-0.348071241145847
49.8454649;;;0.00854782278453942;-0.391788355043767
49.9241747;;;0.463138194604635;-0.275886461013111
50.0023827;;;0.207087431981244;-0.176336050790088
50.0805905;;;-0.579889842945515;-0.15972107530839
50.1482703;;;-0.892818301267936;-0.162239222575178
50.225977;;;-0.900422216717213;-0.163342963509344
50.3036838;;;0.0625429999268365;-0.107588410595074
50.3823933;;;0.870658318071586;-0.0588069905358923
50.4601001;;;0.61984037416272;-0.0108097081536676
50.5393114;;;0.175510667905976;0.0032916004827189
50.6175186;;;0.680231508241344;0.0595946044402263
50.6947238;;;0.758102627695162;0.122710798703615
50.7729321;;;-0.177652290551548;0.107194122592274
50.8511524;;;-0.576207652452165;0.0205819686708744
50.9293601;;;-0.327261752687062;-0.0239471300514845
50.9965387;;;0.347583506471125;0.0533423157332356
51.0747469;;;0.0243785369948384;0.129775385588467
51.1524751;;;-0.339623943675733;0.17650857500859
51.2306829;;;-0.814950413343047;0.103384123902766
51.3093924;;;-0.780747243476109;-0.0342330062262082
51.3870992;;;-0.890492773789692;-0.160094101888909
51.4653069;;;-0.941605815630498;-0.253187142183615
51.5435152;;;-0.77025065845009;-0.374060656074568
51.6216187;;;-0.267411019805271;-0.459520126699604
52.2131926;;;0;-0.444715769153642
52.3024296;;;0.00261546214551911;-0.396480509603835
52.3916665;;;0.905182299638529;-0.293776838576702
52.4698753;;;0.711386385161415;-0.263459932019178
52.5485843;;;-0.65908856304871;-0.320415523689474
52.6262911;;;-0.797832697875861;-0.358599586539485
52.7044988;;;-0.753628737662272;-0.35348944689942
52.7882213;;;-0.0258835019047139;-0.290584135101804
52.8609151;;;-0.390085075559115;-0.248883493582589
52.9391229;;;-0.589606275931551;-0.219550198607677
53.0173316;;;-0.758929669571691;-0.21860678286781
53.0955389;;;-0.702128251743674;-0.254833218862677
53.1737472;;;-0.0114620109119999;-0.255788386438677
53.2519552;;;0.350975989280611;-0.226758342510753
53.3296708;;;0.885838676347116;-0.22837031111837
53.4083804;;;0.47339099753401;-0.248203260087321
53.4860871;;;0.755856719267255;-0.130291153227657
53.5647964;;;0.931781514243891;0.0138433644489888
53.6430042;;;0.828989189003688;0.145728191671152
53.7207109;;;0.524726685471209;0.191612373952479
53.7994202;;;-0.0420615992167029;0.220614330314347
53.8771269;;;0.0209259474106746;0.271492015592866
53.9563377;;;0.123479947285813;0.345026150330991
54.0345457;;;0.553655336591814;0.449674782692282
54.1012228;;;0.160490618127285;0.464004168445555
54.1799325;;;0.0235218966695331;0.436716327394632
54.2586515;;;0.0311598042095502;0.365493088049835
54.3363578;;;0.0654952497831331;0.331501775737262
54.4145655;;;0.0411729384476539;0.271944794002295
54.4927738;;;-0.0095676157808075;0.193499033166904
54.57048;;;-0.0202976955415779;0.122725126121465
54.6491895;;;-0.0690240772158964;0.0732458958975394
54.7273978;;;0.266589703246337;0.0989668377694594
54.8066084;;;0.869371682326275;0.169670649012426
54.8838141;;;0.875710452718936;0.232356524465186
54.9504911;;;0.406141332140245;0.220063690760889
55.0286991;;;-0.971003314948641;0.125772529671228
55.1069069;;;-0.519848507269365;0.0804916626763202
55.1856164;;;-0.00344043817238004;0.0776083091444927
55.2638247;;;0.10188481668236;0.0806407730527616
55.3430355;;;0.165532756685832;0.0910040912392765
55.4197394;;;-0.814637754717563;0.0239149129945469
55.4984484;;;-0.946628214557779;-0.0532792969234699
55.5766572;;;-0.881499852484412;-0.120985611529179
55.6538619;;;-0.269372764863203;-0.165649150538308
55.7320702;;;0.00102711009158302;-0.238011198224532
55.7992485;;;-0.0175280116445312;-0.312447736921488
55.8664273;;;-0.079787709639162;-0.352941823736438
55.9441338;;;-0.864815752929673;-0.344092860234858
56.0223428;;;-0.838821944909861;-0.370673980038232
56.1005498;;;-0.119675883445577;-0.380360267144332
56.1757499;;;-0.0245335198861298;-0.39089512852504
56.2569656;;;-0.329172437442612;-0.432120561369077
56.3351741;;;-0.928938709488595;-0.441645640933329
56.4133826;;;-0.977888676618975;-0.444250679438429
56.4915898;;;-0.942927482576801;-0.449369648612795
56.5697979;;;-0.922602935736875;-0.503805496185601
56.6480059;;;-0.867682259289536;-0.576197943634027
56.7262144;;;-0.502144401311341;-0.616582642772928
56.8039214;;;0.248484891286409;-0.589226592695797
56.8826299;;;0.885800839999517;-0.443341876618365
56.9613397;;;0.870767086092436;-0.30087612403484
57.0390457;;;0.725886553816149;-0.230412587596363
57.1172537;;;0.479991727833993;-0.188368816953019
57.1954622;;;0.290940120925545;-0.136692770422339
57.2736702;;;0;-0.05928121129829
57.3518782;;;0;0.0222095117532914
57.4300867;;;0;0.100786801968025
57.5082942;;;0;0.177670379946098
57.586502;;;0;0.249977234886892
57.66471;;;0;0.291822601662837
57.742918;;;-0.775951558973027;0.206452897474551
57.8216278;;;-0.85282975886531;0.0615670142358154
57.8993345;;;-0.76936015395085;-0.0751102557677918
57.977542;;;0;-0.135600801919138
58.05575;;;0;-0.17560011257197
58.1339581;;;0;-0.199845122649099
58.2121663;;;0;-0.199845122649099
58.2903748;;;0;-0.199845122649099
58.3685818;;;-0.0018801020433229;-0.200001797819376
58.4472921;;;0.244341201284318;-0.179640031045683
58.5249981;;;0.480897981830719;-0.139565199226456
58.6032064;;;0.301779561357102;-0.114416902446698
58.6814141;;;-0.163767091862879;-0.0634015301875187
58.7596221;;;0.0552825788680965;0.0122744979569319
58.8378307;;;0.0949420680828847;0.0842996831264098
58.9155371;;;0.0492761716239185;0.0884060307617364
58.9942464;;;-0.00274364224818746;0.0881773939077208
59.0719527;;;-0.0703242983977753;0.0823170357079061
59.1506619;;;-0.00874589028190942;0.081588211517747
59.2288705;;;-0.00786547015789996;0.0809327556712554
59.3065767;;;0.0170502343920453;0.082510283707536
59.3852865;;;-0.00311547535942835;0.0618888939872239
59.4639963;;;-0.176604449472185;0.00709702471198185
59.5417025;;;0.00920033185211355;-0.0172845777467672
59.6199105;;;0.0200767047126439;-0.0019642613654736
59.6981183;;;-0.030060645022212;-0.00907619668966597
59.7763263;;;-0.418671705526722;-0.0518773444904665
59.8545343;;;-0.931752871480019;-0.133629764749128
59.9327425;;;-0.977117282930152;-0.214827568139292
60.0104488;;;-0.993545626579044;-0.291762678821064
60.088657;;;-0.995229408648201;-0.373969638684922
60.1673666;;;-0.990221411948629;-0.455832633834149
60.2455743;;;-0.99032543671993;-0.539780606426814
60.3122519;;;-0.649665168332058;-0.593659747507866
60.3794302;;;-0.189704993125663;-0.594751459478989
60.4571369;;;-0.209651558315511;-0.612989116992958
60.5353452;;;-0.336370300400475;-0.642693034085718
60.5914942;;;-0.546352698383395;-0.635282239031693
60.6697025;;;-0.0874062244642922;-0.639693437450315
60.7479105;;;0.0112878696816942;-0.606619623972744
60.8256167;;;0.0883839204627323;-0.528147563054071
60.9043263;;;0.107058308360233;-0.444749440647118
60.9825348;;;0.109368276624439;-0.359909909631466
61.060241;;;0.586666345481781;-0.238225620852237
61.138449;;;0.482806689602885;-0.124915766886735
61.2171588;;;0;-0.0487368871390485
61.2948648;;;0.714891267034037;0.0562289925044973
61.3735749;;;0.907574135983719;0.140635079359065
61.4512811;;;0.906494407508864;0.226492461345556
61.5299904;;;0.191666262842918;0.267110658518124
61.6081986;;;0.0171421828301681;0.310456418611475
61.6864066;;;0.00228853228254744;0.317356015284309
61.7646146;;;-0.010201473723504;0.315702988868525
61.8423209;;;0.0218586279933953;0.310585658678576
61.9205291;;;0.0446438514743193;0.305784546610428
61.9992384;;;0.0450159295274294;0.300834366064505
62.0774464;;;0.0321929863160396;0.258182569205601
62.1551529;;;0.0216719434652315;0.222710665656551
62.2333614;;;0.0833817357240303;0.22912464532763
62.8364658;;;0;0.174133009401935
62.9262041;;;0.891726039267822;0.172913925039174
63.0039105;;;0.823083857024065;0.166497728848036
63.0826203;;;0.0910896984644317;0.15876107004969
63.1608278;;;0.00905636575599456;0.158139084120908
63.2390361;;;-0.166370918825141;0.145165280189547
63.3172449;;;-0.857207038346846;0.0800110059877517
63.3949509;;;-0.899445401248583;0.00914146527683028
63.4736604;;;-0.305651391945543;-0.0178043226785437
63.5513669;;;-0.00458335957868827;-0.0216196526097836
63.6295746;;;-0.0306868182211616;-0.0264565606511067
63.7148019;;;-0.0948929292385055;-0.035423089320625
63.7975216;;;0.0746305706191671;-0.0360962558671529
63.8757299;;;0.782976392132186;0.0241326973737845
63.9534364;;;0.886167692882797;0.0237051322672441
64.0316441;;;0.778554835583162;0.0202798229256361
64.1098522;;;-0.321609567085141;-0.011466274424331
64.177031;;;-0.883893492102601;-0.0801547250288383
64.255239;;;-0.968975223786818;-0.141893517718198
64.3339482;;;-0.909804394788243;-0.14593946821369
64.4111532;;;-0.205398721290103;-0.0925512620630378
64.4893612;;;-0.0171585967745926;-0.0703595085883494
64.568071;;;0.0560999099614897;-0.0656915647775665
64.6462788;;;0.0797764175710108;-0.0571943927935532
64.7244865;;;-0.694146803369954;-0.103290844649818
64.8021935;;;-0.893564652012676;-0.177767400236883
64.8804018;;;-0.500262966860915;-0.27647812015943
64.9591111;;;-0.0129237994752133;-0.345639004186969
65.0368178;;;-0.0337779982180053;-0.408126145248597
65.1155271;;;-0.0621316091012984;-0.388166302326763
65.1937356;;;-0.690896306985665;-0.373320365010075
65.2714416;;;-0.903546484907076;-0.368287385096249
65.3501511;;;-0.869282446656077;-0.365170312163006
65.4278578;;;-0.295764554441981;-0.372121530097766
65.5060656;;;0.86590355570484;-0.304193672214732
65.5852767;;;0.739358463638269;-0.251635321931903
65.6624819;;;-0.228606001001192;-0.275357046437457
65.7406899;;;-0.255069887911031;-0.241581899094463
65.8188976;;;0.102983026373803;-0.164924385372426
65.8860767;;;0.0733736556658549;-0.120798491331906
65.9642842;;;0.00888987917940048;-0.119120516050781
66.0419909;;;-0.0426627410010992;-0.119803957803327
66.1201992;;;-0.0291196044113303;-0.117264572827176
66.1989085;;;-0.100948881714889;-0.0718840016525007
66.2655858;;;-0.143695343244458;-0.0134339138322993
66.3437938;;;-0.0656490158437018;0.0483840423840373
66.4220015;;;-0.153186537658288;0.0593515821366291
66.5007116;;;-0.0545755403912241;-0.0114545021784528
66.5789193;;;0.014078803417283;-0.0672452452723748
66.6566258;;;-0.278216694608292;-0.071061452472921
66.7353361;;;-0.851053047720569;-0.116906310919809
66.8130421;;;-0.893882837796194;-0.193588300471347
66.8917516;;;-0.280407848086035;-0.220802262298415
66.9699594;;;0.0331395729492714;-0.218936901239194
67.0481676;;;0.0321194625864619;-0.213184424040151
67.1263757;;;0.0125078434624703;-0.209982312665243
67.2040819;;;0.00555804137058968;-0.201789472427899
67.2822896;;;-0.0146420308700471;-0.191862294552944
67.3604976;;;-0.101031420784791;-0.194584018009951
67.4442204;;;-0.101904198593591;-0.190639222697282
67.5169139;;;0.476336914595513;-0.149799803082918
67.5951224;;;0.692578880226634;-0.0976074894821985
67.6733302;;;0.17874943400303;-0.0624562488197891
67.7515507;;;-0.114004479287636;-0.0057602050941788
67.8297592;;;-0.0940604229829801;0.0557645960452992
67.9074655;;;-0.160738422766294;0.06496993645451
67.9861972;;;-0.796839286068651;0.00112540883774674
68.0639032;;;-0.941624041128087;-0.073777937601834
68.142612;;;-0.92379463072114;-0.145801204846727
68.22082;;;-0.891197433775326;-0.214782395242567
68.2985267;;;-0.507999338438739;-0.252732957363235
68.3767353;;;-0.226141551360935;-0.2623568135614
68.454943;;;-0.535196332993028;-0.295686977745972
68.5221216;;;-0.944830868228871;-0.405007576424771
68.6003296;;;-0.975286274498834;-0.533304896019038
68.6785378;;;-0.934709272659912;-0.618955565762341
68.7452154;;;-0.74405898303459;-0.667421296819799
68.8239241;;;0.0699308351578155;-0.654806584655122
68.9021327;;;0.564754736709015;-0.598999418541637
68.9803404;;;0.73939555522889;-0.480827507672596
69.0585482;;;0.157674789371466;-0.39626605917263
69.1362554;;;-0.00261908486635748;-0.325406401799185
69.2144629;;;0.000908102550341794;-0.256782899004903
69.2926709;;;0.164422551344137;-0.205058138252374
69.3708794;;;0.0630646094542771;-0.182811510497358
69.4491012;;;0.0145332235731331;-0.14052462153073
70.0527069;;;-1.53443965533739E-07;-0.0678453357780448
70.1419439;;;-0.888050400371962;-0.0611348839221316
70.2311816;;;-0.62820635139752;-0.0375577361327168
70.3093896;;;-0.592394315028809;-0.0258912232091952
70.3886007;;;-0.564671184666839;-0.0747067631957071
70.4658061;;;-0.713953185317431;-0.173068911043895
70.5440142;;;-0.885789054572854;-0.298083111797876
70.6222217;;;-0.893470534434086;-0.378940444398303
70.7004294;;;-0.0512829183744575;-0.382683816206618
70.7786379;;;-0.0035715680732763;-0.383028406254589
70.8568457;;;0.175901417212615;-0.382145416572398
70.9355552;;;0.806208246446179;-0.324980521419175
71.0022328;;;0.922751569361709;-0.255117571743131
71.079939;;;0.811667321030307;-0.192681612168187
71.158147;;;0.476398368608746;-0.087724014554286
71.2368565;;;0.923159602549608;0.0316118280570316
71.3145628;;;0.963634205242136;0.151306329616335
71.392771;;;0.96424180349077;0.268915021013074
71.470979;;;0.983932820260861;0.399521636826789
71.549187;;;0.988504431401699;0.543698058824832
71.6273953;;;0.967024958822873;0.686813096767675
71.7056031;;;0.783696957215156;0.751042317966876
71.7863182;;;0.0166931368963718;0.752601141426079
71.8620193;;;0.109312801706621;0.74747894023331
71.9402271;;;0.727219935328353;0.74140291630117
72.0184356;;;0.864071336195713;0.736889052211478
72.0966434;;;0.895944428184432;0.743371906607949
72.1748514;;;0.893628144921538;0.775466504785857
72.2420299;;;0.939533780046927;0.776726056901035
72.3197362;;;0.300458104008708;0.725712510652309
72.3984462;;;-0.374975385766886;0.622695803786336
72.4761609;;;-0.410919415267691;0.515399477976447
72.5433397;;;-0.00742521065161567;0.438789505510808
72.61102;;;0.198191964535942;0.379648505950275
72.689228;;;0.869663940700268;0.386261350833745
72.7559053;;;0.95371710697766;0.458340117763075
72.8336115;;;0.96557005300204;0.524206060170415
72.9123213;;;0.839889432391481;0.532872944559886
72.9900286;;;0.927297251905714;0.537736476537578
73.0682361;;;0.923459096589418;0.539852989491808
73.1464436;;;0.356418315381972;0.498529156450303
73.2136226;;;-0.190135428940425;0.411631524989737
73.2918309;;;-0.28143222421396;0.366870730511071
73.3695371;;;0.290740307778515;0.418079630014563
73.4482461;;;0.972705933727821;0.524512349168064
73.5264549;;;0.982916986290892;0.600692518163641
73.6046624;;;0.93813661725267;0.65761133760339
73.6828704;;;0.939409467527811;0.662976378128585
73.7610784;;;0.879683396626454;0.657281477332339
73.8463052;;;0.180774462830604;0.59691258578069
73.9285236;;;0.135645038934708;0.542739940130169
74.0067322;;;0.633549890048833;0.520143989218101
74.0854412;;;0.952187055986775;0.522353832248667
74.1626464;;;0.93203622908647;0.566632133302859
74.2413557;;;0.898502521958382;0.650373514141229
80.2755943;;;0;0.672022146773072
80.3628272;;;0.0233030393848814;0.651450049204331
80.4520642;;;-0.717243324015397;0.521453952454853
80.530054;;;-0.872776626375332;0.378708289942066
80.6082617;;;-0.909658286941575;0.236570220388663
80.6864703;;;-0.86006103822148;0.0981494122541018
80.764678;;;-0.0677374705581674;0.0252708840091309
80.8428858;;;-0.103817859394226;0.0033791669149132
80.9205928;;;-0.666579149557358;-0.058330386046015
80.9988005;;;-0.0793265365292212;-0.113167034244327
81.0770083;;;0.0803043943648762;-0.180234931292165
81.1552165;;;0.116552712152801;-0.242964432594755
81.2334245;;;0.0206238953797893;-0.310493557716185
81.3121336;;;0.0912048014359188;-0.303477803759576
81.3898403;;;0.0264781628235868;-0.30323356349506
81.4680486;;;-0.0413543122868988;-0.251242101054407
81.5466564;;;-0.155947540861894;-0.196101402168758
81.6133334;;;-0.164354956832757;-0.138770376775772
81.6910399;;;-0.0280168437064636;-0.0747669771976934
81.7692477;;;0.121442261556817;-0.0602146901119254
81.8479572;;;0.597819495265693;-0.00624258590731624
81.926165;;;0.801394523601128;0.106678465874106
82.004373;;;0.481163270370076;0.149793066404821
82.0715515;;;-0.153996596733209;0.13176991324343
82.1497603;;;-0.0295597158585053;0.120530495704099
82.2274665;;;-0.00720131653171413;0.118390094787829
82.3066776;;;-0.0653294282934463;0.106349000193262
82.3843843;;;-0.0352521567032855;0.101600514075811
82.4510614;;;-0.0403795151666905;0.101675498469673
82.5297706;;;-0.0310318617445022;0.111284396863318
82.6074771;;;0.00484980566855192;0.124300147824958
82.6856862;;;0.00354098316351154;0.126727672968802
82.7643949;;;-0.00861533608358056;0.116723242381079
82.8421019;;;-0.00523378554259024;0.0703345284727495
82.9203094;;;-0.00552193149891661;0.00826403192659224
82.9985174;;;0.0230782122447767;-0.0269732802368923
83.0767254;;;0.035489937181963;-0.0123973930126483
83.1549332;;;0.0314869956929033;-0.00770149212407843
83.2331412;;;0.0310332532222407;-0.00476037137377422
83.3113495;;;0.0399502854746667;0.00333806814684986
83.3895575;;;0.0253033761679652;0.00799618606002299
83.467264;;;0.0187168840043242;0.0125420629193318
83.5459738;;;-0.0554023772222952;0.0106674078825785
83.6241815;;;-0.0711809023854442;0.00481889187842496
83.7023895;;;-0.145571183732092;-0.00665127480585221
83.780096;;;-0.723528825503584;-0.0616446201458525
83.8593068;;;-0.910744205548766;-0.131299267838635
83.9365118;;;-0.905540198803323;-0.200531442246666
84.0152223;;;-0.751401477360846;-0.260106802985561
84.0929283;;;-0.429252723537001;-0.295856238425481
84.1711361;;;-0.0663587582782736;-0.303382834884802
84.2498458;;;-0.235821257022641;-0.323910104903639
84.3275518;;;-0.075784772041247;-0.332812801635632
84.4057603;;;-0.056671547739239;-0.33911856501311
84.4844694;;;-0.482970336977938;-0.377709889704053
84.5516484;;;-0.74683946693654;-0.43089735814361
84.6288531;;;-0.526867384875655;-0.465950164489011
85.243509;;;0;-0.454752381125004
85.3337497;;;0.0900859664579753;-0.392166627897192
85.4229869;;;-0.572119520022347;-0.36611857516439
85.5006932;;;-0.759052883864787;-0.354850320169118
85.5789012;;;-0.782896776077512;-0.357273035455016
85.6571092;;;-0.371133502415869;-0.352802326138006
85.7353172;;;-0.0159791297574088;-0.348926970097939
85.8135255;;;0.000925910209611691;-0.330715649541612
85.8917332;;;0.00308962186047268;-0.324648388472249
85.9699412;;;0.0596958522440043;-0.315697050012
86.0481498;;;0.0099220640553439;-0.277782249932516
86.1258557;;;0.00677029080631858;-0.219812268567681
86.2045653;;;0.0636300056454018;-0.174389392373754
86.2822482;;;0.000985189001606157;-0.174313608604399
86.3609575;;;-0.0214853569936328;-0.182896018100677
86.4386645;;;-0.0363352718391795;-0.14168184516351
86.5173735;;;-0.0159916195772807;-0.0845232863721633
86.5950808;;;-0.0205894146023745;-0.0258842585663836
86.6737898;;;-0.160961436291421;-0.00971717655681064
86.7404674;;;-0.615400163251316;-0.0558264868255727
86.8186751;;;-0.898763318204166;-0.125033350549709
86.8968831;;;-0.0255255454959701;-0.127234517269436
86.9750909;;;0.544785510087025;-0.0899199282045881
87.0538009;;;0.289501893090889;-0.0684137875095461
87.1315069;;;-0.335148323976234;-0.0947152194158964
87.2097154;;;-0.167253653943478;-0.112475500922733
87.2874214;;;-0.0114049255565915;-0.113428586657979
87.3656302;;;-0.161847232059688;-0.124225653970753
87.44434;;;-0.619517930844346;-0.169085858509612
87.5225472;;;-0.876560953321508;-0.23528349956686
87.5897257;;;-0.517843762786553;-0.273533834042566
87.6674322;;;-0.00196446066909906;-0.261303297456233
87.7456405;;;-0.54683584424593;-0.256029119071204
87.8238483;;;-0.54683584424593;-0.22895777492057
87.9020563;;;-0.54683584424593;-0.269058567132106
87.9872831;;;-0.54683584424593;-0.353029440542333
88.0584723;;;-0.54683584424593;-0.417363112645165
88.1366811;;;-0.54683584424593;-0.433646768050526
88.2148886;;;-0.54683584424593;-0.462845398073792
88.2820676;;;-0.85886207956673;-0.528034409920726
88.3713046;;;0.0356524510647129;-0.512842126603464
88.4495123;;;0.0913572317810982;-0.458159421786122
88.5277211;;;0.0997074611994979;-0.383061851438353
88.6059284;;;0.121429135374046;-0.333887013118307
88.6841369;;;-0.0677683453322908;-0.33894885040009
88.7623449;;;-0.242403072020579;-0.315530944844294
88.8405613;;;-0.581067322550711;-0.318164135483124
88.9182676;;;-0.0396962074221464;-0.279153394188986
88.9969779;;;-0.00430863492403899;-0.237420531933456
89.0751854;;;0.0117239613556431;-0.194454393041028
89.1528921;;;0.00670811231574114;-0.15187408869013
89.2311004;;;-0.142881825391864;-0.120800702624432
89.3098094;;;-0.548153696193464;-0.0969000577495658
90.0021505;;;-0.876415918210463;-0.167059163078426
90.0913877;;;-0.435370595570375;-0.207576688259308
90.1806252;;;-0.0346684598980106;-0.217913297574501
90.2588334;;;-0.0496389118514268;-0.231072378130307
90.3255107;;;0.000148625295415816;-0.225847995774329
90.4042205;;;0.449033891732244;-0.172660537024112
90.482428;;;0.835998084456608;-0.0636555057158568
90.5606363;;;-0.393153941695009;-0.0908445621983846
90.638343;;;-0.872878640860153;-0.157657639578086
90.7170525;;;-0.883707395838396;-0.226536974746858
90.7947588;;;-0.128110820144385;-0.236907661859175
90.8734683;;;0.646014349864608;-0.176223340685601
90.9511748;;;0.695588564888183;-0.0805508590639353
91.0293828;;;0.390541591301575;0.0169074108985292
91.1080926;;;0.0546645125720887;0.0546024192171802
91.1752717;;;-0.00684709608296713;0.0567425241260297
91.2524761;;;-0.074991081236896;0.0547923572502244
91.3306841;;;-0.031223818460817;0.0523790923458988
91.4089003;;;0.00405110921369556;0.0181496475367797
91.4876098;;;-0.000619168717631846;-0.0462055257843157
91.5663194;;;0.00602424528669615;-0.0154995114011075
91.6440256;;;0.00385285275357294;0.0519413727230252
91.7222336;;;-0.00434204547621397;0.119584861212424
91.8004416;;;-0.00568679260347643;0.129002094100186
91.8781481;;;-0.350558227752446;0.0523426650527203
91.9568579;;;-0.0357208595191705;-0.00391190605553767
92.0350662;;;-0.0774106534693611;-0.0399082325763789
92.1132739;;;-0.220446111894621;-0.0610705883045874
92.1914819;;;-0.612357670632328;-0.107648324808384
92.2696973;;;0.675663306136589;-0.0499056796258085
92.3479046;;;0.854597186083977;0.0182343976468679
92.4145826;;;-0.539741130141291;-0.0235957746112079
92.4932917;;;-0.876907134811695;-0.0910025412338282
92.5715004;;;-0.856437527850336;-0.157345754552061
92.6492062;;;-0.425351024293464;-0.190361437401834
92.7274139;;;0.307012677885668;-0.166411074066304
92.8056229;;;0.0679798485009371;-0.160744409365965
92.8838304;;;0.0426523283757967;-0.130497443509946
92.9620387;;;0.0027842826123044;-0.127535509499833
93.0402465;;;0.00983762953872291;-0.120824103114595
93.118454;;;0.0141141366657023;-0.102781007071494
93.1991693;;;-0.0185315715772756;-0.0571020763749511
93.2753718;;;-0.0144065807309058;-0.110184375364759
93.3530788;;;-0.014528916996925;-0.177040229447905
93.431788;;;-0.00880917616993154;-0.136199309911646
93.5094943;;;-0.0113076554205632;-0.069614734573867
93.5877023;;;0.0235450749463837;-0.00192376512