circularCube1Timestamp;circularCube1XPos;circularCube1YPos;circularCube1newCorr;circularCube1smoothCorr
0;;;0;0
0.4225988;;;0;0
0.7228798;;;0;0
1.024163;;;0;0
1.3249452;;;0;0
1.6262289;;;0;0
1.9280138;;;0;0
2.2298034;;;0;0
2.348;-0.4212738;-1.955129;;
2.367;-0.454785;-1.947598;;
2.368;-0.4555497;-1.947426;;
2.369;-0.4556561;-1.947402;;
2.388;-0.4891874;-1.939247;;
2.389;-0.4895562;-1.939158;;
2.39;-0.4896192;-1.939142;;
2.41;-0.5234624;-1.930282;;
2.412;-0.5234624;-1.930282;;
2.412;-0.5234624;-1.930282;;
2.413;-0.5234624;-1.930282;;
2.413;-0.5234624;-1.930282;;
2.432;-0.5567627;-1.920937;;
2.433;-0.5571178;-1.920838;;
2.434;-0.5572001;-1.920814;;
2.455;-0.5904533;-1.910851;;
2.456;-0.5907366;-1.910766;;
2.457;-0.5908165;-1.910742;;
2.477;-0.6231796;-1.900419;;
2.478;-0.6241177;-1.900119;;
2.48;-0.6246833;-1.899939;;
2.5;-0.6583911;-1.888519;;
2.501;-0.6587479;-1.888398;;
2.502;-0.6588072;-1.888378;;
2.532;-0.6900078;-1.877195;;
2.534;-0.6907942;-1.876913;;
2.534596;;;-0.0491974015594109;-0.016399133853137
2.532;-0.6900078;-1.877195;;
2.534;-0.6907942;-1.876913;;
2.535;-0.7084773;-1.87031;;
2.544;-0.7226197;-1.864876;;
2.546;-0.7240106;-1.86435;;
2.567;-0.7558183;-1.851682;;
2.568;-0.7560794;-1.851578;;
2.569;-0.7561433;-1.851552;;
2.57;-0.7561901;-1.851534;;
2.571;-0.7561901;-1.851534;;
2.59;-0.7721113;-1.84495;;
2.591;-0.7722789;-1.844881;;
2.591;-0.7830345;-1.840323;;
2.592;-0.7873979;-1.838473;;
2.613;-0.8264276;-1.821262;;
2.614;-0.8267547;-1.821118;;
2.635;-0.8525974;-1.809162;;
2.636;-0.8529044;-1.80902;;
2.637;-0.8529044;-1.80902;;
2.637;-0.8529044;-1.80902;;
2.638;-0.8529044;-1.80902;;
2.657;-0.8832573;-1.794388;;
2.657;-0.8836216;-1.794212;;
2.659;-0.8840047;-1.794027;;
2.679;-0.9155409;-1.778136;;
2.68;-0.9158382;-1.777987;;
2.68;-0.9158869;-1.777962;;
2.681;-0.915932;-1.777939;;
2.682;-0.9159389;-1.777936;;
2.701;-0.9464589;-1.761874;;
2.724;-0.9773757;-1.744914;;
2.726;-0.9776679;-1.744753;;
2.746;-1.007586;-1.727644;;
2.747;-1.007881;-1.727476;;
2.748;-1.007945;-1.727439;;
2.768;-1.037663;-1.709749;;
2.791;-1.068227;-1.690822;;
2.792;-1.068493;-1.690656;;
2.793;-1.068546;-1.690624;;
2.813;-1.097092;-1.672236;;
2.8333725;;;0.647624099930851;0.199475566123813
2.88;-1.183721;-1.612076;;
2.901;-1.211949;-1.590963;;
2.902;-1.212228;-1.590755;;
2.924;-1.239395;-1.569677;;
2.933;-1.239698;-1.569442;;
2.947;-1.266975;-1.547499;;
2.948;-1.267378;-1.547175;;
2.969;-1.296638;-1.522732;;
2.97;-1.29698;-1.522447;;
2.971;-1.29698;-1.522447;;
2.971;-1.29698;-1.522447;;
2.972;-1.29698;-1.522447;;
2.991;-1.320114;-1.502423;;
2.992;-1.320547;-1.502048;;
3.014;-1.346318;-1.478987;;
3.015;-1.346689;-1.478655;;
3.016;-1.346827;-1.478531;;
3.035;-1.371777;-1.455403;;
3.057;-1.397077;-1.431135;;
3.058;-1.397456;-1.430771;;
3.079;-1.421962;-1.406412;;
3.08;-1.422353;-1.406023;;
3.102;-1.446604;-1.381053;;
3.104;-1.447032;-1.380613;;
3.125;-1.470335;-1.355761;;
3.126;-1.470718;-1.355353;;
3.128;-1.470847;-1.355214;;
3.147;-1.470886;-1.355173;;
3.169;-1.470887;-1.355172;;
3.17;-1.470887;-1.355172;;
3.1897992;;;-0.00423862002285552;0.198062692782861
3.19;-1.48242;-1.342544;;
3.192;-1.482643;-1.3423;;
3.212;-1.559617;-1.251898;;
3.214;-1.56111;-1.250145;;
3.236;-1.582826;-1.222552;;
3.237;-1.583147;-1.222143;;
3.257;-1.583318;-1.221927;;
3.259;-1.583321;-1.221922;;
3.28;-1.594126;-1.20779;;
3.304;-1.646693;-1.135005;;
3.326;-1.666492;-1.10579;;
3.327;-1.666873;-1.105229;;
3.328;-1.666926;-1.105151;;
3.329;-1.666937;-1.105134;;
3.348;-1.686027;-1.075778;;
3.349;-1.686237;-1.075455;;
3.35;-1.686265;-1.075411;;
3.351;-1.686271;-1.075402;;
3.379;-1.704443;-1.046357;;
3.38;-1.704574;-1.046148;;
3.381;-1.704599;-1.046107;;
3.382;-1.704604;-1.046101;;
3.393;-1.728691;-1.005773;;
3.394;-1.729236;-1.00486;;
3.395;-1.729236;-1.00486;;
3.395;-1.729236;-1.00486;;
3.417;-1.740258;-0.9856449;;
3.418;-1.740386;-0.9854223;;
3.419;-1.740386;-0.9854223;;
3.419;-1.740386;-0.9854223;;
3.44;-1.757603;-0.9543747;;
3.44;-1.757603;-0.9543747;;
3.441;-1.757603;-0.9543747;;
3.464;-1.773819;-0.9238868;;
3.464;-1.773819;-0.9238868;;
3.465;-1.773819;-0.9238868;;
3.465;-1.773819;-0.9238868;;
3.466;-1.773819;-0.9238868;;
3.467;-1.773819;-0.9238868;;
3.485;-1.789466;-0.8931941;;
3.486;-1.789634;-0.8928636;;
3.487;-1.789686;-0.8927626;;
3.488;-1.789686;-0.8927626;;
3.4940909;;;-0.898523453992188;-0.0850459913613976
3.485;-1.789466;-0.8931941;;
3.486;-1.789634;-0.8928636;;
3.487;-1.789686;-0.8927626;;
3.488;-1.789686;-0.8927626;;
3.507;-1.805152;-0.8610526;;
3.508;-1.805307;-0.8607336;;
3.509;-1.805342;-0.8606625;;
3.529;-1.81974;-0.8297774;;
3.53;-1.819921;-0.8293889;;
3.531;-1.819921;-0.8293889;;
3.531;-1.819921;-0.8293889;;
3.532;-1.819921;-0.8293889;;
3.55;-1.834056;-0.7976354;;
3.551;-1.83422;-0.7972668;;
3.573;-1.848098;-0.7645386;;
3.574;-1.848225;-0.7642381;;
3.575;-1.848256;-0.7641662;;
3.576;-1.848256;-0.7641662;;
3.577;-1.848256;-0.7641662;;
3.595;-1.861208;-0.7320552;;
3.596;-1.861208;-0.7320552;;
3.597;-1.861208;-0.7320552;;
3.598;-1.861208;-0.7320552;;
3.617;-1.873674;-0.6995217;;
3.618;-1.873837;-0.6990962;;
3.619;-1.873837;-0.6990962;;
3.619;-1.873837;-0.6990962;;
3.639;-1.88582;-0.666095;;
3.64;-1.88582;-0.666095;;
3.641;-1.88582;-0.666095;;
3.641;-1.88582;-0.666095;;
3.663;-1.897157;-0.6330734;;
3.664;-1.897256;-0.6327855;;
3.664;-1.897272;-0.6327366;;
3.665;-1.897287;-0.6326933;;
3.686;-1.908249;-0.5988209;;
3.686;-1.908249;-0.5988209;;
3.687;-1.908249;-0.5988209;;
3.688;-1.908249;-0.5988209;;
3.688;-1.908249;-0.5988209;;
3.707;-1.91815;-0.5662914;;
3.708;-1.918252;-0.5659542;;
3.709;-1.918281;-0.5658601;;
3.729;-1.927961;-0.5319457;;
3.73;-1.927961;-0.5319457;;
3.73;-1.927961;-0.5319457;;
3.731;-1.927961;-0.5319457;;
3.752;-1.936923;-0.498311;;
3.753;-1.936995;-0.4980415;;
3.758;-1.937013;-0.4979737;;
3.771;-1.94323;-0.4728963;;
3.775;-1.945339;-0.4643878;;
3.776;-1.945339;-0.4643878;;
3.777;-1.945339;-0.4643878;;
3.778;-1.945339;-0.4643878;;
3.7958758;;;0.805700242332043;-0.0323539438943337
3.797;-1.953252;-0.4298921;;
3.797;-1.953252;-0.4298921;;
3.798;-1.953252;-0.4298921;;
3.799;-1.953252;-0.4298921;;
3.818;-1.96056;-0.3952279;;
3.819;-1.96056;-0.3952279;;
3.82;-1.96056;-0.3952279;;
3.84;-1.963896;-0.3782946;;
3.841;-1.966307;-0.3654835;;
3.841;-1.966709;-0.3633483;;
3.842;-1.967018;-0.3617071;;
3.843;-1.967095;-0.3612944;;
3.862;-1.97014;-0.344301;;
3.863;-1.973224;-0.3261729;;
3.864;-1.973224;-0.3261729;;
3.865;-1.973224;-0.3261729;;
3.885;-1.97863;-0.2915893;;
3.886;-1.97863;-0.2915893;;
3.887;-1.97863;-0.2915893;;
3.909;-1.983266;-0.2581535;;
3.91;-1.983308;-0.2578527;;
3.91;-1.983315;-0.2578014;;
3.911;-1.983318;-0.2577775;;
3.912;-1.983319;-0.2577724;;
3.912;-1.983319;-0.2577715;;
3.931;-1.987542;-0.2228477;;
3.931;-1.987578;-0.2225451;;
3.932;-1.987598;-0.2223867;;
3.953;-1.991179;-0.1876326;;
3.953;-1.991179;-0.1876326;;
3.954;-1.991179;-0.1876326;;
3.955;-1.991179;-0.1876326;;
3.974;-1.994136;-0.1529938;;
3.975;-1.994167;-0.1526238;;
3.976;-1.994172;-0.152564;;
3.997;-1.996515;-0.117961;;
3.998;-1.996538;-0.1176161;;
3.999;-1.996541;-0.1175679;;
4;-1.996542;-0.1175506;;
4.02;-1.998282;-0.08278474;;
4.021;-1.9983;-0.08242751;;
4.022;-1.998304;-0.08235363;;
4.023;-1.998304;-0.08235363;;
4.023;-1.998304;-0.08235363;;
4.042;-1.999435;-0.04737678;;
4.043;-1.999446;-0.04703357;;
4.044;-1.999449;-0.04694906;;
4.066;-1.999955;-0.01286715;;
4.066;-1.999959;-0.01264501;;
4.068;-1.999961;-0.01247563;;
4.068;-1.999961;-0.01247563;;
4.068;-1.999961;-0.01247563;;
4.087;-1.999869;0.02249912;;
4.088;-1.999868;0.02295157;;
4.089;-1.999868;0.02295157;;
4.089;-1.999868;0.02295157;;
4.0966575;;;0.0331274166144747;-0.019898598348557
4.087;-1.999869;0.02249912;;
4.088;-1.999868;0.02295157;;
4.089;-1.999868;0.02295157;;
4.089;-1.999868;0.02295157;;
4.109;-1.999157;0.05804622;;
4.11;-1.999157;0.05804622;;
4.111;-1.999157;0.05804622;;
4.132;-1.997866;0.09228338;;
4.133;-1.997854;0.09261052;;
4.134;-1.997852;0.09266521;;
4.134;-1.997852;0.09266572;;
4.141;-1.997851;0.09269152;;
4.155;-1.995937;0.1273256;;
4.155;-1.995931;0.127448;;
4.156;-1.995907;0.1278678;;
4.157;-1.995902;0.1279668;;
4.177;-1.993346;0.1630041;;
4.178;-1.993346;0.1630041;;
4.178;-1.993346;0.1630041;;
4.179;-1.993346;0.1630041;;
4.247;-1.982033;0.267403;;
4.248;-1.981991;0.2677889;;
4.25;-1.981991;0.2677889;;
4.25;-1.981991;0.2677889;;
4.25;-1.981991;0.2677889;;
4.251;-1.981991;0.2677889;;
4.252;-1.981991;0.2677889;;
4.253;-1.981991;0.2677889;;
4.253;-1.981991;0.2677889;;
4.254;-1.979951;0.2824072;;
4.255;-1.979653;0.2845368;;
4.256;-1.979584;0.2850368;;
4.256;-1.979572;0.2851226;;
4.27;-1.977032;0.3022231;;
4.27;-1.977005;0.3024053;;
4.271;-1.976986;0.3025325;;
4.272;-1.976986;0.3025325;;
4.291;-1.971502;0.3363976;;
4.292;-1.971447;0.3367409;;
4.293;-1.971431;0.3368348;;
4.313;-1.965061;0.3722042;;
4.313;-1.965061;0.3722042;;
4.314;-1.965061;0.3722042;;
4.314;-1.965061;0.3722042;;
4.334;-1.958519;0.4052017;;
4.335;-1.958437;0.4056144;;
4.336;-1.958437;0.4056144;;
4.356;-1.951172;0.4392005;;
4.356;-1.951099;0.4395398;;
4.358;-1.950989;0.4400495;;
4.359;-1.950989;0.4400495;;
4.359;-1.950989;0.4400495;;
4.379;-1.943014;0.4740221;;
4.379;-1.943014;0.4740221;;
4.38;-1.943014;0.4740221;;
4.381;-1.943014;0.4740221;;
4.3989437;;;0.956802224480942;0.59854329447582
4.401;-1.934404;0.5080027;;
4.402;-1.934323;0.5083213;;
4.402;-1.93431;0.5083722;;
4.403;-1.934297;0.5084244;;
4.423;-1.925097;0.5422039;;
4.424;-1.924981;0.5426322;;
4.425;-1.924981;0.5426322;;
4.425;-1.924981;0.5426322;;
4.446;-1.915337;0.5757465;;
4.446;-1.915337;0.5757465;;
4.447;-1.915337;0.5757465;;
4.468;-1.904988;0.6091017;;
4.47;-1.904879;0.609455;;
4.471;-1.904864;0.6095021;;
4.471;-1.904864;0.6095021;;
4.491;-1.893946;0.6426275;;
4.492;-1.893946;0.6426275;;
4.514;-1.882442;0.6755621;;
4.514;-1.882266;0.6760659;;
4.515;-1.88219;0.6762848;;
4.516;-1.882179;0.6763141;;
4.517;-1.882177;0.6763214;;
4.536;-1.869448;0.7107484;;
4.537;-1.869448;0.7107484;;
4.545;-1.869448;0.7107484;;
4.558;-1.857791;0.7406711;;
4.559;-1.857626;0.7410927;;
4.58;-1.844497;0.7731765;;
4.581;-1.844298;0.773662;;
4.582;-1.844209;0.7738807;;
4.583;-1.844195;0.7739148;;
4.583;-1.84419;0.7739275;;
4.602;-1.83027;0.8062955;;
4.603;-1.83027;0.8062955;;
4.604;-1.83027;0.8062955;;
4.624;-1.816059;0.8378047;;
4.625;-1.815925;0.8380995;;
4.626;-1.815893;0.8381712;;
4.627;-1.815885;0.8381886;;
4.627;-1.815884;0.8381916;;
4.647;-1.800896;0.8699268;;
4.648;-1.800896;0.8699268;;
4.669;-1.785029;0.9020279;;
4.67;-1.784881;0.9023292;;
4.692;-1.769335;0.9324378;;
4.692;-1.76922;0.9326598;;
4.693;-1.769167;0.9327638;;
4.694;-1.769158;0.9327816;;
4.7002274;;;0.970451940144717;0.653460527080045
4.692;-1.769335;0.9324378;;
4.692;-1.76922;0.9326598;;
4.693;-1.769167;0.9327638;;
4.694;-1.769158;0.9327816;;
4.714;-1.752509;0.9636973;;
4.715;-1.752509;0.9636973;;
4.716;-1.752509;0.9636973;;
4.737;-1.735552;0.9939038;;
4.738;-1.735412;0.9941539;;
4.739;-1.735369;0.99423;;
4.739;-1.735365;0.994238;;
4.74;-1.73535;0.9942631;;
4.76;-1.717718;1.024424;;
4.76;-1.717718;1.024424;;
4.761;-1.717718;1.024424;;
4.762;-1.717718;1.024424;;
4.784;-1.699684;1.054068;;
4.784;-1.699593;1.054219;;
4.785;-1.699496;1.054378;;
4.805;-1.680969;1.083665;;
4.806;-1.680777;1.083967;;
4.827;-1.661746;1.112917;;
4.828;-1.661558;1.113203;;
4.849;-1.641964;1.141902;;
4.85;-1.641785;1.142163;;
4.851;-1.641734;1.142239;;
4.87;-1.621364;1.170974;;
4.871;-1.621364;1.170974;;
4.872;-1.621364;1.170974;;
4.896;-1.600736;1.199012;;
4.898;-1.600583;1.19922;;
4.899;-1.600534;1.199288;;
4.902;-1.600526;1.199298;;
4.903;-1.600526;1.199299;;
4.919;-1.579644;1.226664;;
4.92;-1.579414;1.226967;;
4.92;-1.579396;1.226989;;
4.921;-1.579308;1.227105;;
4.923;-1.579308;1.227105;;
4.941;-1.557729;1.254377;;
4.941;-1.557639;1.254491;;
4.942;-1.557462;1.254715;;
4.943;-1.557433;1.254751;;
4.963;-1.535599;1.281374;;
4.964;-1.535397;1.281621;;
4.964;-1.535367;1.281658;;
4.985;-1.508924;1.31268;;
4.986;-1.508687;1.312958;;
4.987;-1.508626;1.31303;;
4.987;-1.508616;1.313042;;
4.988;-1.508604;1.313055;;
5.0015111;;;0.978572869821317;0.968609011482325
5.007;-1.489552;1.334625;;
5.008;-1.489345;1.334859;;
5.029;-1.466081;1.360364;;
5.029;-1.465922;1.36054;;
5.03;-1.46582;1.36065;;
5.031;-1.465806;1.360667;;
5.031;-1.465803;1.360669;;
5.032;-1.465802;1.360671;;
5.05;-1.44195;1.385916;;
5.051;-1.441689;1.386192;;
5.071;-1.417624;1.41079;;
5.072;-1.417373;1.411047;;
5.073;-1.417329;1.411091;;
5.074;-1.417329;1.411091;;
5.074;-1.417329;1.411091;;
5.093;-1.392516;1.435578;;
5.094;-1.392282;1.435808;;
5.095;-1.392226;1.435864;;
5.117;-1.367375;1.459541;;
5.118;-1.367021;1.459877;;
5.119;-1.366803;1.460085;;
5.119;-1.366803;1.460085;;
5.139;-1.341778;1.483101;;
5.14;-1.341218;1.483616;;
5.141;-1.340911;1.483899;;
5.142;-1.340862;1.483944;;
5.142;-1.340842;1.483962;;
5.162;-1.314843;1.507046;;
5.162;-1.314843;1.507046;;
5.163;-1.314843;1.507046;;
5.183;-1.288411;1.5297;;
5.183;-1.288249;1.529838;;
5.184;-1.288105;1.529962;;
5.185;-1.288083;1.529981;;
5.185;-1.288075;1.529987;;
5.205;-1.261213;1.552206;;
5.205;-1.261213;1.552206;;
5.206;-1.261213;1.552206;;
5.226;-1.233568;1.57426;;
5.227;-1.233281;1.574489;;
5.228;-1.23324;1.574522;;
5.229;-1.233231;1.574529;;
5.248;-1.205973;1.595498;;
5.249;-1.20569;1.595716;;
5.25;-1.205628;1.595763;;
5.25;-1.205618;1.595771;;
5.27;-1.177768;1.616431;;
5.27;-1.177542;1.616598;;
5.271;-1.177419;1.61669;;
5.272;-1.177419;1.61669;;
5.292;-1.163338;1.626851;;
5.293;-1.154524;1.633095;;
5.294;-1.148772;1.637169;;
5.295;-1.148772;1.637169;;
5.3032958;;;0.978981108504311;0.976001972823449
5.292;-1.163338;1.626851;;
5.293;-1.154524;1.633095;;
5.294;-1.148772;1.637169;;
5.295;-1.148772;1.637169;;
5.315;-1.120864;1.656392;;
5.316;-1.120425;1.656695;;
5.317;-1.120159;1.656878;;
5.318;-1.120159;1.656878;;
5.337;-1.091258;1.676049;;
5.346;-1.09089;1.676293;;
5.347;-1.090882;1.676298;;
5.348;-1.09088;1.6763;;
5.359;-1.06188;1.694811;;
5.36;-1.061343;1.695154;;
5.361;-1.06123;1.695226;;
5.362;-1.06123;1.695226;;
5.381;-1.031941;1.713204;;
5.383;-1.031376;1.713551;;
5.383;-1.031281;1.713609;;
5.384;-1.031203;1.713657;;
5.404;-1.001464;1.7312;;
5.405;-1.001097;1.731417;;
5.406;-1.001097;1.731417;;
5.407;-1.001097;1.731417;;
5.426;-0.9863755;1.739844;;
5.427;-0.9776514;1.744739;;
5.427;-0.9734291;1.747108;;
5.428;-0.9710028;1.748469;;
5.448;-0.9395612;1.765562;;
5.449;-0.9391755;1.765772;;
5.45;-0.9391755;1.765772;;
5.451;-0.9391755;1.765772;;
5.471;-0.9093174;1.781328;;
5.472;-0.9090052;1.78149;;
5.473;-0.90896;1.781514;;
5.474;-0.908954;1.781517;;
5.494;-0.8773688;1.797278;;
5.495;-0.8770984;1.797413;;
5.496;-0.877013;1.797456;;
5.496;-0.8770068;1.797459;;
5.516;-0.846333;1.812096;;
5.516;-0.8460146;1.812248;;
5.518;-0.84562;1.812436;;
5.518;-0.8456019;1.812445;;
5.537;-0.8302263;1.819538;;
5.538;-0.8179506;1.825073;;
5.539;-0.8143575;1.826693;;
5.54;-0.8137189;1.826981;;
5.56;-0.7819841;1.84078;;
5.561;-0.7814724;1.841003;;
5.562;-0.7812521;1.841098;;
5.563;-0.7812185;1.841113;;
5.582;-0.7657893;1.847582;;
5.583;-0.7572072;1.851095;;
5.584;-0.7509831;1.853642;;
5.5995663;;;0.977513827559067;0.978355935294899
5.582;-0.7657893;1.847582;;
5.583;-0.7572072;1.851095;;
5.584;-0.7509831;1.853642;;
5.606;-0.7328864;1.860877;;
5.606;-0.7326949;1.860954;;
5.608;-0.7323151;1.861105;;
5.608;-0.7322853;1.861117;;
5.628;-0.6784442;1.88139;;
5.628;-0.6781433;1.881503;;
5.629;-0.6772335;1.881846;;
5.63;-0.6771058;1.881894;;
5.65;-0.6508598;1.89113;;
5.651;-0.6505992;1.891221;;
5.652;-0.6505306;1.891246;;
5.653;-0.6505306;1.891246;;
5.673;-0.6181439;1.90207;;
5.675;-0.6175041;1.902283;;
5.676;-0.6173738;1.902327;;
5.677;-0.6173368;1.902339;;
5.696;-0.583891;1.912866;;
5.697;-0.5835777;1.912964;;
5.698;-0.5834992;1.912989;;
5.699;-0.5834724;1.912997;;
5.717;-0.550129;1.922847;;
5.718;-0.5498;1.922944;;
5.719;-0.5497054;1.922972;;
5.719;-0.5496927;1.922976;;
5.739;-0.5176589;1.931835;;
5.74;-0.5169294;1.932037;;
5.749;-0.5164887;1.932159;;
5.75;-0.5164713;1.932164;;
5.761;-0.4998892;1.936517;;
5.762;-0.486156;1.939995;;
5.763;-0.4815356;1.941165;;
5.765;-0.4815356;1.941165;;
5.783;-0.4525647;1.94812;;
5.784;-0.4466369;1.949489;;
5.785;-0.4456767;1.94971;;
5.786;-0.4455214;1.949746;;
5.806;-0.4158119;1.95628;;
5.808;-0.4146635;1.956532;;
5.811;-0.4138505;1.956711;;
5.812;-0.4137508;1.956733;;
5.829;-0.3806156;1.963436;;
5.831;-0.3795574;1.96365;;
5.832;-0.3792048;1.963721;;
5.833;-0.3791559;1.963731;;
5.853;-0.3454924;1.969922;;
5.854;-0.3446728;1.970073;;
5.855;-0.3443164;1.970138;;
5.856;-0.3442684;1.970147;;
5.876;-0.3120721;1.975489;;
5.879;-0.3108717;1.975688;;
5.881;-0.3104408;1.97576;;
5.881;-0.3104408;1.97576;;
5.8953354;;;0.966369434428226;0.975359310078231
5.9;-0.2763193;1.980812;;
5.901;-0.2756744;1.980908;;
5.902;-0.2754793;1.980937;;
5.903;-0.2754479;1.980941;;
5.922;-0.2415396;1.985353;;
5.923;-0.2409755;1.985427;;
5.924;-0.2406635;1.985467;;
5.924;-0.2406635;1.985467;;
5.944;-0.206694;1.989287;;
5.945;-0.2063823;1.989322;;
5.946;-0.2063011;1.989331;;
5.946;-0.206288;1.989333;;
5.966;-0.172077;1.992576;;
5.967;-0.1716406;1.992618;;
5.968;-0.1712205;1.992657;;
5.968;-0.1712205;1.992657;;
5.987;-0.137059;1.995291;;
5.988;-0.1364465;1.995338;;
5.989;-0.1362065;1.995356;;
5.99;-0.1361684;1.995359;;
6.01;-0.1014867;1.99742;;
6.011;-0.1011543;1.99744;;
6.012;-0.101081;1.997444;;
6.012;-0.1010684;1.997445;;
6.032;-0.06640068;1.998894;;
6.033;-0.06605645;1.998908;;
6.034;-0.065965;1.998912;;
6.035;-0.065965;1.998912;;
6.054;-0.03197042;1.999737;;
6.055;-0.03142554;1.99975;;
6.056;-0.03118254;1.999756;;
6.056;-0.03118096;1.999756;;
6.076;0.003427949;1.999989;;
6.076;0.003760155;1.999992;;
6.078;0.004228603;1.999995;;
6.078;0.004243302;1.999995;;
6.098;0.03893409;1.999617;;
6.099;0.03928702;1.999613;;
6.1;0.0393518;1.999613;;
6.101;0.03936214;1.999613;;
6.121;0.07382498;1.998633;;
6.122;0.07414515;1.998624;;
6.122;0.07426427;1.998621;;
6.123;0.07426427;1.998621;;
6.146;0.1038175;1.997264;;
6.147;0.1046185;1.997227;;
6.152;0.1090055;1.997025;;
6.152;0.1091219;1.99702;;
6.164;0.1437738;1.994819;;
6.164;0.1441658;1.994794;;
6.166;0.1445104;1.994772;;
6.166;0.1445104;1.994772;;
6.186;0.1788262;1.991982;;
6.187;0.1793021;1.991943;;
6.188;0.179704;1.99191;;
6.19;0.179704;1.99191;;
6.1966196;;;0.923427306702787;0.961572919298598
6.208;0.2137932;1.988536;;
6.209;0.2141666;1.988499;;
6.21;0.2142705;1.988489;;
6.211;0.2142705;1.988489;;
6.23;0.2488587;1.984449;;
6.231;0.2494968;1.984374;;
6.232;0.2497225;1.984348;;
6.233;0.2497532;1.984344;;
6.253;0.2835156;1.979799;;
6.254;0.2838075;1.97976;;
6.255;0.283903;1.979747;;
6.255;0.2839065;1.979746;;
6.275;0.3011019;1.977203;;
6.276;0.3134533;1.975266;;
6.276;0.3188435;1.974421;;
6.277;0.3188435;1.974421;;
6.297;0.3519652;1.968772;;
6.298;0.3527278;1.968642;;
6.3;0.3534791;1.968514;;
6.3;0.35352;1.968507;;
6.32;0.3873497;1.962124;;
6.321;0.3879047;1.962019;;
6.322;0.3881998;1.961964;;
6.323;0.3881998;1.961964;;
6.343;0.422209;1.954927;;
6.344;0.422209;1.954927;;
6.364;0.4561253;1.947289;;
6.365;0.4564771;1.94721;;
6.366;0.4565285;1.947198;;
6.367;0.4565407;1.947196;;
6.367;0.4565428;1.947195;;
6.387;0.4904366;1.938932;;
6.388;0.4907683;1.938851;;
6.389;0.4908642;1.938828;;
6.39;0.4908642;1.938828;;
6.409;0.5230302;1.930391;;
6.41;0.5236197;1.930237;;
6.411;0.5238713;1.930171;;
6.412;0.5238713;1.930171;;
6.432;0.5579101;1.920604;;
6.433;0.5582505;1.920509;;
6.434;0.5583197;1.920489;;
6.434;0.5583314;1.920486;;
6.454;0.5913791;1.910564;;
6.455;0.5917124;1.910464;;
6.456;0.5917673;1.910448;;
6.456;0.591771;1.910447;;
6.476;0.6241884;1.900095;;
6.476;0.624523;1.899988;;
6.477;0.6250072;1.899833;;
6.498;0.6419817;1.894165;;
6.4984038;;;0.963357313492748;0.957666970545707
6.498;0.6419817;1.894165;;
6.499;0.6539583;1.890047;;
6.5;0.6563689;1.889218;;
6.5;0.6572112;1.888928;;
6.501;0.6581788;1.888596;;
6.52;0.674349;1.882882;;
6.521;0.6858247;1.878713;;
6.522;0.6907859;1.876911;;
6.543;0.6917969;1.876544;;
6.544;0.6918061;1.87654;;
6.545;0.6918084;1.87654;;
6.546;0.6918089;1.876539;;
6.547;0.6918091;1.876539;;
6.565;0.7238111;1.864421;;
6.585;0.7747729;1.843814;;
6.586;0.7760429;1.843301;;
6.587;0.7760429;1.843301;;
6.588;0.785494;1.83928;;
6.589;0.7878274;1.838288;;
6.59;0.789258;1.837679;;
6.607;0.8052409;1.830733;;
6.607;0.8053913;1.830667;;
6.608;0.8054647;1.830636;;
6.609;0.8054748;1.830631;;
6.628;0.8369971;1.816431;;
6.629;0.8373207;1.816285;;
6.629;0.8373749;1.816261;;
6.65;0.8686149;1.801525;;
6.65;0.8686759;1.801497;;
6.651;0.8689345;1.801375;;
6.652;0.8689768;1.801355;;
6.652;0.8689961;1.801346;;
6.672;0.9005157;1.785797;;
6.673;0.9005157;1.785797;;
6.673;0.9005157;1.785797;;
6.693;0.9158561;1.777978;;
6.694;0.916013;1.777898;;
6.695;0.927444;1.771944;;
6.695;0.9291612;1.771049;;
6.696;0.9317594;1.769696;;
6.715;0.9714714;1.748212;;
6.716;0.9714714;1.748212;;
6.716;0.9714714;1.748212;;
6.736;0.9925974;1.736302;;
6.736;0.9927369;1.736223;;
6.737;0.9928442;1.736162;;
6.738;0.9928602;1.736153;;
6.757;1.023144;1.718476;;
6.757;1.023372;1.718343;;
6.758;1.023519;1.718257;;
6.759;1.023542;1.718244;;
6.778;1.053117;1.700274;;
6.779;1.053414;1.700093;;
6.78;1.05348;1.700052;;
6.78;1.053492;1.700046;;
6.7996875;;;0.859810898442713;0.928241238266619
6.799;1.082838;1.681501;;
6.8;1.082856;1.68149;;
6.801;1.082873;1.681479;;
6.822;1.098286;1.671456;;
6.823;1.109689;1.663894;;
6.823;1.111595;1.662629;;
6.825;1.112416;1.662086;;
6.825;1.112417;1.662085;;
6.844;1.126625;1.652486;;
6.844;1.126768;1.652389;;
6.846;1.126971;1.652252;;
6.846;1.126977;1.652248;;
6.866;1.155753;1.632244;;
6.867;1.156014;1.632062;;
6.867;1.162855;1.627147;;
6.889;1.19823;1.601319;;
6.89;1.198559;1.601079;;
6.891;1.19861;1.601041;;
6.891;1.198629;1.601027;;
6.892;1.198629;1.601027;;
6.91;1.21217;1.590797;;
6.911;1.222939;1.582515;;
6.912;1.226593;1.579706;;
6.932;1.240132;1.569099;;
6.933;1.240132;1.569099;;
6.941;1.240132;1.569099;;
6.942;1.25392;1.558103;;
6.953;1.267507;1.54707;;
6.954;1.267507;1.54707;;
6.955;1.267507;1.54707;;
6.956;1.286079;1.53163;;
6.975;1.295786;1.523461;;
6.976;1.295884;1.523379;;
6.976;1.295901;1.523365;;
6.977;1.295912;1.523356;;
6.997;1.320804;1.501825;;
6.997;1.320804;1.501825;;
6.998;1.320804;1.501825;;
7.018;1.347346;1.478053;;
7.018;1.347353;1.478047;;
7.019;1.347621;1.477808;;
7.02;1.347665;1.477768;;
7.039;1.372377;1.454843;;
7.04;1.372601;1.454634;;
7.041;1.372671;1.45457;;
7.041;1.372677;1.454564;;
7.061;1.397782;1.430451;;
7.061;1.397884;1.430353;;
7.062;1.398063;1.430181;;
7.063;1.398092;1.430153;;
7.082;1.422876;1.405492;;
7.083;1.423112;1.405257;;
7.084;1.423176;1.405193;;
7.084;1.423186;1.405183;;
7.1014724;;;0.992266480159611;0.934715499699465
7.104;1.447144;1.380492;;
7.105;1.447371;1.380259;;
7.105;1.447448;1.380179;;
7.106;1.447448;1.380179;;
7.125;1.471118;1.354915;;
7.126;1.471357;1.35466;;
7.126;1.471398;1.354616;;
7.127;1.471425;1.354587;;
7.147;1.494378;1.329212;;
7.148;1.494696;1.32886;;
7.148;1.494852;1.328688;;
7.168;1.518067;1.302098;;
7.169;1.518308;1.301821;;
7.17;1.518342;1.301782;;
7.171;1.518352;1.301771;;
7.172;1.518352;1.301771;;
7.19;1.533686;1.283664;;
7.191;1.538643;1.277713;;
7.192;1.540706;1.275235;;
7.213;1.562907;1.247926;;
7.214;1.562907;1.247926;;
7.215;1.562907;1.247926;;
7.215;1.562907;1.247926;;
7.216;1.562907;1.247926;;
7.236;1.583961;1.22108;;
7.237;1.584292;1.220658;;
7.238;1.584433;1.220479;;
7.238;1.584447;1.220461;;
7.258;1.605473;1.192661;;
7.259;1.605665;1.192407;;
7.259;1.605692;1.192372;;
7.28;1.62609;1.164395;;
7.281;1.62629;1.164122;;
7.282;1.62632;1.16408;;
7.283;1.626329;1.164068;;
7.304;1.646522;1.13532;;
7.327;1.666053;1.106459;;
7.328;1.666167;1.106292;;
7.329;1.666268;1.106143;;
7.33;1.666268;1.106143;;
7.338;1.680073;1.085042;;
7.339;1.680535;1.084335;;
7.349;1.685088;1.077254;;
7.349;1.685157;1.077147;;
7.35;1.685204;1.077074;;
7.351;1.685204;1.077074;;
7.37;1.70368;1.047596;;
7.371;1.703888;1.047264;;
7.372;1.703919;1.047215;;
7.392;1.721738;1.017647;;
7.393;1.721956;1.017285;;
7.394;1.721956;1.017285;;
7.395;1.721956;1.017285;;
7.395;1.721956;1.017285;;
7.4032571;;;-0.56485725814893;0.562644358486536
7.392;1.721738;1.017647;;
7.393;1.721956;1.017285;;
7.394;1.721956;1.017285;;
7.395;1.721956;1.017285;;
7.395;1.721956;1.017285;;
7.415;1.739067;0.987725;;
7.416;1.739342;0.98725;;
7.439;1.756491;0.9564123;;
7.44;1.756643;0.9561397;;
7.441;1.756671;0.9560892;;
7.442;1.756676;0.9560811;;
7.442;1.756676;0.9560801;;
7.461;1.773025;0.9254017;;
7.463;1.77321;0.9250534;;
7.463;1.773221;0.9250327;;
7.483;1.788779;0.8945623;;
7.485;1.789111;0.8939111;;
7.486;1.789147;0.8938406;;
7.486;1.78916;0.8938162;;
7.487;1.78916;0.8938162;;
7.506;1.805382;0.8605789;;
7.507;1.805382;0.8605789;;
7.508;1.805382;0.8605789;;
7.508;1.805382;0.8605789;;
7.527;1.819191;0.8309807;;
7.528;1.819342;0.8306575;;
7.529;1.819364;0.8306108;;
7.549;1.833569;0.7987545;;
7.55;1.833748;0.7983533;;
7.551;1.833748;0.7983533;;
7.551;1.833748;0.7983533;;
7.552;1.833748;0.7983533;;
7.571;1.847363;0.7662909;;
7.572;1.847657;0.7656001;;
7.573;1.847856;0.7651317;;
7.594;1.860348;0.7342213;;
7.595;1.860525;0.7337831;;
7.596;1.860619;0.7335501;;
7.616;1.873104;0.701047;;
7.617;1.873214;0.7007588;;
7.617;1.873224;0.700733;;
7.618;1.873256;0.7006497;;
7.639;1.885182;0.6678876;;
7.64;1.885301;0.667562;;
7.642;1.885323;0.667499;;
7.663;1.896455;0.6351737;;
7.663;1.896511;0.6350085;;
7.664;1.896576;0.6348214;;
7.665;1.896586;0.6347924;;
7.665;1.89659;0.6347819;;
7.666;1.89659;0.6347819;;
7.684;1.907393;0.6015269;;
7.685;1.907504;0.6011856;;
7.686;1.907532;0.601099;;
7.686;1.907537;0.6010845;;
7.7045403;;;0.0191146159224208;0.326583684093954
7.706;1.91769;0.5678464;;
7.707;1.917785;0.5675343;;
7.708;1.917808;0.5674596;;
7.735;1.927264;0.5344547;;
7.736;1.927338;0.5341988;;
7.737;1.927349;0.5341592;;
7.738;1.927351;0.5341532;;
7.739;1.931268;0.5197741;;
7.75;1.93636;0.5004978;;
7.751;1.936452;0.5001503;;
7.752;1.936472;0.5000752;;
7.773;1.944884;0.4662732;;
7.774;1.944964;0.4659522;;
7.774;1.944978;0.4658981;;
7.775;1.944985;0.4658694;;
7.776;1.944985;0.4658694;;
7.795;1.95256;0.4329697;;
7.797;1.952761;0.4320979;;
7.819;1.959811;0.3988737;;
7.82;1.960057;0.3977163;;
7.841;1.966762;0.3631056;;
7.842;1.966762;0.3631056;;
7.842;1.966762;0.3631056;;
7.843;1.966762;0.3631056;;
7.862;1.972858;0.3283754;;
7.863;1.972858;0.3283754;;
7.864;1.972858;0.3283754;;
7.865;1.972858;0.3283754;;
7.885;1.978235;0.2942332;;
7.886;1.978303;0.2938007;;
7.887;1.978303;0.2938007;;
7.887;1.978303;0.2938007;;
7.887;1.978303;0.2938007;;
7.907;1.983084;0.2595421;;
7.908;1.98313;0.2592106;;
7.909;1.983145;0.2591093;;
7.929;1.98739;0.2242372;;
7.93;1.98739;0.2242372;;
7.93;1.98739;0.2242372;;
7.931;1.98739;0.2242372;;
7.952;1.990992;0.18957;;
7.953;1.991017;0.1893304;;
7.954;1.991031;0.1891922;;
7.974;1.994028;0.1543906;;
7.976;1.994065;0.1539649;;
7.996;1.996433;0.1193912;;
7.997;1.996433;0.1193912;;
7.998;1.996433;0.1193912;;
7.998;1.996433;0.1193912;;
8.0063255;;;0.00981057035035243;0.114083602070864
8.018;1.998209;0.08462756;;
8.019;1.998209;0.08462756;;
8.02;1.998209;0.08462756;;
8.02;1.998209;0.08462756;;
8.04;1.999379;0.04968711;;
8.041;1.999391;0.04932947;;
8.042;1.999393;0.04927358;;
8.043;1.999393;0.04925831;;
8.062;1.999943;0.01462739;;
8.063;1.999949;0.01425247;;
8.064;1.999949;0.01419537;;
8.065;1.99995;0.01418067;;
8.085;1.999891;-0.02049726;;
8.086;1.99989;-0.02093663;;
8.087;1.99989;-0.02093663;;
8.107;1.999221;-0.05569345;;
8.108;1.999214;-0.05603144;;
8.109;1.999213;-0.05610914;;
8.109;1.999212;-0.05612251;;
8.11;1.999212;-0.05613074;;
8.136;1.998273;-0.08304617;;
8.137;1.997919;-0.09120268;;
8.138;1.997919;-0.09120268;;
8.149;1.997069;-0.1082165;;
8.15;1.997053;-0.1085341;;
8.151;1.997051;-0.1085775;;
8.151;1.995912;-0.1270687;;
8.171;1.994714;-0.1452891;;
8.172;1.994702;-0.1454719;;
8.174;1.993877;-0.1561922;;
8.175;1.993711;-0.1583559;;
8.193;1.992036;-0.1782897;;
8.194;1.99202;-0.1784811;;
8.194;1.992013;-0.1785664;;
8.195;1.992013;-0.1785664;;
8.215;1.988642;-0.2128073;;
8.215;1.988629;-0.2129473;;
8.216;1.988605;-0.2131906;;
8.217;1.988601;-0.2132294;;
8.236;1.984563;-0.2479767;;
8.236;1.984541;-0.2481675;;
8.237;1.984509;-0.2484431;;
8.238;1.984509;-0.2484431;;
8.257;1.982348;-0.265118;;
8.257;1.982321;-0.2653331;;
8.259;1.980159;-0.280949;;
8.26;1.979926;-0.2826338;;
8.278;1.9729;-0.3280822;;
8.279;1.972827;-0.3285544;;
8.299;1.968771;-0.3520437;;
8.3;1.968729;-0.3522876;;
8.301;1.968722;-0.3523227;;
8.302;1.968721;-0.3523332;;
8.3076085;;;-0.736565731871012;-0.318124450936792
8.299;1.968771;-0.3520437;;
8.3;1.968729;-0.3522876;;
8.301;1.968722;-0.3523227;;
8.302;1.968721;-0.3523332;;
8.322;1.962245;-0.386773;;
8.323;1.962245;-0.386773;;
8.323;1.962245;-0.386773;;
8.324;1.962245;-0.386773;;
8.344;1.955188;-0.4209971;;
8.345;1.955188;-0.4209971;;
8.345;1.955188;-0.4209971;;
8.346;1.955188;-0.4209971;;
8.347;1.955188;-0.4209971;;
8.366;1.947583;-0.4548668;;
8.367;1.947503;-0.4552249;;
8.368;1.947483;-0.4553136;;
8.388;1.939195;-0.4894105;;
8.389;1.939195;-0.4894105;;
8.39;1.939195;-0.4894105;;
8.391;1.939195;-0.4894105;;
8.391;1.939195;-0.4894105;;
8.41;1.934891;-0.5061547;;
8.411;1.93485;-0.5063157;;
8.432;1.918275;-0.5658388;;
8.433;1.918128;-0.5663667;;
8.433;1.918105;-0.5664489;;
8.434;1.91808;-0.5665407;;
8.435;1.918076;-0.5665549;;
8.454;1.910822;-0.5905526;;
8.455;1.910743;-0.5908127;;
8.456;1.91073;-0.5908564;;
8.457;1.910727;-0.5908652;;
8.477;1.900063;-0.6243091;;
8.477;1.900063;-0.6243091;;
8.478;1.900063;-0.6243091;;
8.499;1.889337;-0.6560111;;
8.5;1.88914;-0.6565934;;
8.501;1.888866;-0.6574042;;
8.502;1.888823;-0.6575303;;
8.503;1.888815;-0.6575534;;
8.523;1.876955;-0.6906797;;
8.524;1.876955;-0.6906797;;
8.525;1.876955;-0.6906797;;
8.545;1.864729;-0.7230292;;
8.546;1.864607;-0.7233523;;
8.547;1.864582;-0.7234182;;
8.547;1.864578;-0.7234293;;
8.548;1.864576;-0.7234342;;
8.567;1.85822;-0.7396035;;
8.568;1.858137;-0.7398165;;
8.569;1.858137;-0.7398165;;
8.569;1.858137;-0.7398165;;
8.59;1.834122;-0.7974939;;
8.591;1.834122;-0.7974939;;
8.592;1.834122;-0.7974939;;
8.6093932;;;-0.965479181673965;-0.418279931818051
8.611;1.8241;-0.8201531;;
8.612;1.824003;-0.8203729;;
8.612;1.823965;-0.8204577;;
8.613;1.823965;-0.8204577;;
8.614;1.823965;-0.8204577;;
8.633;1.809481;-0.851918;;
8.634;1.809324;-0.852258;;
8.635;1.809297;-0.8523164;;
8.656;1.794575;-0.882869;;
8.657;1.794306;-0.8834276;;
8.658;1.794107;-0.883841;;
8.658;1.794073;-0.883911;;
8.659;1.794042;-0.8839756;;
8.678;1.778258;-0.915314;;
8.678;1.778258;-0.915314;;
8.679;1.778258;-0.915314;;
8.699;1.762082;-0.9460725;;
8.7;1.761923;-0.9463743;;
8.701;1.761878;-0.9464604;;
8.702;1.761878;-0.9464604;;
8.723;1.75362;-0.9616699;;
8.725;1.753461;-0.9619628;;
8.726;1.75343;-0.9620197;;
8.727;1.753426;-0.9620282;;
8.728;1.746745;-0.9740806;;
8.745;1.722343;-1.016612;;
8.747;1.722043;-1.017134;;
8.748;1.72201;-1.017193;;
8.769;1.709685;-1.037771;;
8.77;1.709582;-1.037944;;
8.77;1.709535;-1.038022;;
8.771;1.709535;-1.038022;;
8.772;1.709535;-1.038022;;
8.791;1.69137;-1.067357;;
8.792;1.691196;-1.067638;;
8.792;1.691173;-1.067675;;
8.793;1.691134;-1.067738;;
8.813;1.672454;-1.096761;;
8.814;1.67228;-1.09703;;
8.815;1.672233;-1.097103;;
8.835;1.653071;-1.125762;;
8.836;1.65289;-1.126034;;
8.836;1.652828;-1.126126;;
8.837;1.652828;-1.126126;;
8.838;1.652828;-1.126126;;
8.857;1.632915;-1.154804;;
8.858;1.632698;-1.155116;;
8.859;1.632666;-1.155162;;
8.879;1.622662;-1.169173;;
8.88;1.622558;-1.169318;;
8.881;1.622543;-1.169339;;
8.882;1.62254;-1.169344;;
8.882;1.622539;-1.169345;;
8.902;1.585054;-1.219653;;
8.903;1.584582;-1.220287;;
8.904;1.584582;-1.220287;;
8.9106771;;;-0.988527938207298;-0.670190570350481
8.927;1.580053;-1.226145;;
8.928;1.580014;-1.226196;;
8.929;1.56975;-1.239308;;
8.93;1.56975;-1.239308;;
8.945;1.542654;-1.27284;;
8.946;1.542082;-1.273548;;
8.947;1.54125;-1.274577;;
8.948;1.54125;-1.274577;;
8.967;1.525227;-1.293703;;
8.968;1.524968;-1.294011;;
8.969;1.524841;-1.294163;;
8.97;1.52482;-1.294188;;
8.989;1.502819;-1.319661;;
8.99;1.502402;-1.320145;;
8.992;1.50227;-1.320297;;
8.992;1.502263;-1.320305;;
8.993;1.50225;-1.32032;;
9.012;1.478725;-1.346615;;
9.013;1.478725;-1.346615;;
9.014;1.478725;-1.346615;;
9.034;1.467197;-1.359164;;
9.034;1.467052;-1.359321;;
9.036;1.466926;-1.359459;;
9.036;1.466917;-1.359469;;
9.057;1.425121;-1.403158;;
9.057;1.42501;-1.403274;;
9.059;1.423316;-1.405044;;
9.059;1.423186;-1.40518;;
9.079;1.406275;-1.422103;;
9.079;1.406194;-1.422184;;
9.081;1.405842;-1.422535;;
9.082;1.405842;-1.422535;;
9.101;1.381442;-1.446233;;
9.102;1.381076;-1.446588;;
9.103;1.380862;-1.446796;;
9.103;1.380825;-1.446831;;
9.123;1.355825;-1.470275;;
9.124;1.355458;-1.47062;;
9.125;1.355257;-1.470808;;
9.126;1.355216;-1.470846;;
9.145;1.342578;-1.48239;;
9.146;1.331553;-1.492285;;
9.147;1.329735;-1.493916;;
9.148;1.329159;-1.494432;;
9.168;1.303676;-1.516702;;
9.168;1.303565;-1.516799;;
9.17;1.302815;-1.517454;;
9.171;1.302732;-1.517526;;
9.189;1.289696;-1.528619;;
9.19;1.289434;-1.528842;;
9.191;1.28934;-1.528921;;
9.192;1.28934;-1.528921;;
9.212;1.262891;-1.550831;;
9.2129633;;;-0.945068257394656;-0.908910277286733
9.212;1.262891;-1.550831;;
9.213;1.248174;-1.562647;;
9.214;1.240511;-1.5688;;
9.215;1.240511;-1.5688;;
9.235;1.221075;-1.583972;;
9.236;1.220869;-1.584133;;
9.237;1.220838;-1.584157;;
9.238;1.220831;-1.584163;;
9.257;1.19348;-1.604864;;
9.258;1.193182;-1.60509;;
9.259;1.193138;-1.605123;;
9.259;1.193131;-1.605129;;
9.28;1.16561;-1.625211;;
9.282;1.164901;-1.625729;;
9.283;1.164662;-1.625903;;
9.284;1.164625;-1.62593;;
9.306;1.136978;-1.64537;;
9.307;1.136459;-1.645735;;
9.308;1.136231;-1.645896;;
9.336;1.107915;-1.66508;;
9.337;1.107292;-1.665502;;
9.338;1.095179;-1.673478;;
9.339;1.092822;-1.675031;;
9.34;1.092413;-1.6753;;
9.35;1.092262;-1.6754;;
9.352;1.092255;-1.675404;;
9.352;1.092255;-1.675404;;
9.372;1.039595;-1.708551;;
9.373;1.038621;-1.709164;;
9.374;1.038267;-1.709386;;
9.375;1.038267;-1.709386;;
9.394;1.018313;-1.721346;;
9.395;1.018122;-1.72146;;
9.396;1.018071;-1.721491;;
9.396;1.018063;-1.721496;;
9.397;1.018054;-1.721501;;
9.416;0.9878029;-1.739031;;
9.417;0.9875004;-1.739206;;
9.417;0.9874501;-1.739236;;
9.438;0.9575365;-1.755879;;
9.438;0.9573403;-1.755988;;
9.439;0.9572025;-1.756064;;
9.44;0.9571823;-1.756076;;
9.441;0.9571775;-1.756078;;
9.459;0.9263344;-1.772537;;
9.46;0.9259787;-1.772727;;
9.461;0.9259278;-1.772754;;
9.481;0.8951135;-1.788507;;
9.482;0.8948093;-1.788662;;
9.483;0.8947437;-1.788696;;
9.483;0.8947325;-1.788702;;
9.504;0.8791533;-1.796409;;
9.505;0.8790052;-1.796482;;
9.506;0.878967;-1.796501;;
9.507;0.878967;-1.796501;;
9.5097346;;;-0.881137193338174;-0.945053142653523
9.504;0.8791533;-1.796409;;
9.505;0.8790052;-1.796482;;
9.506;0.878967;-1.796501;;
9.507;0.878967;-1.796501;;
9.526;0.8220398;-1.823238;;
9.527;0.8215172;-1.823483;;
9.527;0.8214908;-1.823496;;
9.528;0.8213405;-1.823566;;
9.548;0.7999374;-1.833054;;
9.549;0.7996075;-1.8332;;
9.55;0.7994096;-1.833288;;
9.55;0.7994096;-1.833288;;
9.571;0.7673458;-1.846934;;
9.571;0.7672035;-1.846995;;
9.572;0.7669562;-1.8471;;
9.573;0.7669562;-1.8471;;
9.592;0.7349732;-1.860054;;
9.593;0.7346277;-1.860193;;
9.594;0.7345681;-1.860218;;
9.595;0.734559;-1.860221;;
9.615;0.7021672;-1.872684;;
9.616;0.7018328;-1.872813;;
9.617;0.7017828;-1.872832;;
9.617;0.7017743;-1.872835;;
9.637;0.669016;-1.884782;;
9.638;0.6686987;-1.884897;;
9.639;0.6686242;-1.884925;;
9.64;0.6686068;-1.884931;;
9.659;0.6522316;-1.890659;;
9.66;0.6520523;-1.890721;;
9.661;0.6520196;-1.890733;;
9.662;0.6520196;-1.890733;;
9.682;0.593839;-1.90978;;
9.683;0.5929834;-1.91006;;
9.683;0.5925853;-1.91019;;
9.684;0.5923909;-1.910254;;
9.703;0.5859913;-1.912227;;
9.704;0.5710629;-1.916728;;
9.705;0.5685552;-1.917484;;
9.706;0.5685552;-1.917484;;
9.726;0.5528052;-1.922081;;
9.727;0.5452573;-1.924215;;
9.728;0.5369059;-1.926576;;
9.729;0.5352997;-1.927031;;
9.748;0.5006665;-1.936311;;
9.749;0.5000113;-1.936486;;
9.75;0.499814;-1.936539;;
9.751;0.4997824;-1.936548;;
9.771;0.4843097;-1.940474;;
9.772;0.4716513;-1.943574;;
9.773;0.4681894;-1.944422;;
9.774;0.4672444;-1.944653;;
9.793;0.4330134;-1.952558;;
9.794;0.4326817;-1.952635;;
9.795;0.4325962;-1.952654;;
9.795;0.4325822;-1.952658;;
9.8215458;;;-0.0146886985161132;-0.70735552186406
9.866;0.3300722;-1.972565;;
9.868;0.3297463;-1.972629;;
9.869;0.3297126;-1.972635;;
9.87;0.3297126;-1.972635;;
9.87;0.3297126;-1.972635;;
9.871;0.3297126;-1.972635;;
9.872;0.3161948;-1.974834;;
9.873;0.3133165;-1.975302;;
9.874;0.3127052;-1.975402;;
9.874;0.312601;-1.975419;;
9.875;0.3125407;-1.975429;;
9.876;0.3125407;-1.975429;;
9.876;0.3125407;-1.975429;;
9.889;0.295458;-1.978054;;
9.89;0.2951863;-1.978096;;
9.891;0.2951495;-1.978102;;
9.892;0.2951419;-1.978103;;
9.911;0.2601247;-1.983008;;
9.912;0.2596641;-1.983072;;
9.913;0.2596641;-1.983072;;
9.913;0.2596641;-1.983072;;
9.933;0.22568;-1.987223;;
9.933;0.2252454;-1.987276;;
9.934;0.2252454;-1.987276;;
9.954;0.1909611;-1.990859;;
9.955;0.1906465;-1.990892;;
9.955;0.1905236;-1.990904;;
9.956;0.1905236;-1.990904;;
9.957;0.1905236;-1.990904;;
9.976;0.1728527;-1.992517;;
9.977;0.1728527;-1.992517;;
9.977;0.1728527;-1.992517;;
9.998;0.1104989;-1.996934;;
9.999;0.1099464;-1.996973;;
10;0.1097633;-1.996986;;
10;0.1097633;-1.996986;;
10.001;0.1097633;-1.996986;;
10.02;0.08566876;-1.998163;;
10.021;0.08542356;-1.998174;;
10.021;0.08538149;-1.998176;;
10.041;0.05085225;-1.99935;;
10.042;0.05049304;-1.999362;;
10.043;0.05042731;-1.999364;;
10.044;0.05042731;-1.999364;;
10.064;0.01710777;-1.999913;;
10.064;0.01685318;-1.999917;;
10.066;0.01557555;-1.999938;;
10.086;-0.0193324;-1.999903;;
10.087;-0.01977042;-1.999902;;
10.088;-0.01977042;-1.999902;;
10.088;-0.01977042;-1.999902;;
10.088;-0.01977042;-1.999902;;
10.108;-0.05439988;-1.999256;;
10.109;-0.05470366;-1.999251;;
10.109;-0.0548441;-1.999248;;
10.11;-0.0548441;-1.999248;;
10.1173151;;;0.0199611316172831;-0.455233254407915
10.108;-0.05439988;-1.999256;;
10.109;-0.05470366;-1.999251;;
10.109;-0.0548441;-1.999248;;
10.11;-0.0548441;-1.999248;;
10.13;-0.07219867;-1.998695;;
10.131;-0.07235518;-1.99869;;
10.132;-0.07240137;-1.998689;;
10.132;-0.07240699;-1.998689;;
10.151;-0.1437164;-1.994813;;
10.152;-0.1443906;-1.994776;;
10.153;-0.1445773;-1.994766;;
10.153;-0.1446049;-1.994765;;
10.173;-0.1593879;-1.993637;;
10.174;-0.159632;-1.993619;;
10.175;-0.1597591;-1.993609;;
10.176;-0.1597591;-1.993609;;
10.196;-0.1950764;-1.990464;;
10.197;-0.1950764;-1.990464;;
10.197;-0.1950764;-1.990464;;
10.198;-0.1950764;-1.990464;;
10.217;-0.2119438;-1.988736;;
10.218;-0.2242457;-1.98737;;
10.219;-0.2299651;-1.986735;;
10.22;-0.2299651;-1.986735;;
10.239;-0.2471068;-1.984675;;
10.24;-0.2611642;-1.98286;;
10.241;-0.2642733;-1.982459;;
10.241;-0.264807;-1.98239;;
10.26;-0.2817891;-1.980048;;
10.261;-0.2819757;-1.980023;;
10.262;-0.2996679;-1.977422;;
10.263;-0.2996679;-1.977422;;
10.281;-0.3168119;-1.974747;;
10.282;-0.3169974;-1.974718;;
10.283;-0.3170348;-1.974712;;
10.303;-0.3509871;-1.968957;;
10.304;-0.3514115;-1.968885;;
10.304;-0.3514115;-1.968885;;
10.305;-0.3514115;-1.968885;;
10.324;-0.3857996;-1.962437;;
10.325;-0.3857996;-1.962437;;
10.326;-0.3857996;-1.962437;;
10.346;-0.4191729;-1.955573;;
10.346;-0.4195512;-1.955495;;
10.348;-0.4199527;-1.955412;;
10.348;-0.4199767;-1.955408;;
10.349;-0.4200031;-1.955402;;
10.368;-0.4541975;-1.947739;;
10.368;-0.4546554;-1.947637;;
10.369;-0.4546554;-1.947637;;
10.389;-0.4882909;-1.939473;;
10.39;-0.4886129;-1.939395;;
10.391;-0.4887171;-1.93937;;
10.391;-0.4887171;-1.93937;;
10.4075698;;;-0.973705196001977;-0.462392489059745
10.41;-0.5220517;-1.93066;;
10.411;-0.5224155;-1.930565;;
10.412;-0.5224842;-1.930547;;
10.413;-0.5224842;-1.930547;;
10.432;-0.5558745;-1.921194;;
10.433;-0.5562401;-1.921092;;
10.434;-0.5563061;-1.921074;;
10.435;-0.5563061;-1.921074;;
10.455;-0.5897393;-1.911071;;
10.456;-0.5900716;-1.910972;;
10.457;-0.5901413;-1.910951;;
10.458;-0.5901559;-1.910946;;
10.478;-0.6229368;-1.900509;;
10.479;-0.6232115;-1.900422;;
10.48;-0.6233025;-1.900393;;
10.48;-0.6233039;-1.900392;;
10.5;-0.6561934;-1.889284;;
10.509;-0.6566036;-1.889146;;
10.523;-0.6887179;-1.877665;;
10.524;-0.6894549;-1.877401;;
10.543;-0.7222265;-1.865039;;
10.544;-0.7225388;-1.864922;;
10.545;-0.7226235;-1.86489;;
10.545;-0.7226365;-1.864885;;
10.565;-0.7544161;-1.852249;;
10.566;-0.754931;-1.852045;;
10.567;-0.7551939;-1.85194;;
10.568;-0.7551939;-1.85194;;
10.587;-0.7871038;-1.838601;;
10.588;-0.7874185;-1.838469;;
10.588;-0.7874722;-1.838447;;
10.589;-0.7875075;-1.838432;;
10.609;-0.8191373;-1.82455;;
10.61;-0.8196788;-1.824313;;
10.612;-0.8198673;-1.82423;;
10.612;-0.8198773;-1.824226;;
10.633;-0.8512888;-1.809777;;
10.633;-0.851522;-1.80967;;
10.634;-0.8516439;-1.809614;;
10.635;-0.8516609;-1.809606;;
10.654;-0.882885;-1.794575;;
10.655;-0.8832284;-1.79441;;
10.656;-0.8832873;-1.794381;;
10.657;-0.8832873;-1.794381;;
10.677;-0.9145988;-1.778626;;
10.677;-0.9145988;-1.778626;;
10.678;-0.9145988;-1.778626;;
10.698;-0.9453843;-1.762451;;
10.699;-0.9456962;-1.762287;;
10.7;-0.9457468;-1.76226;;
10.7;-0.9457521;-1.762258;;
10.701;-0.9457637;-1.762252;;
10.7088532;;;-0.0048662420456847;-0.243324751236623
10.698;-0.9453843;-1.762451;;
10.699;-0.9456962;-1.762287;;
10.7;-0.9457468;-1.76226;;
10.7;-0.9457521;-1.762258;;
10.701;-0.9457637;-1.762252;;
10.72;-0.9762076;-1.745567;;
10.722;-0.9765648;-1.745371;;
10.723;-0.9765991;-1.745352;;
10.743;-1.006809;-1.728097;;
10.744;-1.007119;-1.72792;;
10.745;-1.007167;-1.727893;;
10.745;-1.007184;-1.727883;;
10.746;-1.007184;-1.727883;;
10.766;-1.035791;-1.710876;;
10.766;-1.036065;-1.710713;;
10.768;-1.036778;-1.710289;;
10.768;-1.03683;-1.710258;;
10.787;-1.059105;-1.696552;;
10.788;-1.065601;-1.692478;;
10.789;-1.066446;-1.691948;;
10.81;-1.095815;-1.673069;;
10.811;-1.096529;-1.67261;;
10.812;-1.096529;-1.67261;;
10.812;-1.096529;-1.67261;;
10.812;-1.096529;-1.67261;;
10.832;-1.110741;-1.663205;;
10.833;-1.122506;-1.655272;;
10.834;-1.125691;-1.653124;;
10.854;-1.139899;-1.64336;;
10.854;-1.149998;-1.636284;;
10.855;-1.154179;-1.633355;;
10.856;-1.155028;-1.63276;;
10.856;-1.155171;-1.63266;;
10.876;-1.182197;-1.613186;;
10.877;-1.182786;-1.612761;;
10.879;-1.183152;-1.612498;;
10.9;-1.210718;-1.5919;;
10.901;-1.21093;-1.591743;;
10.902;-1.211008;-1.591684;;
10.912;-1.211052;-1.591651;;
10.923;-1.224551;-1.581287;;
10.925;-1.233682;-1.57415;;
10.926;-1.236231;-1.572158;;
10.928;-1.238683;-1.570242;;
10.929;-1.238889;-1.57008;;
10.948;-1.270154;-1.544891;;
10.949;-1.270493;-1.544618;;
10.95;-1.270562;-1.544562;;
10.951;-1.270562;-1.544562;;
10.971;-1.29335;-1.525528;;
10.975;-1.293614;-1.525307;;
10.976;-1.293625;-1.525298;;
10.977;-1.301653;-1.518432;;
10.994;-1.319551;-1.502923;;
10.995;-1.319751;-1.50275;;
10.996;-1.31981;-1.502698;;
10.996;-1.31981;-1.502698;;
11.0106382;;;-0.00624878196178585;-0.241214772098041
11.015;-1.345633;-1.479613;;
11.017;-1.345928;-1.479349;;
11.017;-1.345953;-1.479328;;
11.018;-1.345964;-1.479318;;
11.037;-1.37123;-1.455923;;
11.038;-1.371508;-1.455666;;
11.039;-1.371546;-1.455631;;
11.039;-1.371552;-1.455625;;
11.059;-1.396704;-1.431504;;
11.06;-1.396915;-1.431301;;
11.061;-1.396985;-1.431234;;
11.081;-1.421426;-1.406959;;
11.082;-1.421674;-1.406713;;
11.083;-1.421714;-1.406673;;
11.102;-1.445773;-1.381928;;
11.103;-1.446031;-1.381663;;
11.104;-1.446072;-1.381621;;
11.124;-1.469994;-1.356135;;
11.125;-1.470217;-1.355897;;
11.126;-1.470277;-1.355833;;
11.146;-1.493422;-1.330292;;
11.147;-1.493661;-1.330028;;
11.148;-1.493709;-1.329975;;
11.148;-1.493709;-1.329975;;
11.169;-1.516889;-1.303475;;
11.169;-1.516889;-1.303475;;
11.19;-1.53922;-1.277022;;
11.191;-1.539489;-1.276705;;
11.192;-1.539489;-1.276705;;
11.193;-1.539489;-1.276705;;
11.212;-1.561539;-1.249631;;
11.213;-1.561788;-1.249326;;
11.214;-1.561832;-1.249272;;
11.235;-1.583576;-1.221592;;
11.236;-1.583576;-1.221592;;
11.237;-1.583576;-1.221592;;
11.259;-1.604076;-1.194541;;
11.26;-1.604309;-1.194233;;
11.261;-1.604309;-1.194233;;
11.261;-1.604309;-1.194233;;
11.262;-1.604309;-1.194233;;
11.281;-1.624922;-1.166024;;
11.282;-1.625117;-1.165757;;
11.283;-1.625176;-1.165677;;
11.283;-1.625182;-1.165668;;
11.303;-1.645251;-1.137161;;
11.313;-1.645494;-1.136815;;
11.314;-1.645499;-1.136809;;
11.3144283;;;-0.012341885629737;-0.249290526409796
11.303;-1.645251;-1.137161;;
11.313;-1.645494;-1.136815;;
11.314;-1.645499;-1.136809;;
11.325;-1.664917;-1.108163;;
11.346;-1.684112;-1.078773;;
11.348;-1.684271;-1.07853;;
11.349;-1.684305;-1.078478;;
11.351;-1.684338;-1.078427;;
11.37;-1.703167;-1.048437;;
11.37;-1.703167;-1.048437;;
11.371;-1.703167;-1.048437;;
11.371;-1.703167;-1.048437;;
11.372;-1.703167;-1.048437;;
11.392;-1.720759;-1.019294;;
11.394;-1.721122;-1.018691;;
11.395;-1.721195;-1.018571;;
11.416;-1.738495;-0.9887483;;
11.417;-1.738697;-0.9883999;;
11.418;-1.738697;-0.9883999;;
11.418;-1.738697;-0.9883999;;
11.419;-1.738697;-0.9883999;;
11.438;-1.755336;-0.9585232;;
11.439;-1.755645;-0.9579675;;
11.44;-1.755744;-0.9577894;;
11.441;-1.755761;-0.9577597;;
11.46;-1.772138;-0.927099;;
11.461;-1.772312;-0.926773;;
11.462;-1.77234;-0.9267197;;
11.482;-1.788173;-0.8957799;;
11.483;-1.788313;-0.8955062;;
11.483;-1.788332;-0.8954706;;
11.484;-1.788363;-0.8954087;;
11.485;-1.788368;-0.8953988;;
11.504;-1.803685;-0.8641198;;
11.504;-1.803769;-0.8639492;;
11.526;-1.818542;-0.8324008;;
11.526;-1.818623;-0.832227;;
11.527;-1.818697;-0.8320689;;
11.528;-1.81871;-0.8320422;;
11.529;-1.818712;-0.8320381;;
11.549;-1.832309;-0.8016141;;
11.549;-1.832335;-0.8015565;;
11.551;-1.832925;-0.8002371;;
11.57;-1.846457;-0.7684914;;
11.571;-1.846632;-0.7680809;;
11.572;-1.846632;-0.7680809;;
11.573;-1.846632;-0.7680809;;
11.592;-1.859701;-0.7358646;;
11.593;-1.859844;-0.7355112;;
11.594;-1.859864;-0.7354618;;
11.595;-1.85987;-0.7354482;;
11.6142083;;;0.00306697476831058;-0.00509748371722425
11.615;-1.872502;-0.7026637;;
11.615;-1.872349;-0.7030602;;
11.616;-1.87248;-0.7027216;;
11.637;-1.884587;-0.6695647;;
11.638;-1.884703;-0.6692474;;
11.66;-1.8959;-0.636828;;
11.661;-1.89599;-0.6365654;;
11.662;-1.896018;-0.6364859;;
11.682;-1.906759;-0.6035362;;
11.683;-1.906868;-0.6032004;;
11.684;-1.906886;-0.6031473;;
11.728;-1.92676;-0.5362523;;
11.729;-1.926854;-0.5359362;;
11.731;-1.926871;-0.5358812;;
11.732;-1.926872;-0.5358753;;
11.732;-1.926873;-0.5358742;;
11.733;-1.926873;-0.5358735;;
11.733;-1.926873;-0.5358734;;
11.734;-1.926873;-0.5358733;;
11.749;-1.936044;-0.5017289;;
11.75;-1.936044;-0.5017289;;
11.75;-1.936044;-0.5017289;;
11.751;-1.936044;-0.5017289;;
11.772;-1.944507;-0.4678605;;
11.773;-1.944507;-0.4678605;;
11.795;-1.952408;-0.4337096;;
11.795;-1.952408;-0.4337096;;
11.796;-1.952408;-0.4337096;;
11.816;-1.959743;-0.3992584;;
11.817;-1.959743;-0.3992584;;
11.818;-1.959743;-0.3992584;;
11.818;-1.959743;-0.3992584;;
11.839;-1.966376;-0.3651556;;
11.84;-1.966471;-0.3646634;;
11.841;-1.966532;-0.3643527;;
11.861;-1.972532;-0.3303305;;
11.862;-1.972532;-0.3303305;;
11.862;-1.972532;-0.3303305;;
11.863;-1.972532;-0.3303305;;
11.883;-1.978028;-0.2956449;;
11.884;-1.978028;-0.2956449;;
11.885;-1.978028;-0.2956449;;
11.905;-1.982848;-0.2613416;;
11.915491;;;0.819901869027474;0.201094544051065
11.905;-1.982848;-0.2613416;;
11.927;-1.987132;-0.2264747;;
11.928;-1.987181;-0.2260824;;
11.929;-1.987181;-0.2260824;;
11.949;-1.989078;-0.2087304;;
11.95;-1.990447;-0.1951005;;
11.951;-1.990765;-0.1919369;;
11.972;-1.993882;-0.1562613;;
11.973;-1.993912;-0.1559267;;
11.974;-1.99392;-0.1558327;;
12.016;-1.998155;-0.08589744;;
12.017;-1.998155;-0.08589744;;
12.018;-1.998155;-0.08589744;;
12.019;-1.998155;-0.08589744;;
12.038;-1.999135;-0.05871693;;
12.039;-1.9993;-0.05279768;;
12.04;-1.999327;-0.05183141;;
12.041;-1.999336;-0.05153361;;
12.062;-1.99993;-0.0163241;;
12.063;-1.999935;-0.01601912;;
12.084;-1.999912;0.01840717;;
12.086;-1.999912;0.01876174;;
12.106;-1.999274;0.05372328;;
12.107;-1.999268;0.05405481;;
12.111;-1.999267;0.05411499;;
12.128;-1.998009;0.08911093;;
12.129;-1.997994;0.0895488;;
12.13;-1.997991;0.08961323;;
12.151;-1.996153;0.1239304;;
12.152;-1.996136;0.1242494;;
12.175;-1.993663;0.1590436;;
12.176;-1.993642;0.1593427;;
12.176;-1.993638;0.1593938;;
12.177;-1.993636;0.1594243;;
12.196;-1.990603;0.1936108;;
12.197;-1.990572;0.1939609;;
12.198;-1.990564;0.194051;;
12.2172762;;;0.483662824646919;0.323572445703242
12.218;-1.986824;0.2291964;;
12.219;-1.986869;0.2287725;;
12.219;-1.986864;0.2288193;;
12.22;-1.986832;0.2291228;;
12.24;-1.982569;0.2634494;;
12.241;-1.982532;0.2637495;;
12.241;-1.982527;0.2637828;;
12.242;-1.982518;0.2638599;;
12.262;-1.980164;0.2809719;;
12.262;-1.979212;0.2874784;;
12.263;-1.977844;0.2968178;;
12.264;-1.977545;0.29886;;
12.284;-1.974878;0.3160005;;
12.284;-1.972017;0.3333894;;
12.285;-1.972017;0.3333894;;
12.306;-1.96911;0.3501368;;
12.307;-1.96747;0.3591316;;
12.308;-1.966113;0.3665719;;
12.309;-1.96591;0.3676842;;
12.31;-1.965843;0.3680492;;
12.33;-1.959078;0.4025093;;
12.331;-1.959078;0.4025093;;
12.332;-1.959078;0.4025093;;
12.333;-1.959078;0.4025093;;
12.352;-1.951885;0.436037;;
12.352;-1.951828;0.4363045;;
12.353;-1.951796;0.4364549;;
12.354;-1.95179;0.4364823;;
12.374;-1.943855;0.4705606;;
12.375;-1.943855;0.4705606;;
12.376;-1.943855;0.4705606;;
12.377;-1.943855;0.4705606;;
12.396;-1.935189;0.5050192;;
12.397;-1.935189;0.5050192;;
12.398;-1.935189;0.5050192;;
12.42;-1.926205;0.5382457;;
12.421;-1.926077;0.5387169;;
12.422;-1.92602;0.5389288;;
12.423;-1.926006;0.5389789;;
12.424;-1.926;0.539004;;
12.445;-1.916346;0.5723653;;
12.445;-1.916229;0.5727706;;
12.446;-1.916229;0.5727706;;
12.447;-1.916229;0.5727706;;
12.466;-1.906193;0.6053196;;
12.466;-1.906059;0.6057558;;
12.467;-1.906059;0.6057558;;
12.468;-1.906059;0.6057558;;
12.488;-1.895321;0.6385379;;
12.49;-1.895091;0.6392395;;
12.509;-1.883792;0.6717971;;
12.51;-1.883669;0.6721514;;
12.5185594;;;-0.0295656506405612;0.319266504450535
12.509;-1.883792;0.6717971;;
12.51;-1.883669;0.6721514;;
12.531;-1.877858;0.6882157;;
12.532;-1.877784;0.6884227;;
12.533;-1.877735;0.6885577;;
12.534;-1.877723;0.6885914;;
12.535;-1.877721;0.6885962;;
12.553;-1.855602;0.7461174;;
12.554;-1.855346;0.7467818;;
12.555;-1.85531;0.7468747;;
12.556;-1.855303;0.7468949;;
12.575;-1.845745;0.7702063;;
12.576;-1.845645;0.7704507;;
12.576;-1.845628;0.770492;;
12.577;-1.84562;0.7705112;;
12.598;-1.83198;0.8023941;;
12.598;-1.831813;0.8027836;;
12.599;-1.831813;0.8027836;;
12.619;-1.817526;0.8346172;;
12.621;-1.817371;0.8349602;;
12.621;-1.817366;0.834973;;
12.642;-1.802947;0.8656452;;
12.643;-1.802706;0.866156;;
12.644;-1.802473;0.8666532;;
12.645;-1.802436;0.866732;;
12.666;-1.786926;0.8982647;;
12.666;-1.786844;0.8984311;;
12.667;-1.786739;0.8986464;;
12.668;-1.786739;0.8986464;;
12.687;-1.771355;0.9285936;;
12.688;-1.771201;0.9288935;;
12.688;-1.771175;0.9289436;;
12.689;-1.771154;0.9289854;;
12.69;-1.771151;0.9289916;;
12.709;-1.754556;0.9599576;;
12.71;-1.754375;0.960295;;
12.731;-1.737452;0.9905797;;
12.733;-1.737253;0.9909346;;
12.755;-1.719618;1.021224;;
12.756;-1.719459;1.021497;;
12.757;-1.719435;1.021539;;
12.759;-1.719416;1.021571;;
12.779;-1.701657;1.05088;;
12.78;-1.701484;1.051167;;
12.781;-1.701448;1.051224;;
12.803;-1.682963;1.080566;;
12.804;-1.682748;1.080907;;
12.8088151;;;-0.0568387503569782;0.304290073169213
12.803;-1.682963;1.080566;;
12.804;-1.682748;1.080907;;
12.825;-1.663702;1.109991;;
12.826;-1.663471;1.110345;;
12.846;-1.644051;1.138894;;
12.867;-1.623807;1.167576;;
12.868;-1.623568;1.167915;;
12.869;-1.623568;1.167915;;
12.89;-1.602603;1.196516;;
12.891;-1.602416;1.19677;;
12.892;-1.602356;1.196853;;
12.911;-1.58198;1.223652;;
12.92;-1.581723;1.22399;;
12.933;-1.559997;1.251554;;
12.934;-1.559667;1.251972;;
12.956;-1.539035;1.277223;;
12.958;-1.537737;1.278811;;
12.981;-1.515271;1.30535;;
12.983;-1.515061;1.305599;;
12.983;-1.515059;1.305601;;
12.984;-1.515037;1.305627;;
13.004;-1.492029;1.331853;;
13.004;-1.491735;1.332189;;
13.025;-1.468267;1.35801;;
13.026;-1.468267;1.35801;;
13.048;-1.444175;1.383603;;
13.048;-1.444175;1.383603;;
13.049;-1.444175;1.383603;;
13.05;-1.444175;1.383603;;
13.069;-1.419972;1.408426;;
13.09;-1.395036;1.433129;;
13.091;-1.394784;1.433379;;
13.092;-1.394743;1.433419;;
13.1050846;;;0.000280875814606951;0.0993848248659965
13.112;-1.369655;1.457405;;
13.114;-1.369346;1.4577;;
13.114;-1.369346;1.4577;;
13.134;-1.343311;1.481722;;
13.135;-1.343054;1.481959;;
13.136;-1.342998;1.48201;;
13.136;-1.342989;1.482019;;
13.157;-1.317684;1.504558;;
13.158;-1.317381;1.504828;;
13.159;-1.317381;1.504828;;
13.178;-1.291069;1.527457;;
13.179;-1.290791;1.527696;;
13.18;-1.290723;1.527755;;
13.181;-1.290723;1.527755;;
13.2;-1.277587;1.538755;;
13.201;-1.267787;1.546818;;
13.201;-1.263577;1.550282;;
13.202;-1.263577;1.550282;;
13.222;-1.250075;1.561188;;
13.223;-1.240204;1.569022;;
13.223;-1.238806;1.570132;;
13.224;-1.23703;1.571541;;
13.243;-1.222616;1.582784;;
13.245;-1.210422;1.592119;;
13.266;-1.194932;1.603785;;
13.268;-1.1837;1.612075;;
13.268;-1.1818;1.613478;;
13.29;-1.152329;1.634663;;
13.291;-1.152071;1.634849;;
13.292;-1.151991;1.634906;;
13.292;-1.151991;1.634906;;
13.312;-1.123492;1.654615;;
13.313;-1.123212;1.654808;;
13.342;-1.094132;1.674176;;
13.343;-1.093954;1.674294;;
13.356;-1.066023;1.692197;;
13.357;-1.065104;1.692786;;
13.358;-1.064406;1.693234;;
13.379;-1.034752;1.711512;;
13.38;-1.034509;1.711662;;
13.381;-1.034433;1.711709;;
13.381;-1.034427;1.711712;;
13.401;-1.005029;1.729129;;
13.403;-1.004387;1.729509;;
13.403;-1.004356;1.729527;;
13.4178981;;;0.0258298095925218;-0.0150734288976027
13.423;-0.9895408;1.738044;;
13.424;-0.9890744;1.738312;;
13.445;-0.9400589;1.76526;;
13.446;-0.9389325;1.765879;;
13.448;-0.9379169;1.766438;;
13.448;-0.9378468;1.766476;;
13.468;-0.9278123;1.771768;;
13.468;-0.9269592;1.77221;;
13.469;-0.9143584;1.778737;;
13.47;-0.912492;1.779704;;
13.491;-0.8810044;1.795495;;
13.492;-0.8805899;1.795702;;
13.492;-0.8803868;1.795804;;
13.493;-0.8802614;1.795867;;
13.513;-0.8492436;1.810733;;
13.513;-0.8490651;1.810819;;
13.515;-0.8485233;1.811079;;
13.516;-0.8484675;1.811105;;
13.535;-0.8178406;1.825132;;
13.537;-0.8171317;1.825457;;
13.558;-0.7852434;1.839396;;
13.559;-0.7848539;1.839566;;
13.58;-0.7537795;1.852502;;
13.581;-0.7529482;1.852848;;
13.583;-0.7523863;1.853082;;
13.584;-0.7523312;1.853105;;
13.604;-0.7201794;1.865831;;
13.605;-0.7198852;1.865948;;
13.605;-0.7198443;1.865964;;
13.625;-0.687703;1.87804;;
13.626;-0.687118;1.87826;;
13.627;-0.6869498;1.878323;;
13.628;-0.6869239;1.878333;;
13.647;-0.6543238;1.889933;;
13.648;-0.6539702;1.890058;;
13.649;-0.6539111;1.890079;;
13.651;-0.6539007;1.890083;;
13.674;-0.620694;1.901243;;
13.675;-0.6203291;1.901366;;
13.676;-0.6203291;1.901366;;
13.694;-0.587638;1.911718;;
13.696;-0.5871917;1.911859;;
13.697;-0.5871917;1.911859;;
13.697;-0.5871917;1.911859;;
13.716;-0.5539282;1.921757;;
13.717;-0.5536273;1.921846;;
13.718;-0.5535535;1.921868;;
13.7312128;;;0.0512938783799271;0.00514145335751942
13.718;-0.5535535;1.921868;;
13.742;-0.5376204;1.926383;;
13.743;-0.5372477;1.926489;;
13.745;-0.5369807;1.926565;;
13.747;-0.536951;1.926573;;
13.759;-0.4937486;1.938084;;
13.762;-0.4929175;1.938306;;
13.763;-0.4928623;1.93832;;
13.766;-0.4928501;1.938324;;
13.782;-0.4529904;1.948011;;
13.782;-0.4524754;1.948136;;
13.783;-0.4517288;1.948318;;
13.804;-0.4186307;1.955686;;
13.805;-0.4177424;1.955884;;
13.806;-0.4175088;1.955935;;
13.826;-0.3830306;1.962975;;
13.828;-0.3826575;1.963052;;
13.828;-0.3826323;1.963057;;
13.829;-0.382608;1.963062;;
13.849;-0.3488435;1.969338;;
13.85;-0.3485205;1.969398;;
13.871;-0.3154465;1.974956;;
13.872;-0.3148203;1.975062;;
13.873;-0.3145153;1.975113;;
13.874;-0.3143738;1.975137;;
13.895;-0.2800946;1.980279;;
13.895;-0.279673;1.980342;;
13.897;-0.2789555;1.98045;;
13.897;-0.2788974;1.980458;;
13.916;-0.2451884;1.98491;;
13.917;-0.2448181;1.984959;;
13.918;-0.2447633;1.984966;;
13.938;-0.2102539;1.98891;;
13.939;-0.2096436;1.98898;;
13.941;-0.2094346;1.989004;;
13.961;-0.1763809;1.992194;;
13.963;-0.1752422;1.992303;;
13.965;-0.174898;1.992337;;
13.967;-0.174802;1.992346;;
13.989;-0.141912;1.99494;;
13.992;-0.1287647;1.995822;;
13.994;-0.1226406;1.996232;;
13.995;-0.1220542;1.996271;;
13.996;-0.1219494;1.996279;;
13.997;-0.1219306;1.99628;;
14.014;-0.1049343;1.997243;;
14.015;-0.09170742;1.997881;;
14.017;-0.0877251;1.998073;;
14.017;-0.08746034;1.998085;;
14.0269834;;;0.228333507953313;0.0764345179350921
14.014;-0.1049343;1.997243;;
14.015;-0.09170742;1.997881;;
14.017;-0.0877251;1.998073;;
14.017;-0.08746034;1.998085;;
14.038;-0.07054508;1.998751;;
14.039;-0.07016782;1.998766;;
14.041;-0.06962498;1.998787;;
14.042;-0.0695669;1.99879;;
14.062;-0.006401286;1.999977;;
14.064;-0.005716343;1.99999;;
14.065;-0.005644213;1.999992;;
14.065;-0.005631797;1.999992;;
14.085;0.01761833;1.999921;;
14.086;0.01784684;1.99992;;
14.087;0.01791154;1.99992;;
14.087;0.01791154;1.99992;;
14.108;0.05157091;1.999321;;
14.109;0.0522384;1.999309;;
14.111;0.05298232;1.999296;;
14.111;0.05304517;1.999295;;
14.131;0.08745979;1.998083;;
14.14;0.1050626;1.997236;;
14.141;0.1054134;1.997219;;
14.141;0.1054309;1.997218;;
14.153;0.1225032;1.99624;;
14.155;0.1235674;1.996179;;
14.156;0.1235674;1.996179;;
14.175;0.1578023;1.993761;;
14.176;0.1581689;1.993735;;
14.177;0.1582273;1.993731;;
14.178;0.1582441;1.99373;;
14.198;0.1751509;1.992313;;
14.198;0.1752742;1.992303;;
14.2;0.1757969;1.992259;;
14.2;0.1757969;1.992259;;
14.219;0.2379773;1.985778;;
14.22;0.2385811;1.985715;;
14.22;0.2387875;1.985694;;
14.221;0.2387875;1.985694;;
14.24;0.2623557;1.982716;;
14.241;0.2626123;1.982683;;
14.262;0.2972485;1.977784;;
14.263;0.2975622;1.977739;;
14.264;0.297634;1.977729;;
14.265;0.2976504;1.977727;;
14.284;0.3319739;1.972252;;
14.284;0.3322542;1.972207;;
14.285;0.3324025;1.972183;;
14.286;0.3324232;1.97218;;
14.306;0.3659844;1.966221;;
14.307;0.3664723;1.966135;;
14.308;0.3668168;1.966074;;
14.309;0.3668168;1.966074;;
14.3282661;;;-0.245690910883162;0.0149415712606498
14.328;0.4005575;1.95947;;
14.328;0.4005804;1.959465;;
14.33;0.4010406;1.959375;;
14.331;0.4013231;1.95932;;
14.35;0.4182391;1.955779;;
14.351;0.418398;1.955746;;
14.351;0.4184674;1.955731;;
14.352;0.4184674;1.955731;;
14.371;0.4523372;1.948172;;
14.372;0.4527006;1.948091;;
14.373;0.4722613;1.943405;;
14.393;0.4864675;1.939933;;
14.394;0.4867002;1.939876;;
14.395;0.4982831;1.936914;;
14.396;0.5044658;1.935333;;
14.397;0.5044658;1.935333;;
14.415;0.5206738;1.931035;;
14.416;0.5208964;1.930976;;
14.437;0.5543084;1.921647;;
14.437;0.5545276;1.921586;;
14.438;0.5546815;1.921543;;
14.439;0.5547041;1.921537;;
14.44;0.5675536;1.917766;;
14.458;0.5880674;1.911588;;
14.459;0.5883039;1.911517;;
14.46;0.5883476;1.911504;;
14.48;0.6220862;1.900792;;
14.481;0.6220862;1.900792;;
14.482;0.6220862;1.900792;;
14.482;0.6220862;1.900792;;
14.503;0.6546243;1.889829;;
14.503;0.6548781;1.889743;;
14.504;0.6549854;1.889707;;
14.505;0.6550074;1.8897;;
14.524;0.6877294;1.878034;;
14.525;0.6880759;1.877911;;
14.526;0.6881332;1.87789;;
14.546;0.7201616;1.865838;;
14.547;0.7204484;1.86573;;
14.548;0.7205346;1.865698;;
14.548;0.7205442;1.865694;;
14.568;0.7544691;1.852231;;
14.569;0.7548153;1.852094;;
14.57;0.7548701;1.852072;;
14.57;0.7548779;1.852069;;
14.59;0.7853752;1.83934;;
14.591;0.7856609;1.839221;;
14.591;0.7857063;1.839202;;
14.592;0.7857484;1.839184;;
14.611;0.8178303;1.82514;;
14.612;0.8181783;1.824988;;
14.613;0.8182247;1.824968;;
14.614;0.8182364;1.824963;;
14.629048;;;-0.0354978234008668;-0.000390336987697304
14.634;0.8489588;1.810867;;
14.635;0.8493752;1.810676;;
14.636;0.8497463;1.810506;;
14.636;0.8497463;1.810506;;
14.656;0.8804761;1.795754;;
14.657;0.8809103;1.795545;;
14.658;0.8812613;1.795377;;
14.659;0.8812613;1.795377;;
14.678;0.9119246;1.779985;;
14.678;0.9123654;1.779764;;
14.68;0.9130539;1.779418;;
14.68;0.9131105;1.77939;;
14.699;0.9449381;1.76269;;
14.7;0.9452728;1.762514;;
14.701;0.9453408;1.762478;;
14.701;0.9453522;1.762472;;
14.721;0.9733406;1.747157;;
14.722;0.9741389;1.74672;;
14.724;0.9747593;1.74638;;
14.725;0.9747593;1.74638;;
14.743;1.004726;1.729309;;
14.743;1.004843;1.729242;;
14.744;1.005095;1.729099;;
14.745;1.005135;1.729075;;
14.764;1.035174;1.711252;;
14.765;1.035746;1.710912;;
14.766;1.035951;1.710791;;
14.767;1.035951;1.710791;;
14.787;1.065186;1.692739;;
14.788;1.065455;1.692573;;
14.789;1.065525;1.69253;;
14.79;1.065543;1.692518;;
14.81;1.094451;1.673962;;
14.811;1.094949;1.673642;;
14.812;1.095134;1.673523;;
14.832;1.12469;1.653806;;
14.833;1.12469;1.653806;;
14.834;1.12469;1.653806;;
14.854;1.152998;1.634191;;
14.855;1.153277;1.633998;;
14.856;1.153338;1.633956;;
14.876;1.181924;1.613394;;
14.877;1.182208;1.61319;;
14.897;1.195716;1.603203;;
14.899;1.208256;1.593765;;
14.918;1.223853;1.581829;;
14.919;1.223853;1.581829;;
14.92;1.223853;1.581829;;
14.9313347;;;0.00860162952376498;-0.0110633992017378
14.918;1.223853;1.581829;;
14.919;1.223853;1.581829;;
14.92;1.223853;1.581829;;
14.942;1.251385;1.560135;;
14.943;1.251697;1.559889;;
14.943;1.251697;1.559889;;
14.944;1.251697;1.559889;;
14.945;1.251697;1.559889;;
14.963;1.277511;1.53881;;
14.964;1.27803;1.538386;;
14.966;1.295454;1.523719;;
14.966;1.296526;1.522817;;
14.986;1.305135;1.515461;;
14.987;1.316724;1.505387;;
14.989;1.318791;1.50359;;
15.009;1.338801;1.485801;;
15.01;1.343072;1.481939;;
15.01;1.3438;1.481282;;
15.011;1.34443;1.480712;;
15.031;1.356966;1.469229;;
15.032;1.365698;1.461091;;
15.033;1.36981;1.457258;;
15.034;1.3704;1.456708;;
15.054;1.38281;1.444934;;
15.054;1.391004;1.437019;;
15.055;1.395318;1.432854;;
15.076;1.408071;1.420327;;
15.077;1.419168;1.409226;;
15.078;1.420677;1.407717;;
15.099;1.445034;1.382696;;
15.099;1.44524;1.382483;;
15.101;1.445568;1.382147;;
15.12;1.457165;1.369914;;
15.121;1.457274;1.369799;;
15.122;1.46565;1.36081;;
15.141;1.480794;1.344334;;
15.142;1.481082;1.344021;;
15.164;1.508456;1.313211;;
15.165;1.50891;1.3127;;
15.166;1.514959;1.305711;;
15.167;1.515892;1.304633;;
15.167;1.516228;1.304245;;
15.168;1.516228;1.304245;;
15.186;1.527278;1.291286;;
15.187;1.527404;1.291138;;
15.208;1.549428;1.264619;;
15.209;1.549693;1.264299;;
15.209;1.549693;1.264299;;
15.21;1.549693;1.264299;;
15.2215891;;;-0.00323800724137435;-0.0689562780004096
15.229;1.571553;1.237022;;
15.23;1.571553;1.237022;;
15.25;1.592967;1.209314;;
15.251;1.59319;1.209026;;
15.272;1.614147;1.180902;;
15.273;1.614147;1.180902;;
15.293;1.625652;1.165009;;
15.294;1.625857;1.164726;;
15.296;1.625925;1.164631;;
15.296;1.625927;1.16463;;
15.32;1.646018;1.136051;;
15.321;1.646192;1.135804;;
15.322;1.646231;1.135748;;
15.323;1.661495;1.113299;;
15.337;1.683206;1.08018;;
15.337;1.683349;1.079963;;
15.338;1.683604;1.079572;;
15.339;1.683604;1.079572;;
15.358;1.688594;1.071751;;
15.359;1.692768;1.06514;;
15.36;1.693491;1.063996;;
15.361;1.693602;1.063819;;
15.38;1.714097;1.030462;;
15.381;1.714319;1.0301;;
15.382;1.714356;1.03004;;
15.383;1.714362;1.030031;;
15.403;1.730669;1.002383;;
15.403;1.730783;1.002189;;
15.404;1.73086;1.002058;;
15.405;1.730873;1.002037;;
15.424;1.738817;0.9881861;;
15.424;1.743956;0.9790516;;
15.425;1.746926;0.9737708;;
15.426;1.747349;0.9730202;;
15.494;1.795337;0.8813195;;
15.495;1.795459;0.8810876;;
15.496;1.795491;0.8810258;;
15.497;1.795501;0.8810071;;
15.498;1.795512;0.8809866;;
15.499;1.795514;0.8809826;;
15.5;1.795514;0.880982;;
15.501;1.795514;0.8809818;;
15.502;1.80073;0.8702339;;
15.502;1.801225;0.8692149;;
15.503;1.803037;0.865482;;
15.504;1.803037;0.865482;;
15.517;1.810482;0.8497934;;
15.518;1.810583;0.8495808;;
15.519;1.810612;0.8495188;;
15.519;1.810616;0.8495109;;
15.5233743;;;0.0541049910671314;0.00599269748716381
15.517;1.810482;0.8497934;;
15.518;1.810583;0.8495808;;
15.519;1.810612;0.8495188;;
15.519;1.810616;0.8495109;;
15.539;1.8251;0.8179206;;
15.54;1.825231;0.8176352;;
15.541;1.825267;0.817557;;
15.541;1.825272;0.8175452;;
15.561;1.839171;0.7857711;;
15.562;1.839302;0.7854711;;
15.562;1.839323;0.785422;;
15.563;1.839341;0.7853814;;
15.582;1.852656;0.7534263;;
15.583;1.852787;0.753112;;
15.584;1.852829;0.7530107;;
15.584;1.852829;0.7530107;;
15.604;1.859287;0.7369173;;
15.605;1.859356;0.7367461;;
15.606;1.859367;0.736719;;
15.626;1.881254;0.6788474;;
15.627;1.88153;0.6781183;;
15.628;1.88153;0.6781183;;
15.628;1.88153;0.6781183;;
15.628;1.88153;0.6781183;;
15.647;1.889756;0.6548393;;
15.648;1.889846;0.6545836;;
15.649;1.889859;0.6545486;;
15.65;1.889861;0.6545413;;
15.669;1.900999;0.6214254;;
15.678;1.901274;0.6206099;;
15.679;1.901286;0.6205724;;
15.68;1.901288;0.6205662;;
15.691;1.911365;0.5887778;;
15.692;1.911523;0.5882796;;
15.693;1.911572;0.5881256;;
15.715;1.921544;0.5546671;;
15.716;1.921626;0.5543904;;
15.716;1.921637;0.5543534;;
15.717;1.921655;0.5542927;;
15.736;1.930961;0.5209341;;
15.737;1.931062;0.5205748;;
15.738;1.931079;0.5205118;;
15.739;1.931083;0.5204985;;
15.758;1.935601;0.5034389;;
15.759;1.935601;0.5034389;;
15.76;1.935601;0.5034389;;
15.761;1.935601;0.5034389;;
15.781;1.950499;0.4421559;;
15.781;1.950601;0.4417366;;
15.782;1.950674;0.441438;;
15.783;1.950685;0.4413941;;
15.783;1.950686;0.4413866;;
15.803;1.955742;0.418407;;
15.804;1.955791;0.4181884;;
15.805;1.955805;0.4181243;;
15.8246575;;;0.829659436146307;0.222282012373957
