verticalCube3Timestamp;verticalCube3XPos;verticalCube3YPos;verticalCube3newCorr;verticalCube3smoothCorr
0;;;0;0
0.1869975;;;0;0
0.4877959;;;0;0
0.7895988;;;0;0
1.091401;;;0;0
1.392701;;;0;0
1.6945036;;;0;0
1.9998155;;;0;0
2.184;2.356822;-1;;
2.185;2.356822;-1;;
2.204;2.320082;-1;;
2.205;2.320082;-1;;
2.225;2.285137;-1;;
2.226;2.285137;-1;;
2.246;2.249361;-1;;
2.247;2.249032;-1;;
2.248;2.248917;-1;;
2.267;2.214082;-1;;
2.268;2.213739;-1;;
2.269;2.213628;-1;;
2.269;2.213628;-1;;
2.288;2.178036;-1;;
2.289;2.177672;-1;;
2.29;2.177588;-1;;
2.3091371;;;-0.428698325943675;-0.107174581485919
2.319;2.142143;-1;;
2.32;2.141902;-1;;
2.321;2.128007;-1;;
2.322;2.125024;-1;;
2.333;2.106034;-1;;
2.333;2.105755;-1;;
2.334;2.1056;-1;;
2.355;2.070607;-1;;
2.356;2.070607;-1;;
2.356;2.070607;-1;;
2.357;2.070607;-1;;
2.358;2.070607;-1;;
2.377;2.035513;-1;;
2.377;2.035412;-1;;
2.378;2.03511;-1;;
2.398;2.017403;-1;;
2.399;2.002733;-1;;
2.4;2.0004;-1;;
2.401;1.999733;-1;;
2.421;1.964006;-1;;
2.422;1.963672;-1;;
2.422;1.96362;-1;;
2.423;1.963563;-1;;
2.443;1.927845;-1;;
2.444;1.927476;-1;;
2.445;1.927421;-1;;
2.445;1.927402;-1;;
2.466;1.891966;-1;;
2.467;1.891966;-1;;
2.468;1.891966;-1;;
2.468;1.891966;-1;;
2.488;1.856189;-1;;
2.489;1.856189;-1;;
2.489;1.856189;-1;;
2.491;1.856189;-1;;
2.51;1.820402;-1;;
2.511;1.820402;-1;;
2.511;1.820402;-1;;
2.512;1.820402;-1;;
2.533;1.784186;-1;;
2.534;1.784186;-1;;
2.534;1.784186;-1;;
2.535;1.784186;-1;;
2.555;1.748953;-1;;
2.556;1.748953;-1;;
2.556;1.748953;-1;;
2.557;1.748953;-1;;
2.577;1.713329;-1;;
2.578;1.713007;-1;;
2.579;1.712912;-1;;
2.599;1.678077;-1;;
2.6;1.677445;-1;;
2.601;1.677261;-1;;
2.602;1.677232;-1;;
2.603;1.677224;-1;;
2.6104384;;;0.498192218333371;0.0173734730974239
2.599;1.678077;-1;;
2.6;1.677445;-1;;
2.601;1.677261;-1;;
2.602;1.677232;-1;;
2.603;1.677224;-1;;
2.622;1.641835;-1;;
2.623;1.641492;-1;;
2.624;1.641404;-1;;
2.646;1.606315;-1;;
2.646;1.606101;-1;;
2.647;1.605911;-1;;
2.648;1.605911;-1;;
2.648;1.605911;-1;;
2.667;1.570414;-1;;
2.668;1.569954;-1;;
2.669;1.569954;-1;;
2.669;1.569954;-1;;
2.689;1.535091;-1;;
2.69;1.534728;-1;;
2.691;1.534673;-1;;
2.712;1.49894;-1;;
2.713;1.498609;-1;;
2.714;1.49854;-1;;
2.714;1.498528;-1;;
2.715;1.498522;-1;;
2.735;1.462865;-1;;
2.735;1.462865;-1;;
2.736;1.462865;-1;;
2.737;1.462865;-1;;
2.757;1.427639;-1;;
2.758;1.427188;-1;;
2.758;1.427188;-1;;
2.759;1.427188;-1;;
2.778;1.391282;-1;;
2.779;1.391282;-1;;
2.78;1.391282;-1;;
2.781;1.391282;-1;;
2.802;1.355773;-1;;
2.803;1.355456;-1;;
2.803;1.355406;-1;;
2.825;1.320195;-1;;
2.826;1.31989;-1;;
2.827;1.319814;-1;;
2.827;1.319801;-1;;
2.828;1.319789;-1;;
2.848;1.284248;-1;;
2.849;1.284248;-1;;
2.85;1.284248;-1;;
2.855;1.284248;-1;;
2.866;1.255774;-1;;
2.866;1.255466;-1;;
2.871;1.243672;-1;;
2.872;1.243672;-1;;
2.892;1.212672;-1;;
2.892;1.212672;-1;;
2.893;1.212672;-1;;
2.894;1.212672;-1;;
2.9122399;;;0.496897583382481;0.141597868943044
2.914;1.176969;-1;;
2.915;1.176969;-1;;
2.916;1.176969;-1;;
2.936;1.141502;-1;;
2.936;1.141422;-1;;
2.937;1.141047;-1;;
2.938;1.141047;-1;;
2.938;1.141047;-1;;
2.957;1.1056;-1;;
2.958;1.105221;-1;;
2.959;1.10516;-1;;
2.98;1.069732;-1;;
2.981;1.069732;-1;;
2.982;1.069732;-1;;
2.982;1.069732;-1;;
2.983;1.069732;-1;;
3.003;1.033956;-1;;
3.003;1.033956;-1;;
3.004;1.033956;-1;;
3.005;1.033956;-1;;
3.025;0.9983481;-1;;
3.025;0.9983481;-1;;
3.026;0.9983481;-1;;
3.047;0.9628038;-1;;
3.048;0.9624817;-1;;
3.049;0.9623868;-1;;
3.05;0.9623868;-1;;
3.05;0.9623868;-1;;
3.069;0.927276;-1;;
3.07;0.9268101;-1;;
3.071;0.9268101;-1;;
3.092;0.8910274;-1;;
3.093;0.8910274;-1;;
3.094;0.8910274;-1;;
3.094;0.8910274;-1;;
3.114;0.8551997;-1;;
3.115;0.8551997;-1;;
3.116;0.8551997;-1;;
3.136;0.8200375;-1;;
3.137;0.81973;-1;;
3.138;0.8196378;-1;;
3.138;0.8196273;-1;;
3.159;0.7839368;-1;;
3.159;0.7837771;-1;;
3.16;0.7835525;-1;;
3.161;0.7835122;-1;;
3.185;0.7482682;-1;;
3.206;0.7127506;-1;;
3.206;0.7125277;-1;;
3.207;0.7123724;-1;;
3.208;0.7123343;-1;;
3.2135409;;;0.450481138869943;0.25421815366053
3.206;0.7127506;-1;;
3.206;0.7125277;-1;;
3.207;0.7123724;-1;;
3.208;0.7123343;-1;;
3.227;0.6769532;-1;;
3.228;0.6766011;-1;;
3.228;0.6765406;-1;;
3.229;0.6764947;-1;;
3.249;0.6407455;-1;;
3.249;0.6407455;-1;;
3.25;0.6407455;-1;;
3.272;0.6044794;-1;;
3.272;0.6042138;-1;;
3.273;0.6040961;-1;;
3.273;0.6040761;-1;;
3.274;0.6040667;-1;;
3.293;0.5699651;-1;;
3.294;0.5696047;-1;;
3.295;0.5695446;-1;;
3.316;0.5344892;-1;;
3.316;0.534164;-1;;
3.317;0.5337878;-1;;
3.318;0.5336719;-1;;
3.319;0.5336446;-1;;
3.339;0.4977119;-1;;
3.339;0.4977119;-1;;
3.34;0.4977119;-1;;
3.34;0.4977119;-1;;
3.36;0.4620477;-1;;
3.361;0.4620477;-1;;
3.361;0.4620477;-1;;
3.382;0.4266721;-1;;
3.382;0.4264632;-1;;
3.383;0.4262816;-1;;
3.384;0.4262542;-1;;
3.385;0.426245;-1;;
3.404;0.3908755;-1;;
3.404;0.3908755;-1;;
3.405;0.3908755;-1;;
3.426;0.3554251;-1;;
3.433;0.3550128;-1;;
3.434;0.3549988;-1;;
3.435;0.3549988;-1;;
3.435;0.3549988;-1;;
3.447;0.3372014;-1;;
3.448;0.3218772;-1;;
3.449;0.3195726;-1;;
3.472;0.2837212;-1;;
3.474;0.2822686;-1;;
3.476;0.2811274;-1;;
3.476;0.2810322;-1;;
3.495;0.2480673;-1;;
3.496;0.2476335;-1;;
3.515343;;;0.446614996099323;0.47304648417128
3.517;0.2126523;-1;;
3.518;0.2123138;-1;;
3.538;0.1764936;-1;;
3.539;0.1761274;-1;;
3.561;0.1408342;-1;;
3.562;0.1405325;-1;;
3.584;0.1049679;-1;;
3.586;0.1046171;-1;;
3.606;0.0694336;-1;;
3.608;0.06909565;-1;;
3.608;0.06907952;-1;;
3.63;0.03402598;-1;;
3.631;0.03347328;-1;;
3.652;-0.00165667;-1;;
3.653;-0.002154627;-1;;
3.674;-0.03745051;-1;;
3.675;-0.03795367;-1;;
3.696;-0.07353009;-1;;
3.697;-0.07406299;-1;;
3.718;-0.1088422;-1;;
3.719;-0.1094553;-1;;
3.739;-0.1447;-1;;
3.74;-0.1453415;-1;;
3.761;-0.1802099;-1;;
3.763;-0.1808193;-1;;
3.763;-0.1808198;-1;;
3.784;-0.2161083;-1;;
3.785;-0.2166786;-1;;
3.807;-0.2519681;-1;;
3.808;-0.2525207;-1;;
3.8166438;;;-0.31880943196824;0.268796071595877
3.829;-0.2876175;-1;;
3.83;-0.2882147;-1;;
3.851;-0.323222;-1;;
3.852;-0.3238104;-1;;
3.853;-0.3240004;-1;;
3.854;-0.3240389;-1;;
3.875;-0.3594144;-1;;
3.876;-0.359704;-1;;
3.876;-0.3597266;-1;;
3.897;-0.3953035;-1;;
3.898;-0.3956482;-1;;
3.899;-0.3957034;-1;;
3.899;-0.3957104;-1;;
3.919;-0.4308915;-1;;
3.919;-0.4310707;-1;;
3.92;-0.4312924;-1;;
3.921;-0.431327;-1;;
3.94;-0.4661372;-1;;
3.94;-0.4665844;-1;;
3.942;-0.4669616;-1;;
3.942;-0.4670083;-1;;
3.962;-0.501954;-1;;
3.963;-0.5028281;-1;;
3.964;-0.5028281;-1;;
3.985;-0.5385103;-1;;
3.985;-0.5385103;-1;;
4.013;-0.5741814;-1;;
4.013;-0.5741814;-1;;
4.014;-0.5741814;-1;;
4.027;-0.6008726;-1;;
4.027;-0.6012055;-1;;
4.048;-0.627596;-1;;
4.049;-0.6278123;-1;;
4.049;-0.6279185;-1;;
4.069;-0.6639968;-1;;
4.069;-0.6639968;-1;;
4.07;-0.6639968;-1;;
4.07;-0.6639968;-1;;
4.09;-0.6995146;-1;;
4.092;-0.6995146;-1;;
4.115;-0.7353901;-1;;
4.117;-0.7353901;-1;;
4.1189473;;;0.48990044228853;0.267046786322389
4.115;-0.7353901;-1;;
4.117;-0.7353901;-1;;
4.136;-0.7716911;-1;;
4.137;-0.7716911;-1;;
4.158;-0.8063767;-1;;
4.158;-0.8063767;-1;;
4.18;-0.8429332;-1;;
4.181;-0.8429332;-1;;
4.201;-0.8783358;-1;;
4.202;-0.8783358;-1;;
4.224;-0.9140212;-1;;
4.226;-0.9140212;-1;;
4.247;-0.950202;-1;;
4.248;-0.950202;-1;;
4.269;-0.9855564;-1;;
4.269;-0.9855564;-1;;
4.29;-1.022331;-1;;
4.291;-1.022331;-1;;
4.313;-1.056861;-1;;
4.314;-1.056861;-1;;
4.335;-1.092875;-1;;
4.337;-1.092875;-1;;
4.357;-1.128472;-1;;
4.358;-1.128472;-1;;
4.379;-1.164106;-1;;
4.38;-1.164106;-1;;
4.4;-1.200416;-1;;
4.401;-1.200416;-1;;
4.4197468;;;0.498870754490379;0.279144190227498
4.422;-1.235642;-1;;
4.423;-1.235642;-1;;
4.443;-1.271437;-1;;
4.445;-1.271437;-1;;
4.465;-1.288993;-1;;
4.467;-1.307158;-1;;
4.489;-1.343008;-1;;
4.49;-1.343008;-1;;
4.511;-1.378347;-1;;
4.512;-1.378347;-1;;
4.533;-1.414297;-1;;
4.534;-1.414297;-1;;
4.555;-1.450161;-1;;
4.556;-1.450161;-1;;
4.576;-1.468245;-1;;
4.577;-1.485781;-1;;
4.605;-1.503971;-1;;
4.606;-1.521667;-1;;
4.619;-1.549243;-1;;
4.62;-1.549243;-1;;
4.64;-1.575215;-1;;
4.661;-1.611216;-1;;
4.662;-1.611216;-1;;
4.663;-1.611216;-1;;
4.683;-1.646894;-1;;
4.684;-1.646894;-1;;
4.684;-1.646894;-1;;
4.705;-1.682047;-1;;
4.705;-1.682262;-1;;
4.706;-1.682437;-1;;
4.707;-1.682463;-1;;
4.7220509;;;0.421697232874975;0.272914749421411
4.727;-1.717856;-1;;
4.728;-1.718222;-1;;
4.729;-1.718276;-1;;
4.729;-1.718285;-1;;
4.749;-1.75368;-1;;
4.75;-1.754048;-1;;
4.751;-1.754115;-1;;
4.752;-1.754115;-1;;
4.771;-1.789261;-1;;
4.772;-1.789647;-1;;
4.773;-1.7897;-1;;
4.774;-1.789711;-1;;
4.794;-1.824724;-1;;
4.795;-1.825255;-1;;
4.795;-1.825492;-1;;
4.796;-1.825595;-1;;
4.817;-1.860155;-1;;
4.817;-1.860238;-1;;
4.819;-1.861255;-1;;
4.819;-1.861286;-1;;
4.837;-1.896493;-1;;
4.838;-1.896891;-1;;
4.839;-1.89698;-1;;
4.84;-1.89698;-1;;
4.859;-1.931484;-1;;
4.86;-1.932119;-1;;
4.861;-1.932711;-1;;
4.862;-1.932803;-1;;
4.88;-1.968075;-1;;
4.881;-1.968478;-1;;
4.883;-1.96855;-1;;
4.883;-1.968561;-1;;
4.902;-2.003842;-1;;
4.902;-2.00409;-1;;
4.903;-2.004277;-1;;
4.924;-2.039458;-1;;
4.925;-2.039784;-1;;
4.944;-2.057576;-1;;
4.946;-2.073575;-1;;
4.967;-2.093649;-1;;
4.968;-2.108916;-1;;
4.99;-2.146395;-1;;
4.99;-2.146692;-1;;
4.991;-2.147098;-1;;
5.011;-2.165353;-1;;
5.012;-2.165515;-1;;
5.012;-2.18267;-1;;
5.013;-2.18267;-1;;
5.0233511;;;0.492820083167843;0.475822128205432
5.032;-2.201118;-1;;
5.032;-2.201118;-1;;
5.053;-2.236686;-1;;
5.053;-2.236686;-1;;
5.054;-2.236686;-1;;
5.055;-2.236686;-1;;
5.074;-2.272006;-1;;
5.075;-2.272466;-1;;
5.076;-2.272466;-1;;
5.096;-2.307555;-1;;
5.096;-2.307796;-1;;
5.097;-2.307999;-1;;
5.098;-2.307999;-1;;
5.118;-2.343698;-1;;
5.118;-2.343698;-1;;
5.119;-2.343698;-1;;
5.119;-2.343698;-1;;
5.139;-2.378829;-1;;
5.14;-2.37926;-1;;
5.141;-2.37926;-1;;
5.161;-2.414845;-1;;
5.162;-2.415199;-1;;
5.169;-2.415288;-1;;
5.17;-2.433108;-1;;
5.183;-2.454061;-1;;
5.183;-2.454061;-1;;
5.184;-2.454061;-1;;
5.185;-2.454061;-1;;
5.204;-2.486325;-1;;
5.205;-2.486622;-1;;
5.205;-2.486749;-1;;
5.206;-2.486749;-1;;
5.226;-2.522561;-1;;
5.226;-2.522561;-1;;
5.227;-2.522561;-1;;
5.228;-2.522561;-1;;
5.248;-2.557727;-1;;
5.249;-2.558056;-1;;
5.249;-2.558109;-1;;
5.25;-2.558163;-1;;
5.269;-2.593881;-1;;
5.271;-2.594288;-1;;
5.271;-2.594318;-1;;
5.293;-2.626441;-1;;
5.296;-2.629492;-1;;
5.315;-2.66455;-1;;
5.317;-2.665252;-1;;
5.3246519;;;0.496187466619266;0.477393884288116
5.338;-2.700974;-1;;
5.359;-2.736386;-1;;
5.361;-2.736799;-1;;
5.362;-2.736799;-1;;
5.381;-2.772336;-1;;
5.383;-2.772739;-1;;
5.383;-2.772751;-1;;
5.404;-2.808053;-1;;
5.405;-2.808358;-1;;
5.405;-2.808398;-1;;
5.406;-2.808467;-1;;
5.426;-2.844068;-1;;
5.427;-2.844432;-1;;
5.428;-2.84451;-1;;
5.448;-2.880148;-1;;
5.449;-2.880148;-1;;
5.47;-2.915238;-1;;
5.471;-2.915584;-1;;
5.472;-2.915651;-1;;
5.493;-2.950701;-1;;
5.494;-2.951166;-1;;
5.494;-2.951232;-1;;
5.515;-2.969351;-1;;
5.516;-2.981764;-1;;
5.517;-2.985509;-1;;
5.518;-2.987122;-1;;
5.581;-2.946475;-1;;
5.582;-2.933984;-1;;
5.602;-2.910794;-1;;
5.603;-2.910582;-1;;
5.604;-2.899073;-1;;
5.623;-2.875584;-1;;
5.625;-2.87509;-1;;
5.6264545;;;0.272646946060593;0.420837932180669
5.623;-2.875584;-1;;
5.625;-2.87509;-1;;
5.645;-2.840155;-1;;
5.646;-2.839481;-1;;
5.666;-2.804046;-1;;
5.667;-2.803679;-1;;
5.76;-2.661233;-1;;
5.773;-2.62521;-1;;
5.796;-2.589299;-1;;
5.839;-2.517963;-1;;
5.883;-2.463972;-1;;
5.884;-2.448802;-1;;
5.907;-2.410702;-1;;
5.9282565;;;0.237338532330784;0.374748257044622
5.929;-2.374776;-1;;
5.951;-2.339289;-1;;
5.995;-2.285571;-1;;
5.996;-2.272266;-1;;
5.997;-2.268708;-1;;
6.038;-2.214226;-1;;
6.039;-2.213946;-1;;
6.059;-2.178327;-1;;
6.06;-2.177957;-1;;
6.083;-2.142509;-1;;
6.105;-2.106658;-1;;
6.106;-2.106309;-1;;
6.128;-2.070756;-1;;
6.129;-2.056384;-1;;
6.151;-2.035148;-1;;
6.153;-2.019547;-1;;
6.174;-1.999347;-1;;
6.174;-1.992347;-1;;
6.197;-1.94583;-1;;
6.198;-1.945405;-1;;
6.22;-1.910432;-1;;
6.221;-1.910103;-1;;
6.222;-1.910055;-1;;
6.2295573;;;0.495408869051337;0.375395453515495
6.22;-1.910432;-1;;
6.221;-1.910103;-1;;
6.222;-1.910055;-1;;
6.242;-1.874665;-1;;
6.266;-1.838849;-1;;
6.267;-1.838531;-1;;
6.287;-1.802865;-1;;
6.288;-1.802492;-1;;
6.289;-1.802438;-1;;
6.31;-1.767337;-1;;
6.331;-1.731731;-1;;
6.332;-1.731429;-1;;
6.333;-1.731337;-1;;
6.359;-1.695993;-1;;
6.373;-1.677833;-1;;
6.375;-1.66184;-1;;
6.397;-1.624045;-1;;
6.42;-1.588891;-1;;
6.422;-1.588551;-1;;
6.443;-1.553088;-1;;
6.444;-1.552737;-1;;
6.445;-1.552683;-1;;
6.465;-1.517421;-1;;
6.487;-1.481674;-1;;
6.488;-1.481326;-1;;
6.509;-1.445797;-1;;
6.51;-1.445455;-1;;
6.5313596;;;0.496139446313053;0.375383448438942
6.532;-1.409902;-1;;
6.533;-1.409884;-1;;
6.555;-1.374285;-1;;
6.556;-1.373985;-1;;
6.577;-1.338559;-1;;
6.598;-1.302791;-1;;
6.599;-1.30243;-1;;
6.62;-1.267083;-1;;
6.622;-1.266718;-1;;
6.642;-1.248886;-1;;
6.644;-1.232959;-1;;
6.665;-1.195584;-1;;
6.686;-1.177272;-1;;
6.687;-1.177093;-1;;
6.708;-1.141892;-1;;
6.709;-1.141593;-1;;
6.729;-1.105982;-1;;
6.73;-1.105656;-1;;
6.751;-1.070257;-1;;
6.751;-1.070071;-1;;
6.771;-1.034644;-1;;
6.772;-1.034279;-1;;
6.792;-0.9990577;-1;;
6.793;-0.9986935;-1;;
6.794;-0.9986401;-1;;
6.814;-0.9631804;-1;;
6.8326601;;;0.440819638221668;0.417426621479211
6.835;-0.92696;-1;;
6.836;-0.9265997;-1;;
6.837;-0.9265456;-1;;
6.857;-0.8916891;-1;;
6.857;-0.8914026;-1;;
6.878;-0.8559161;-1;;
6.879;-0.855575;-1;;
6.88;-0.8555187;-1;;
6.901;-0.8201621;-1;;
6.902;-0.8198594;-1;;
6.922;-0.7843244;-1;;
6.923;-0.7839614;-1;;
6.945;-0.7484016;-1;;
6.947;-0.7480515;-1;;
6.975;-0.7127587;-1;;
6.977;-0.7124717;-1;;
6.989;-0.6770316;-1;;
6.991;-0.6763977;-1;;
7.012;-0.6413717;-1;;
7.013;-0.6410437;-1;;
7.034;-0.605666;-1;;
7.035;-0.6053311;-1;;
7.057;-0.5694706;-1;;
7.058;-0.5691434;-1;;
7.079;-0.5343027;-1;;
7.08;-0.5339669;-1;;
7.081;-0.5339031;-1;;
7.101;-0.4983463;-1;;
7.102;-0.4979841;-1;;
7.124;-0.4626434;-1;;
7.125;-0.4623137;-1;;
7.1344624;;;0.449866744832746;0.470558674604701
7.124;-0.4626434;-1;;
7.125;-0.4623137;-1;;
7.146;-0.4268407;-1;;
7.147;-0.4265199;-1;;
7.168;-0.3912677;-1;;
7.17;-0.3909035;-1;;
7.191;-0.3555893;-1;;
7.192;-0.3552308;-1;;
7.214;-0.3196125;-1;;
7.215;-0.319292;-1;;
7.235;-0.2840768;-1;;
7.236;-0.2837081;-1;;
7.258;-0.2481522;-1;;
7.259;-0.2478261;-1;;
7.281;-0.212791;-1;;
7.282;-0.2124597;-1;;
7.304;-0.1764017;-1;;
7.305;-0.1760988;-1;;
7.326;-0.141103;-1;;
7.327;-0.1407886;-1;;
7.348;-0.1053579;-1;;
7.349;-0.1050342;-1;;
7.35;-0.1049556;-1;;
7.369;-0.06957301;-1;;
7.37;-0.06918687;-1;;
7.371;-0.06912602;-1;;
7.392;-0.03384628;-1;;
7.393;-0.03351535;-1;;
7.414;0.001430355;-1;;
7.415;0.001925749;-1;;
7.416;0.002131527;-1;;
7.4357631;;;0.440339136179197;0.456791241386666
7.436;0.03734893;-1;;
7.437;0.03806606;-1;;
7.438;0.03818522;-1;;
7.459;0.07349485;-1;;
7.46;0.07379466;-1;;
7.46;0.07392503;-1;;
7.481;0.1099023;-1;;
7.482;0.1099023;-1;;
7.483;0.1099023;-1;;
7.503;0.1449702;-1;;
7.504;0.1453297;-1;;
7.524;0.1627406;-1;;
7.526;0.1763093;-1;;
7.527;0.1785813;-1;;
7.546;0.1988327;-1;;
7.553;0.2160321;-1;;
7.554;0.2165169;-1;;
7.567;0.2426184;-1;;
7.568;0.243032;-1;;
7.643;0.3594505;-1;;
7.645;0.3597857;-1;;
7.645;0.3597973;-1;;
7.646;0.3598264;-1;;
7.646;0.3598392;-1;;
7.647;0.3598392;-1;;
7.648;0.3774728;-1;;
7.649;0.3774728;-1;;
7.65;0.3774728;-1;;
7.651;0.3774728;-1;;
7.665;0.3950217;-1;;
7.666;0.3952763;-1;;
7.667;0.3953168;-1;;
7.687;0.4306312;-1;;
7.687;0.43082;-1;;
7.708;0.4667487;-1;;
7.708;0.4669599;-1;;
7.729;0.5021814;-1;;
7.73;0.5025044;-1;;
7.73;0.5025595;-1;;
7.7375652;;;0.487834011279384;0.454714882628249
7.751;0.5381653;-1;;
7.752;0.5385934;-1;;
7.752;0.5385934;-1;;
7.772;0.5744362;-1;;
7.772;0.5744362;-1;;
7.773;0.5744362;-1;;
7.794;0.6094813;-1;;
7.795;0.6098142;-1;;
7.796;0.6098827;-1;;
7.816;0.6452577;-1;;
7.817;0.6456143;-1;;
7.838;0.6810198;-1;;
7.84;0.6813841;-1;;
7.86;0.6997395;-1;;
7.861;0.7123965;-1;;
7.862;0.7159503;-1;;
7.883;0.7516232;-1;;
7.883;0.7518977;-1;;
7.884;0.7529193;-1;;
7.885;0.7529193;-1;;
7.903;0.7706479;-1;;
7.904;0.770851;-1;;
7.906;0.7864184;-1;;
7.924;0.8064547;-1;;
7.925;0.8066643;-1;;
7.926;0.8067137;-1;;
7.946;0.8423894;-1;;
7.946;0.8426578;-1;;
7.947;0.8427989;-1;;
7.966;0.8775306;-1;;
7.967;0.877912;-1;;
7.987;0.9133798;-1;;
7.988;0.9137513;-1;;
7.989;0.9138142;-1;;
8.01;0.949632;-1;;
8.01;0.949632;-1;;
8.011;0.949632;-1;;
8.012;0.949632;-1;;
8.012;0.949632;-1;;
8.031;0.9852308;-1;;
8.0388665;;;0.496004399806382;0.468511073024427
8.052;1.020443;-1;;
8.054;1.020805;-1;;
8.074;1.056241;-1;;
8.075;1.056606;-1;;
8.095;1.092099;-1;;
8.097;1.092484;-1;;
8.118;1.127933;-1;;
8.126;1.128337;-1;;
8.127;1.128346;-1;;
8.14;1.163226;-1;;
8.141;1.163756;-1;;
8.162;1.198882;-1;;
8.163;1.199365;-1;;
8.164;1.199568;-1;;
8.185;1.234477;-1;;
8.185;1.234762;-1;;
8.187;1.235196;-1;;
8.207;1.27049;-1;;
8.208;1.27112;-1;;
8.229;1.306055;-1;;
8.23;1.306589;-1;;
8.25;1.32486;-1;;
8.251;1.338125;-1;;
8.27;1.360352;-1;;
8.271;1.360779;-1;;
8.291;1.3954;-1;;
8.292;1.395984;-1;;
8.313;1.431266;-1;;
8.334;1.467061;-1;;
8.335;1.467592;-1;;
8.3408185;;;0.489826548096141;0.478501023840276
8.355;1.502714;-1;;
8.356;1.503345;-1;;
8.377;1.538447;-1;;
8.378;1.539054;-1;;
8.399;1.574219;-1;;
8.401;1.574936;-1;;
8.401;1.574986;-1;;
8.422;1.610343;-1;;
8.423;1.610666;-1;;
8.443;1.646029;-1;;
8.444;1.646397;-1;;
8.465;1.681792;-1;;
8.466;1.682124;-1;;
8.487;1.717734;-1;;
8.488;1.718072;-1;;
8.489;1.718142;-1;;
8.508;1.753274;-1;;
8.509;1.753645;-1;;
8.53;1.77171;-1;;
8.531;1.785807;-1;;
8.551;1.807451;-1;;
8.552;1.807451;-1;;
8.553;1.825335;-1;;
8.572;1.843537;-1;;
8.573;1.843537;-1;;
8.593;1.878703;-1;;
8.594;1.878703;-1;;
8.614;1.913747;-1;;
8.615;1.914076;-1;;
8.635;1.949994;-1;;
8.636;1.950367;-1;;
8.642119;;;0.492870274648628;0.491633808457634
8.657;1.985498;-1;;
8.658;1.985828;-1;;
8.679;2.021192;-1;;
8.68;2.021528;-1;;
8.701;2.057022;-1;;
8.702;2.057316;-1;;
8.722;2.09381;-1;;
8.723;2.09418;-1;;
8.744;2.128743;-1;;
8.745;2.129045;-1;;
8.767;2.164535;-1;;
8.788;2.200092;-1;;
8.789;2.200415;-1;;
8.79;2.200504;-1;;
8.81;2.234814;-1;;
8.81;2.235199;-1;;
8.812;2.236116;-1;;
8.813;2.236116;-1;;
8.832;2.254094;-1;;
8.834;2.27174;-1;;
8.855;2.290158;-1;;
8.856;2.307677;-1;;
8.877;2.343596;-1;;
8.878;2.343596;-1;;
8.899;2.379094;-1;;
8.9;2.379094;-1;;
8.944;2.450814;-1;;
8.9439213;;;0.469004628067024;0.486926462654544
8.944;2.450814;-1;;
8.944;2.450814;-1;;
8.945;2.450814;-1;;
8.966;2.486589;-1;;
8.968;2.486589;-1;;
8.99;2.522074;-1;;
8.99;2.522074;-1;;
8.991;2.522074;-1;;
9.011;2.557938;-1;;
9.012;2.557938;-1;;
9.012;2.557938;-1;;
9.032;2.575931;-1;;
9.033;2.591135;-1;;
9.035;2.593526;-1;;
9.055;2.629009;-1;;
9.056;2.62938;-1;;
9.077;2.647164;-1;;
9.078;2.661592;-1;;
9.099;2.682901;-1;;
9.1;2.683107;-1;;
9.101;2.695594;-1;;
9.12;2.718689;-1;;
9.142;2.754362;-1;;
9.143;2.754665;-1;;
9.143;2.754713;-1;;
9.163;2.789719;-1;;
9.184;2.825807;-1;;
9.185;2.826163;-1;;
9.206;2.861526;-1;;
9.207;2.861877;-1;;
9.228;2.896996;-1;;
9.229;2.897327;-1;;
9.245222;;;-0.391134143262478;0.265141826887329
9.055;2.629009;-1;;
9.056;2.62938;-1;;
9.077;2.647164;-1;;
9.078;2.661592;-1;;
9.099;2.682901;-1;;
9.1;2.683107;-1;;
9.101;2.695594;-1;;
9.12;2.718689;-1;;
9.142;2.754362;-1;;
9.143;2.754665;-1;;
9.143;2.754713;-1;;
9.163;2.789719;-1;;
9.184;2.825807;-1;;
9.185;2.826163;-1;;
9.206;2.861526;-1;;
9.207;2.861877;-1;;
9.228;2.896996;-1;;
9.229;2.897327;-1;;
9.25;2.932943;-1;;
9.251;2.933282;-1;;
9.271;2.968703;-1;;
9.272;2.96906;-1;;
9.293;3.004168;-1;;
9.3;3.004581;-1;;
9.314;2.981896;-1;;
9.316;2.981547;-1;;
9.336;2.946664;-1;;
9.5470246;;;-0.474155657685733;0.0241462754418602
9.639;2.464017;-1;;
9.704;2.35675;-1;;
9.771;2.249904;-1;;
9.771;2.249665;-1;;
9.772;2.249529;-1;;
9.792;2.231571;-1;;
9.813;2.19593;-1;;
9.814;2.195574;-1;;
9.816;2.179971;-1;;
9.836;2.160005;-1;;
9.8483249;;;0.459810272739669;0.0158812749646204
9.856;2.124515;-1;;
9.857;2.124154;-1;;
9.878;2.08902;-1;;
9.879;2.088711;-1;;
9.899;2.052983;-1;;
9.9;2.052647;-1;;
9.928;2.017362;-1;;
9.928;2.017192;-1;;
9.941;1.978715;-1;;
9.943;1.978079;-1;;
9.963;1.945345;-1;;
9.964;1.945345;-1;;
9.965;1.945345;-1;;
9.984;1.910582;-1;;
9.984;1.91029;-1;;
9.985;1.910147;-1;;
10.006;1.874288;-1;;
10.006;1.874004;-1;;
10.028;1.838565;-1;;
10.073;1.766903;-1;;
10.093;1.748956;-1;;
10.094;1.735702;-1;;
10.095;1.732345;-1;;
10.117;1.696051;-1;;
10.118;1.695493;-1;;
10.139;1.660479;-1;;
10.14;1.660015;-1;;
10.14;1.65995;-1;;
10.1501274;;;0.262075416729427;-0.0358510278697788
10.162;1.624685;-1;;
10.163;1.624221;-1;;
10.185;1.589085;-1;;
10.186;1.588292;-1;;
10.207;1.552456;-1;;
10.207;1.552456;-1;;
10.208;1.552456;-1;;
10.208;1.552456;-1;;
10.209;1.552456;-1;;
10.228;1.517181;-1;;
10.229;1.516804;-1;;
10.23;1.516718;-1;;
10.251;1.498568;-1;;
10.251;1.492074;-1;;
10.252;1.482911;-1;;
10.253;1.481469;-1;;
10.253;1.481259;-1;;
10.272;1.462925;-1;;
10.273;1.449874;-1;;
10.274;1.445374;-1;;
10.295;1.427319;-1;;
10.296;1.413824;-1;;
10.296;1.411548;-1;;
10.297;1.409756;-1;;
10.315;1.391692;-1;;
10.316;1.391445;-1;;
10.317;1.391445;-1;;
10.318;1.377841;-1;;
10.336;1.355927;-1;;
10.337;1.355627;-1;;
10.338;1.355627;-1;;
10.338;1.355627;-1;;
10.357;1.320344;-1;;
10.358;1.319888;-1;;
10.359;1.319888;-1;;
10.378;1.284782;-1;;
10.379;1.284412;-1;;
10.38;1.284318;-1;;
10.38;1.284318;-1;;
10.4;1.248576;-1;;
10.401;1.248576;-1;;
10.401;1.248576;-1;;
10.421;1.213457;-1;;
10.422;1.2131;-1;;
10.423;1.213043;-1;;
10.442;1.177495;-1;;
10.443;1.177113;-1;;
10.4519292;;;-0.486868421746637;-0.0597845974908187
10.442;1.177495;-1;;
10.443;1.177113;-1;;
10.464;1.141754;-1;;
10.487;1.105821;-1;;
10.487;1.105614;-1;;
10.497;1.088252;-1;;
10.509;1.069082;-1;;
10.53;1.034349;-1;;
10.531;1.034004;-1;;
10.532;1.033956;-1;;
10.553;0.9986966;-1;;
10.574;0.9806831;-1;;
10.575;0.9662185;-1;;
10.576;0.9638079;-1;;
10.577;0.9630106;-1;;
10.595;0.9444529;-1;;
10.596;0.9442445;-1;;
10.619;0.8917871;-1;;
10.642;0.8559366;-1;;
10.643;0.8556166;-1;;
10.644;0.855567;-1;;
10.665;0.819932;-1;;
10.71;0.7484958;-1;;
10.71;0.7482588;-1;;
10.711;0.7481217;-1;;
10.732;0.7127255;-1;;
10.7532305;;;-0.477795509360298;-0.0606945604094598
10.754;0.6771638;-1;;
10.755;0.6768478;-1;;
10.756;0.6767837;-1;;
10.777;0.6412333;-1;;
10.799;0.6058654;-1;;
10.844;0.5344589;-1;;
10.888;0.4627264;-1;;
10.955;0.3554576;-1;;
10.978;0.3192536;-1;;
10.979;0.3189343;-1;;
11;0.2839342;-1;;
11.022;0.2481136;-1;;
11.023;0.2477789;-1;;
11.044;0.2124845;-1;;
11.046;0.21212;-1;;
11.0550333;;;-0.494995141951685;-0.299395914082298
11.022;0.2481136;-1;;
11.023;0.2477789;-1;;
11.044;0.2124845;-1;;
11.046;0.21212;-1;;
11.067;0.1766766;-1;;
11.09;0.1409155;-1;;
11.091;0.1406105;-1;;
11.092;0.1405427;-1;;
11.119;0.1052993;-1;;
11.133;0.06980729;-1;;
11.156;0.03365123;-1;;
11.158;0.03331247;-1;;
11.179;-0.002121098;-1;;
11.201;-0.0378818;-1;;
11.202;-0.03821508;-1;;
11.203;-0.0382738;-1;;
11.223;-0.07341467;-1;;
11.266;-0.1271341;-1;;
11.268;-0.1431976;-1;;
11.293;-0.1811894;-1;;
11.294;-0.181508;-1;;
11.316;-0.2166116;-1;;
11.317;-0.2169465;-1;;
11.3573361;;;-0.459615021537914;-0.479818523649133
11.363;-0.2880059;-1;;
11.468;-0.4487963;-1;;
11.47;-0.4648695;-1;;
11.492;-0.5024239;-1;;
11.513;-0.5382199;-1;;
11.535;-0.5566629;-1;;
11.558;-0.6092104;-1;;
11.58;-0.6454379;-1;;
11.581;-0.6457758;-1;;
11.601;-0.6635451;-1;;
11.623;-0.6993837;-1;;
11.624;-0.6997292;-1;;
11.647;-0.7524002;-1;;
11.648;-0.7528475;-1;;
11.6581353;;;0.244367330125227;-0.297009585681167
11.647;-0.7524002;-1;;
11.648;-0.7528475;-1;;
11.67;-0.7886569;-1;;
11.671;-0.7890052;-1;;
11.693;-0.8240945;-1;;
11.694;-0.8244134;-1;;
11.717;-0.8599312;-1;;
11.718;-0.8602015;-1;;
11.739;-0.8958068;-1;;
11.74;-0.8961128;-1;;
11.761;-0.9313257;-1;;
11.762;-0.9316356;-1;;
11.783;-0.9670046;-1;;
11.784;-0.9673514;-1;;
11.805;-1.002873;-1;;
11.806;-1.003223;-1;;
11.827;-1.03847;-1;;
11.828;-1.038894;-1;;
11.829;-1.038894;-1;;
11.872;-1.109523;-1;;
11.873;-1.110109;-1;;
11.894;-1.14541;-1;;
11.895;-1.146021;-1;;
11.916;-1.181201;-1;;
11.917;-1.181887;-1;;
11.918;-1.181999;-1;;
11.939;-1.217525;-1;;
11.939;-1.217674;-1;;
11.94;-1.217876;-1;;
11.9604389;;;0.393486286550671;-0.0791891367034254
11.96;-1.252946;-1;;
11.961;-1.253381;-1;;
11.962;-1.253381;-1;;
11.983;-1.287181;-1;;
11.985;-1.288462;-1;;
11.986;-1.288819;-1;;
12.006;-1.322941;-1;;
12.009;-1.324702;-1;;
12.009;-1.324744;-1;;
12.01;-1.325046;-1;;
12.03;-1.360686;-1;;
12.031;-1.360686;-1;;
12.051;-1.396312;-1;;
12.053;-1.396312;-1;;
12.053;-1.396312;-1;;
12.073;-1.432117;-1;;
12.074;-1.432117;-1;;
12.096;-1.468693;-1;;
12.096;-1.468693;-1;;
12.097;-1.468693;-1;;
12.118;-1.503738;-1;;
12.119;-1.503738;-1;;
12.14;-1.539267;-1;;
12.141;-1.539267;-1;;
12.163;-1.575166;-1;;
12.165;-1.575166;-1;;
12.166;-1.575166;-1;;
12.166;-1.575166;-1;;
12.187;-1.610928;-1;;
12.187;-1.610928;-1;;
12.188;-1.610928;-1;;
12.208;-1.645774;-1;;
12.208;-1.646292;-1;;
12.209;-1.646581;-1;;
12.229;-1.681723;-1;;
12.229;-1.681933;-1;;
12.231;-1.68246;-1;;
12.252;-1.716831;-1;;
12.256;-1.717843;-1;;
12.257;-1.718035;-1;;
12.258;-1.718035;-1;;
12.258;-1.718035;-1;;
12.2612384;;;0.49635303978941;0.168647908731848
12.252;-1.716831;-1;;
12.256;-1.717843;-1;;
12.257;-1.718035;-1;;
12.258;-1.718035;-1;;
12.258;-1.718035;-1;;
12.278;-1.753417;-1;;
12.279;-1.753726;-1;;
12.299;-1.788892;-1;;
12.3;-1.789523;-1;;
12.301;-1.789714;-1;;
12.342;-1.861464;-1;;
12.343;-1.86179;-1;;
12.343;-1.861842;-1;;
12.344;-1.861906;-1;;
12.345;-1.861906;-1;;
12.345;-1.861906;-1;;
12.346;-1.861906;-1;;
12.346;-1.861906;-1;;
12.364;-1.896396;-1;;
12.365;-1.89687;-1;;
12.366;-1.89687;-1;;
12.386;-1.931827;-1;;
12.386;-1.932075;-1;;
12.387;-1.932268;-1;;
12.388;-1.932268;-1;;
12.408;-1.96825;-1;;
12.408;-1.96825;-1;;
12.409;-1.96825;-1;;
12.429;-2.003463;-1;;
12.43;-2.003812;-1;;
12.431;-2.003886;-1;;
12.452;-2.039284;-1;;
12.453;-2.039621;-1;;
12.473;-2.074412;-1;;
12.474;-2.074942;-1;;
12.475;-2.075272;-1;;
12.476;-2.075272;-1;;
12.496;-2.109771;-1;;
12.497;-2.110366;-1;;
12.498;-2.110694;-1;;
12.519;-2.146208;-1;;
12.52;-2.14676;-1;;
12.521;-2.146981;-1;;
12.541;-2.182137;-1;;
12.542;-2.182462;-1;;
12.543;-2.182545;-1;;
12.543;-2.182558;-1;;
12.5630407;;;0.489035701232495;0.405810589424451
12.564;-2.218529;-1;;
12.565;-2.218529;-1;;
12.565;-2.218529;-1;;
12.565;-2.218529;-1;;
12.585;-2.253673;-1;;
12.586;-2.254038;-1;;
12.587;-2.254095;-1;;
12.608;-2.289544;-1;;
12.609;-2.289897;-1;;
12.631;-2.325197;-1;;
12.632;-2.325518;-1;;
12.653;-2.360973;-1;;
12.654;-2.361314;-1;;
12.655;-2.36137;-1;;
12.675;-2.396759;-1;;
12.676;-2.3972;-1;;
12.677;-2.3972;-1;;
12.697;-2.432683;-1;;
12.698;-2.433009;-1;;
12.698;-2.433136;-1;;
12.699;-2.433136;-1;;
12.719;-2.467639;-1;;
12.72;-2.468269;-1;;
12.721;-2.46843;-1;;
12.742;-2.50402;-1;;
12.743;-2.504336;-1;;
12.787;-2.575608;-1;;
12.788;-2.575922;-1;;
12.829;-2.62964;-1;;
12.851;-2.66524;-1;;
12.852;-2.665646;-1;;
12.853;-2.665646;-1;;
12.8643414;;;0.491790888806498;0.467666479094769
12.851;-2.66524;-1;;
12.852;-2.665646;-1;;
12.853;-2.665646;-1;;
12.872;-2.701246;-1;;
12.873;-2.701246;-1;;
12.898;-2.737036;-1;;
12.899;-2.737036;-1;;
12.9;-2.754818;-1;;
12.914;-2.774877;-1;;
12.915;-2.774877;-1;;
12.915;-2.774877;-1;;
12.935;-2.808654;-1;;
12.936;-2.808654;-1;;
12.979;-2.87955;-1;;
13.044;-2.9872;-1;;
13.045;-2.9872;-1;;
13.065;-3.004805;-1;;
13.087;-2.98263;-1;;
13.109;-2.946493;-1;;
13.132;-2.911081;-1;;
13.1661435;;;0.451315136595477;0.48212369160597
13.087;-2.98263;-1;;
13.109;-2.946493;-1;;
13.132;-2.911081;-1;;
13.203;-2.785227;-1;;
13.204;-2.785227;-1;;
13.207;-2.785227;-1;;
13.226;-2.750474;-1;;
13.227;-2.750151;-1;;
13.227;-2.750124;-1;;
13.228;-2.750042;-1;;
13.247;-2.714626;-1;;
13.269;-2.678743;-1;;
13.29;-2.643806;-1;;
13.292;-2.642693;-1;;
13.293;-2.6426;-1;;
13.333;-2.572243;-1;;
13.356;-2.553492;-1;;
13.376;-2.517813;-1;;
13.4674445;;;-0.473999037977475;0.239535672164249
13.483;-2.339769;-1;;
13.505;-2.302792;-1;;
13.513;-2.286011;-1;;
13.614;-2.124979;-1;;
13.724;-1.963833;-1;;
13.767;-1.89275;-1;;
13.7692465;;;-0.48529105807829;-0.00404601766344746
13.724;-1.963833;-1;;
13.767;-1.89275;-1;;
13.983;-1.535173;-1;;
14.0710488;;;-0.418836904121227;-0.231702965895379
14.18;-1.231056;-1;;
14.222;-1.160047;-1;;
14.243;-1.12466;-1;;
14.286;-1.052956;-1;;
14.309;-1.016832;-1;;
14.31;-1.01652;-1;;
14.33;-0.9810754;-1;;
14.352;-0.9450694;-1;;
14.353;-0.9447823;-1;;
14.3723496;;;0.492469024316132;-0.221414493965215
14.352;-0.9450694;-1;;
14.353;-0.9447823;-1;;
14.374;-0.9098009;-1;;
14.374;-0.9093747;-1;;
14.395;-0.8739167;-1;;
14.396;-0.8735716;-1;;
14.418;-0.8381962;-1;;
14.419;-0.8378652;-1;;
14.642;-0.4808527;-1;;
14.6741516;;;0.350022446681542;-0.0154091228004606
14.687;-0.4089192;-1;;
14.707;-0.390525;-1;;
14.708;-0.3781146;-1;;
14.794;-0.2396948;-1;;
14.837;-0.1772263;-1;;
14.859;-0.1415021;-1;;
14.879;-0.1060131;-1;;
14.965;0.03763017;-1;;
14.9754529;;;0.486452093268391;0.22752666503621
14.965;0.03763017;-1;;
14.987;0.07265036;-1;;
15.255;0.501571;-1;;
15.256;0.5021374;-1;;
15.2767544;;;0.403671228866977;0.433153698283261
15.278;0.5372006;-1;;
15.279;0.5376871;-1;;
15.3;0.5729478;-1;;
15.301;0.5734744;-1;;
15.302;0.5737358;-1;;
15.323;0.6091411;-1;;
15.345;0.6447957;-1;;
15.346;0.6450974;-1;;
15.347;0.6451781;-1;;
15.367;0.6806185;-1;;
15.368;0.6809841;-1;;
15.369;0.6810454;-1;;
15.39;0.7164246;-1;;
15.391;0.7168408;-1;;
15.392;0.7168408;-1;;
15.393;0.7168408;-1;;
15.412;0.7526595;-1;;
15.422;0.7526595;-1;;
15.423;0.7703912;-1;;
15.424;0.7703912;-1;;
15.434;0.7883604;-1;;
15.435;0.7891135;-1;;
15.436;0.7892177;-1;;
15.457;0.8237182;-1;;
15.458;0.8240469;-1;;
15.458;0.8241021;-1;;
15.479;0.8597325;-1;;
15.48;0.8600832;-1;;
15.501;0.8953384;-1;;
15.503;0.8957095;-1;;
15.524;0.9308935;-1;;
15.525;0.9312032;-1;;
15.545;0.9665552;-1;;
15.547;0.9669379;-1;;
15.569;1.0034;-1;;
15.57;1.003718;-1;;
15.579057;;;0.44759932289862;0.421936272928883
15.569;1.0034;-1;;
15.57;1.003718;-1;;
15.592;1.038625;-1;;
15.594;1.038978;-1;;
15.615;1.074613;-1;;
15.617;1.074991;-1;;
15.638;1.110827;-1;;
15.639;1.111159;-1;;
15.64;1.111233;-1;;
15.661;1.145651;-1;;
15.682;1.181532;-1;;
15.683;1.181837;-1;;
15.704;1.217301;-1;;
15.705;1.217611;-1;;
15.725;1.253071;-1;;
15.727;1.253455;-1;;
15.748;1.289171;-1;;
15.749;1.289496;-1;;
15.769;1.324294;-1;;
15.77;1.324655;-1;;
15.793;1.36024;-1;;
15.794;1.360543;-1;;
15.86;1.467602;-1;;
15.86;1.467674;-1;;
15.8803578;;;0.490059811388513;0.456945614105625
15.86;1.467602;-1;;
15.86;1.467674;-1;;
15.881;1.503132;-1;;
15.883;1.503497;-1;;
15.927;1.574497;-1;;
15.948;1.610456;-1;;
15.949;1.610811;-1;;
15.994;1.681783;-1;;
16.024;1.717946;-1;;
16.026;1.71821;-1;;
16.061;1.789205;-1;;
16.082;1.82482;-1;;
16.103;1.842575;-1;;
16.126;1.895822;-1;;
16.148;1.931679;-1;;
16.1816585;;;0.473150872027825;0.453620308795484
16.194;2.003157;-1;;
16.216;2.039213;-1;;
16.239;2.074993;-1;;
16.327;2.217734;-1;;
16.349;2.235887;-1;;
16.372;2.289089;-1;;
16.374;2.289617;-1;;
16.396;2.325002;-1;;
16.397;2.325406;-1;;
16.398;2.325406;-1;;
16.42;2.361364;-1;;
16.421;2.361364;-1;;
16.442;2.396942;-1;;
16.464;2.433441;-1;;
16.4834616;;;0.403089844852311;0.453474962791817
16.487;2.468825;-1;;
16.488;2.468825;-1;;
16.511;2.503954;-1;;
16.512;2.503954;-1;;
16.531;2.540464;-1;;
16.532;2.540464;-1;;
16.553;2.575588;-1;;
16.554;2.575588;-1;;
16.576;2.611219;-1;;
16.577;2.611219;-1;;
16.599;2.647051;-1;;
16.601;2.647051;-1;;
16.621;2.682883;-1;;
16.629;2.700487;-1;;
16.643;2.719017;-1;;
16.644;2.719017;-1;;
16.644;2.719017;-1;;
16.664;2.754229;-1;;
16.688;2.789891;-1;;
16.689;2.789891;-1;;
16.708;2.825448;-1;;
16.709;2.825448;-1;;
16.73;2.861258;-1;;
16.731;2.861258;-1;;
16.752;2.897848;-1;;
16.754;2.897848;-1;;
16.774;2.915444;-1;;
16.7847616;;;-0.154646512943906;0.302913503831186
16.84;2.999681;-1;;
16.841;2.98698;-1;;
16.86;2.964332;-1;;
16.861;2.964087;-1;;
16.862;2.96405;-1;;
16.881;2.928925;-1;;
16.882;2.928579;-1;;
16.923;2.857217;-1;;
16.925;2.856835;-1;;
17.01;2.714692;-1;;
17.011;2.714394;-1;;
17.075;2.625002;-1;;
17.076;2.609869;-1;;
17.0865718;;;0.454886306103427;0.294120127509914
17.075;2.625002;-1;;
17.076;2.609869;-1;;
17.098;2.571431;-1;;
17.183;2.446754;-1;;
17.272;2.30279;-1;;
17.36;2.159401;-1;;
17.3883743;;;0.488713110172188;0.298010687046005
17.36;2.159401;-1;;
17.423;2.053248;-1;;
17.444;2.017008;-1;;
17.446;2.016634;-1;;
17.511;1.910129;-1;;
17.578;1.820475;-1;;
17.6;1.767769;-1;;
17.6901761;;;0.45252535426802;0.310369564399932
17.511;1.910129;-1;;
17.578;1.820475;-1;;
17.6;1.767769;-1;;
17.751;1.534675;-1;;
17.9914772;;;0.48315667797489;0.469820362129631
18.03;1.087942;-1;;
18.117;0.944652;-1;;
18.2932794;;;0.5;0.481098785603775
18.49;0.354596;-1;;
18.513;0.3231105;-1;;
18.531;0.2832839;-1;;
18.532;0.2828737;-1;;
18.552;0.2478804;-1;;
18.5945802;;;0.48746029714509;0.480785582347
18.49;0.354596;-1;;
18.513;0.3231105;-1;;
18.531;0.2832839;-1;;
18.532;0.2828737;-1;;
18.552;0.2478804;-1;;
18.619;0.1406456;-1;;
18.688;0.03339102;-1;;
18.8963823;;;0.391273334129896;0.465472577312469
18.956;-0.3958792;-1;;
18.978;-0.4312434;-1;;
19.177;-0.7527889;-1;;
19.1981845;;;0.481096837934695;0.46495761730242
19.199;-0.788402;-1;;
19.221;-0.8241636;-1;;
19.222;-0.8248543;-1;;
19.223;-0.8249465;-1;;
19.243;-0.8601448;-1;;
19.266;-0.8956156;-1;;
19.267;-0.8961084;-1;;
19.267;-0.8962291;-1;;
19.288;-0.9321935;-1;;
19.289;-0.9321935;-1;;
19.31;-0.9677104;-1;;
19.311;-0.9677104;-1;;
19.333;-1.00353;-1;;
19.333;-1.00353;-1;;
19.334;-1.00353;-1;;
19.355;-1.038912;-1;;
19.356;-1.039271;-1;;
19.377;-1.074518;-1;;
19.378;-1.074868;-1;;
19.379;-1.074917;-1;;
19.379;-1.074926;-1;;
19.38;-1.074929;-1;;
19.4;-1.110497;-1;;
19.401;-1.110851;-1;;
19.422;-1.146074;-1;;
19.423;-1.146411;-1;;
19.444;-1.182191;-1;;
19.445;-1.182616;-1;;
19.469;-1.218081;-1;;
19.47;-1.218081;-1;;
19.493;-1.253629;-1;;
19.4994851;;;0.0366052562979928;0.349108931376918
19.493;-1.253629;-1;;
19.535;-1.325043;-1;;
19.536;-1.325466;-1;;
19.558;-1.361025;-1;;
19.559;-1.361025;-1;;
19.602;-1.432278;-1;;
19.624;-1.467848;-1;;
19.625;-1.468176;-1;;
19.669;-1.539518;-1;;
19.714;-1.610886;-1;;
19.735;-1.646553;-1;;
19.737;-1.646931;-1;;
19.757;-1.682345;-1;;
19.779;-1.718136;-1;;
19.78;-1.718478;-1;;
19.781;-1.718527;-1;;
19.8012876;;;-0.496046195663421;0.103232308174791
19.714;-1.610886;-1;;
19.735;-1.646553;-1;;
19.737;-1.646931;-1;;
19.757;-1.682345;-1;;
19.779;-1.718136;-1;;
19.78;-1.718478;-1;;
19.781;-1.718527;-1;;
19.802;-1.753871;-1;;
19.825;-1.789872;-1;;
19.848;-1.82524;-1;;
19.891;-1.896805;-1;;
19.98;-2.040271;-1;;
20.1025879;;;-0.434901245739803;-0.103311336792634
20.156;-2.308059;-1;;
20.158;-2.308396;-1;;
20.177;-2.344087;-1;;
20.178;-2.344466;-1;;
20.219;-2.415048;-1;;
20.22;-2.415358;-1;;
20.241;-2.451043;-1;;
20.262;-2.486756;-1;;
20.262;-2.486976;-1;;
20.283;-2.522491;-1;;
20.326;-2.540385;-1;;
20.396;-2.70057;-1;;
20.4038889;;;-0.426722023500215;-0.330266052151362
20.262;-2.486756;-1;;
20.262;-2.486976;-1;;
20.283;-2.522491;-1;;
20.326;-2.540385;-1;;
20.396;-2.70057;-1;;
20.41;-2.724198;-1;;
20.474;-2.826038;-1;;
20.494;-2.861837;-1;;
20.495;-2.86221;-1;;
20.516;-2.89743;-1;;
20.517;-2.897755;-1;;
20.518;-2.897823;-1;;
20.518;-2.897835;-1;;
20.539;-2.933233;-1;;
20.561;-2.969151;-1;;
20.562;-2.969433;-1;;
20.7056917;;;-0.394878791085786;-0.438137063997306
20.712;-2.822047;-1;;
20.713;-2.821852;-1;;
20.818;-2.643483;-1;;
20.881;-2.553921;-1;;
20.883;-2.553608;-1;;
20.902;-2.518202;-1;;
20.903;-2.517812;-1;;
20.924;-2.482405;-1;;
20.945;-2.446789;-1;;
20.946;-2.446445;-1;;
20.968;-2.41084;-1;;
20.99;-2.375067;-1;;
20.991;-2.374725;-1;;
21.0074937;;;0.469296985459297;-0.196801268716627
20.818;-2.643483;-1;;
20.881;-2.553921;-1;;
20.883;-2.553608;-1;;
20.902;-2.518202;-1;;
20.903;-2.517812;-1;;
20.924;-2.482405;-1;;
20.945;-2.446789;-1;;
20.946;-2.446445;-1;;
20.968;-2.41084;-1;;
20.99;-2.375067;-1;;
20.991;-2.374725;-1;;
21.019;-2.321635;-1;;
21.02;-2.321164;-1;;
21.021;-2.321164;-1;;
21.056;-2.267601;-1;;
21.3087943;;;0.452579905151615;0.0250690190062277
20.818;-2.643483;-1;;
20.881;-2.553921;-1;;
20.883;-2.553608;-1;;
20.902;-2.518202;-1;;
20.903;-2.517812;-1;;
20.924;-2.482405;-1;;
20.945;-2.446789;-1;;
20.946;-2.446445;-1;;
20.968;-2.41084;-1;;
20.99;-2.375067;-1;;
20.991;-2.374725;-1;;
21.019;-2.321635;-1;;
21.02;-2.321164;-1;;
21.021;-2.321164;-1;;
21.056;-2.267601;-1;;
21.6105963;;;0.452579905151615;0.244894501169185
21.664;-1.302651;-1;;
21.684;-1.266715;-1;;
21.9118976;;;0.5;0.468614198940632
22.004;-0.7486015;-1;;
22.194;-0.4454286;-1;;
22.195;-0.4451165;-1;;
22.2136999;;;-0.457093848329394;0.237016490493459
22.237;-0.3733543;-1;;
22.238;-0.3730247;-1;;
22.258;-0.3558302;-1;;
22.28;-0.3189603;-1;;
22.321;-0.2487184;-1;;
22.321;-0.2485091;-1;;
22.322;-0.2483427;-1;;
22.342;-0.2126052;-1;;
22.342;-0.2123621;-1;;
22.344;-0.2121531;-1;;
22.344;-0.2121531;-1;;
22.363;-0.1771043;-1;;
22.363;-0.1768335;-1;;
22.364;-0.1766687;-1;;
22.384;-0.1413776;-1;;
22.384;-0.1411034;-1;;
22.385;-0.1409703;-1;;
22.385;-0.1409476;-1;;
22.404;-0.1055673;-1;;
22.405;-0.1052063;-1;;
22.426;-0.06990686;-1;;
22.427;-0.06956936;-1;;
22.47;-0.01610963;-1;;
22.472;-0.0002577435;-1;;
22.492;0.01999725;-1;;
22.514;0.055656;-1;;
22.515;0.05599811;-1;;
22.5155016;;;-0.440122125241973;0.0138409828950621
22.492;0.01999725;-1;;
22.514;0.055656;-1;;
22.515;0.05599811;-1;;
22.535;0.09109317;-1;;
22.556;0.12694;-1;;
22.557;0.127295;-1;;
22.578;0.1624421;-1;;
22.62;0.2342309;-1;;
22.62;0.2342765;-1;;
22.662;0.305538;-1;;
22.663;0.3058856;-1;;
22.683;0.3412797;-1;;
22.704;0.3594851;-1;;
22.705;0.3743059;-1;;
22.789;0.5022898;-1;;
22.8168024;;;-0.471812614136699;-0.217257146927016
22.683;0.3412797;-1;;
22.704;0.3594851;-1;;
22.705;0.3743059;-1;;
22.789;0.5022898;-1;;
22.853;0.6092892;-1;;
22.982;0.805885;-1;;
23.1186047;;;-0.455581399009754;-0.456152496679455
23.131;1.056096;-1;;
23.174;1.109941;-1;;
23.24;1.217341;-1;;
23.306;1.324337;-1;;
23.37;1.431965;-1;;
23.39;1.467184;-1;;
23.391;1.467541;-1;;
23.4199055;;;-0.484897554084019;-0.463103423118111
23.131;1.056096;-1;;
23.174;1.109941;-1;;
23.24;1.217341;-1;;
23.306;1.324337;-1;;
23.37;1.431965;-1;;
23.39;1.467184;-1;;
23.391;1.467541;-1;;
23.7217083;;;-0.484897554084019;-0.474297280328623
23.923;2.324855;-1;;
24.01;2.449953;-1;;
24.0230085;;;-0.5;-0.481344126794448
24.01;2.449953;-1;;
24.137;2.664487;-1;;
24.228;2.807545;-1;;
24.3248106;;;-0.497900948944689;-0.491924014278182
24.228;2.807545;-1;;
24.447;2.857173;-1;;
24.469;2.839291;-1;;
24.47;2.823977;-1;;
24.6266134;;;-0.301386514488655;-0.446046254379341
24.709;2.44609;-1;;
24.795;2.30317;-1;;
24.882;2.177856;-1;;
24.924;2.10631;-1;;
24.9279136;;;-0.49224204096959;-0.447882376100734
24.882;2.177856;-1;;
24.924;2.10631;-1;;
24.967;2.035132;-1;;
24.989;1.999157;-1;;
25.01;1.963148;-1;;
25.011;1.963148;-1;;
25.141;1.749032;-1;;
25.2292142;;;-0.442725395877502;-0.433563725070109
25.141;1.749032;-1;;
25.291;1.516209;-1;;
25.313;1.480933;-1;;
25.531017;;;-0.444874505330172;-0.42030711416648
25.678;0.8914586;-1;;
25.722;0.819829;-1;;
25.743;0.8016267;-1;;
25.8328185;;;-0.499759936499664;-0.469900469669232
25.722;0.819829;-1;;
25.743;0.8016267;-1;;
25.975;0.426507;-1;;
25.996;0.3911592;-1;;
26.1341195;;;-0.384108944385823;-0.44286719552329
26.191;0.06945837;-1;;
26.212;0.05087316;-1;;
26.213;0.03328796;-1;;
26.234;0.01498958;-1;;
26.343;-0.1629236;-1;;
26.363;-0.1990775;-1;;
26.4359215;;;-0.307069692444952;-0.408953269665153
26.363;-0.1990775;-1;;
26.626;-0.6278338;-1;;
26.627;-0.6282424;-1;;
26.648;-0.6466115;-1;;
26.7377238;;;0.348801334297628;-0.210534309758203
26.363;-0.1990775;-1;;
26.626;-0.6278338;-1;;
26.627;-0.6282424;-1;;
26.648;-0.6466115;-1;;
27.0390246;;;0.348801334297628;0.00160600794112012
27.119;-1.41452;-1;;
27.141;-1.450698;-1;;
27.163;-1.468827;-1;;
27.31;-1.718583;-1;;
27.311;-1.718583;-1;;
27.3408269;;;0.476575304855583;0.216777070251472
27.31;-1.718583;-1;;
27.311;-1.718583;-1;;
27.48;-1.986337;-1;;
27.523;-2.058307;-1;;
27.544;-2.093199;-1;;
27.565;-2.129496;-1;;
27.6422503;;;0.479085704400045;0.413315919462721
27.786;-2.469017;-1;;
27.87;-2.611968;-1;;
27.9435511;;;0.5;0.451115585888314
27.978;-2.790045;-1;;
28;-2.825947;-1;;
28.023;-2.861924;-1;;
28.029;-2.862309;-1;;
28.044;-2.880224;-1;;
28.064;-2.915723;-1;;
28.065;-2.915723;-1;;
28.066;-2.915723;-1;;
28.106;-2.987332;-1;;
28.107;-2.987332;-1;;
28.127;-2.999846;-1;;
28.128;-3;-1;;
28.148;-2.964877;-1;;
28.149;-2.964512;-1;;
28.17;-2.928479;-1;;
28.171;-2.928479;-1;;
28.191;-2.893056;-1;;
28.192;-2.892611;-1;;
28.213;-2.857553;-1;;
28.214;-2.857125;-1;;
28.234;-2.839055;-1;;
28.235;-2.826603;-1;;
28.2453529;;;0.189871030746481;0.411383010000527
28.213;-2.857553;-1;;
28.214;-2.857125;-1;;
28.234;-2.839055;-1;;
28.235;-2.826603;-1;;
28.256;-2.803329;-1;;
28.276;-2.767779;-1;;
28.277;-2.767337;-1;;
28.297;-2.732401;-1;;
28.298;-2.731969;-1;;
28.318;-2.696604;-1;;
28.319;-2.696167;-1;;
28.34;-2.660172;-1;;
28.34;-2.660172;-1;;
28.36;-2.625086;-1;;
28.361;-2.624655;-1;;
28.382;-2.589359;-1;;
28.383;-2.588937;-1;;
28.403;-2.553823;-1;;
28.404;-2.553469;-1;;
28.425;-2.517775;-1;;
28.425;-2.517669;-1;;
28.426;-2.517341;-1;;
28.446;-2.482638;-1;;
28.469;-2.463879;-1;;
28.47;-2.450717;-1;;
28.47;-2.446001;-1;;
28.49;-2.427652;-1;;
28.491;-2.427652;-1;;
28.511;-2.392546;-1;;
28.5471551;;;-0.376777778541673;0.198044739151213
