Cube1Timestamp;Cube1XPos;Cube1YPos;Cube1newCorr;Cube1smoothCorr
0;;;0;0
0.1970228;;;0;0
0.4988239;;;0;0
0.7996321;;;0;0
1.1014419;;;0;0
1.4027412;;;0;0
1.7045427;;;0;0
2.0058417;;;0;0
2.246;0.1592259;0;;
2.3076428;;;0;0
2.311;-0.001091763;0;;
2.341;-0.05476483;0;;
2.354;-0.1079741;0;;
2.355;-0.1087967;0;;
2.376;-0.1613552;0;;
2.378;-0.1624218;0;;
2.399;-0.2159511;0;;
2.4;-0.2166014;0;;
2.42;-0.2695371;0;;
2.422;-0.27011;0;;
2.443;-0.3228965;0;;
2.444;-0.3233751;0;;
2.464;-0.376929;0;;
2.466;-0.3775104;0;;
2.487;-0.4302918;0;;
2.488;-0.4308156;0;;
2.509;-0.4839876;0;;
2.51;-0.4845293;0;;
2.531;-0.5375234;0;;
2.532;-0.5380528;0;;
2.555;-0.5910831;0;;
2.556;-0.591549;0;;
2.577;-0.6464211;0;;
2.579;-0.6469847;0;;
2.6;-0.6992085;0;;
2.601;-0.6998421;0;;
2.6099451;;;0.155562614939401;0.0388906537348502
2.6;-0.6992085;0;;
2.601;-0.6998421;0;;
2.622;-0.7529008;0;;
2.623;-0.7533785;0;;
2.644;-0.8067439;0;;
2.646;-0.8072953;0;;
2.667;-0.8600674;0;;
2.668;-0.8605571;0;;
2.688;-0.9126818;0;;
2.69;-0.9132479;0;;
2.71;-0.9679233;0;;
2.712;-0.9697057;0;;
2.734;-1.02017;0;;
2.735;-1.020568;0;;
2.756;-1.0735;0;;
2.757;-1.073952;0;;
2.778;-1.127843;0;;
2.779;-1.127843;0;;
2.801;-1.180748;0;;
2.802;-1.18136;0;;
2.823;-1.23421;0;;
2.825;-1.234756;0;;
2.846;-1.287998;0;;
2.847;-1.288537;0;;
2.868;-1.341556;0;;
2.869;-1.342192;0;;
2.89;-1.394666;0;;
2.891;-1.395724;0;;
2.9107434;;;0.495308941664906;0.162717889151077
2.912;-1.448865;0;;
2.934;-1.502431;0;;
2.935;-1.503054;0;;
2.936;-1.503054;0;;
2.957;-1.556203;0;;
2.958;-1.55673;0;;
2.979;-1.610509;0;;
2.981;-1.610509;0;;
3.002;-1.663309;0;;
3.003;-1.663786;0;;
3.025;-1.717596;0;;
3.092;-1.877799;0;;
3.093;-1.878308;0;;
3.114;-1.931295;0;;
3.115;-1.931816;0;;
3.136;-1.984955;0;;
3.137;-1.985469;0;;
3.159;-2.038873;0;;
3.16;-2.03932;0;;
3.181;-2.092479;0;;
3.182;-2.092955;0;;
3.202;-2.145782;0;;
3.204;-2.146436;0;;
3.2125445;;;-0.453431893146775;0.0493599158643828
3.202;-2.145782;0;;
3.204;-2.146436;0;;
3.225;-2.199362;0;;
3.226;-2.200352;0;;
3.248;-2.252953;0;;
3.25;-2.254144;0;;
3.27;-2.307288;0;;
3.271;-2.307858;0;;
3.292;-2.360506;0;;
3.294;-2.36161;0;;
3.314;-2.414375;0;;
3.315;-2.415034;0;;
3.337;-2.468279;0;;
3.338;-2.469277;0;;
3.359;-2.522063;0;;
3.38;-2.549123;0;;
3.382;-2.573053;0;;
3.383;-2.576497;0;;
3.404;-2.629508;0;;
3.425;-2.682291;0;;
3.427;-2.683396;0;;
3.428;-2.683511;0;;
3.448;-2.736945;0;;
3.449;-2.737474;0;;
3.47;-2.790526;0;;
3.492;-2.816593;0;;
3.494;-2.841219;0;;
3.495;-2.84445;0;;
3.5143455;;;0.47913298617675;0.16914316240857
3.516;-2.8975;0;;
3.516;-2.898146;0;;
3.538;-2.953262;0;;
3.539;-2.953775;0;;
3.561;-3.005377;0;;
3.562;-3.005819;0;;
3.642;-2.841505;0;;
3.644;-2.839686;0;;
3.645;-2.8395;0;;
3.646;-2.839461;0;;
3.647;-2.839454;0;;
3.649;-2.814919;0;;
3.65;-2.812428;0;;
3.664;-2.785913;0;;
3.665;-2.785534;0;;
3.685;-2.73259;0;;
3.686;-2.732056;0;;
3.707;-2.67862;0;;
3.708;-2.67862;0;;
3.73;-2.625682;0;;
3.732;-2.624628;0;;
3.752;-2.571578;0;;
3.753;-2.571578;0;;
3.774;-2.518427;0;;
3.776;-2.517801;0;;
3.796;-2.463904;0;;
3.8161466;;;-0.459345651394351;0.0154160958251323
3.817;-2.411815;0;;
3.818;-2.410826;0;;
3.819;-2.410611;0;;
3.839;-2.35728;0;;
3.84;-2.356722;0;;
3.862;-2.303222;0;;
3.884;-2.249905;0;;
3.885;-2.249465;0;;
3.887;-2.249321;0;;
3.907;-2.19727;0;;
3.929;-2.143502;0;;
3.931;-2.142432;0;;
3.952;-2.088447;0;;
3.975;-2.035099;0;;
3.995;-1.981942;0;;
3.996;-1.981389;0;;
4.017;-1.928643;0;;
4.018;-1.92758;0;;
4.04;-1.875356;0;;
4.041;-1.874395;0;;
4.063;-1.820902;0;;
4.065;-1.820378;0;;
4.085;-1.768255;0;;
4.108;-1.71394;0;;
4.11;-1.713352;0;;
4.1174464;;;-0.397004581254843;-0.207662284904805
4.085;-1.768255;0;;
4.108;-1.71394;0;;
4.11;-1.713352;0;;
4.13;-1.660233;0;;
4.152;-1.606995;0;;
4.153;-1.606531;0;;
4.175;-1.553285;0;;
4.197;-1.49913;0;;
4.197;-1.49913;0;;
4.219;-1.446151;0;;
4.221;-1.44556;0;;
4.222;-1.44556;0;;
4.242;-1.391988;0;;
4.264;-1.338289;0;;
4.265;-1.337852;0;;
4.285;-1.284388;0;;
4.286;-1.283722;0;;
4.309;-1.230815;0;;
4.332;-1.178264;0;;
4.333;-1.177382;0;;
4.354;-1.123712;0;;
4.354;-1.123712;0;;
4.375;-1.070566;0;;
4.376;-1.070039;0;;
4.377;-1.069958;0;;
4.4192467;;;0.401871785668471;0.00616363479900674
4.42;-0.9632697;0;;
4.443;-0.9095088;0;;
4.466;-0.8570268;0;;
4.468;-0.8547323;0;;
4.489;-0.8028517;0;;
4.491;-0.8017631;0;;
4.493;-0.8016544;0;;
4.513;-0.7486821;0;;
4.515;-0.7486821;0;;
4.535;-0.6954443;0;;
4.558;-0.6407893;0;;
4.578;-0.5880907;0;;
4.601;-0.53336;0;;
4.602;-0.53336;0;;
4.603;-0.53336;0;;
4.624;-0.4804903;0;;
4.645;-0.4279058;0;;
4.646;-0.4266407;0;;
4.667;-0.3738242;0;;
4.687;-0.3198955;0;;
4.689;-0.3192261;0;;
4.71;-0.2659575;0;;
4.711;-0.2654205;0;;
4.7210477;;;0.471370907449557;0.00422311511720842
4.758;-0.1660644;0;;
4.763;-0.1584852;0;;
4.777;-0.1050886;0;;
4.799;-0.05158942;0;;
4.822;0.001907304;0;;
4.823;0.002319357;0;;
4.865;0.08234226;0;;
4.867;0.1066949;0;;
4.887;0.1357982;0;;
4.889;0.1611672;0;;
4.91;0.1903525;0;;
4.911;0.2090358;0;;
4.932;0.2433189;0;;
4.955;0.3219174;0;;
4.956;0.3244963;0;;
4.976;0.3511301;0;;
4.977;0.3513674;0;;
4.999;0.4042323;0;;
5;0.426373;0;;
5.02;0.4582205;0;;
5.022;0.4584904;0;;
5.0228485;;;0.492081779140192;0.242079972750844
5.02;0.4582205;0;;
5.022;0.4584904;0;;
5.042;0.5124286;0;;
5.043;0.5124286;0;;
5.064;0.5649263;0;;
5.107;0.6723924;0;;
5.108;0.6728749;0;;
5.109;0.6729873;0;;
5.129;0.7258412;0;;
5.15;0.7801263;0;;
5.172;0.8331133;0;;
5.194;0.887812;0;;
5.195;0.8882501;0;;
5.215;0.9402406;0;;
5.239;0.9949248;0;;
5.24;0.9953467;0;;
5.259;1.048158;0;;
5.261;1.048759;0;;
5.281;1.101276;0;;
5.283;1.101845;0;;
5.304;1.155808;0;;
5.304;1.155808;0;;
5.3241483;;;0.48562660133638;0.46273776839865
5.326;1.20867;0;;
5.348;1.262199;0;;
5.414;1.423941;0;;
5.436;1.476394;0;;
5.437;1.476884;0;;
5.526;1.691675;0;;
5.547;1.745235;0;;
5.57;1.797711;0;;
5.571;1.799124;0;;
5.593;1.853404;0;;
5.614;1.905014;0;;
5.6254476;;;0.479580527994671;0.4821649539802
5.614;1.905014;0;;
5.637;1.95972;0;;
5.704;2.12031;0;;
5.726;2.174377;0;;
5.728;2.174979;0;;
5.748;2.225827;0;;
5.815;2.388259;0;;
5.838;2.441362;0;;
5.839;2.442253;0;;
5.903;2.5761;0;;
5.9272487;;;-0.462536617480693;0.248688072747638
5.614;1.905014;0;;
5.637;1.95972;0;;
5.704;2.12031;0;;
5.726;2.174377;0;;
5.728;2.174979;0;;
5.748;2.225827;0;;
5.815;2.388259;0;;
5.838;2.441362;0;;
5.839;2.442253;0;;
5.903;2.5761;0;;
6.22905;;;-0.462536617480693;0.0100334735924164
6.25;2.624619;0;;
6.335;2.410769;0;;
6.339;2.393991;0;;
6.364;2.330055;0;;
6.388;2.276506;0;;
6.435;2.168956;0;;
6.456;2.115562;0;;
6.478;2.062297;0;;
6.522;1.954461;0;;
6.524;1.954461;0;;
6.5308505;;;-0.370168168350449;-0.203915218829291
6.522;1.954461;0;;
6.524;1.954461;0;;
6.588;1.794381;0;;
6.59;1.793834;0;;
6.632;1.687651;0;;
6.655;1.632468;0;;
6.675;1.606385;0;;
6.676;1.582967;0;;
6.697;1.53612;0;;
6.699;1.526594;0;;
6.72;1.473865;0;;
6.722;1.472186;0;;
6.742;1.445393;0;;
6.743;1.422558;0;;
6.765;1.391753;0;;
6.766;1.368639;0;;
6.786;1.33858;0;;
6.788;1.314294;0;;
6.81;1.258137;0;;
6.811;1.257063;0;;
6.8321508;;;0.470052556639797;-0.20629721166801
6.833;1.203663;0;;
6.834;1.203663;0;;
6.854;1.150715;0;;
6.855;1.150161;0;;
6.876;1.123531;0;;
6.877;1.101818;0;;
6.9;1.043257;0;;
6.901;1.042802;0;;
6.922;0.9900531;0;;
6.923;0.9895399;0;;
6.944;0.936946;0;;
6.946;0.9357175;0;;
6.967;0.8829063;0;;
6.968;0.8824264;0;;
6.989;0.8552266;0;;
6.99;0.8272647;0;;
7.01;0.7763746;0;;
7.012;0.7747172;0;;
7.033;0.7210432;0;;
7.034;0.7204962;0;;
7.056;0.6675757;0;;
7.057;0.6671453;0;;
7.078;0.6147903;0;;
7.08;0.6135581;0;;
7.1;0.5610828;0;;
7.101;0.5606069;0;;
7.121;0.534038;0;;
7.124;0.5090977;0;;
7.1334499;;;0.499090754309679;0.0341096312795834
7.144;0.4800529;0;;
7.145;0.4572201;0;;
7.167;0.4000726;0;;
7.168;0.3995342;0;;
7.19;0.3461222;0;;
7.191;0.3456487;0;;
7.211;0.3195125;0;;
7.212;0.2965846;0;;
7.232;0.2657056;0;;
7.234;0.2653701;0;;
7.256;0.2126844;0;;
7.257;0.2122686;0;;
7.277;0.1588016;0;;
7.284;0.1192726;0;;
7.298;0.1049048;0;;
7.299;0.1046959;0;;
7.301;0.104656;0;;
7.32;0.05104748;0;;
7.341;-0.002218261;0;;
7.342;-0.00270104;0;;
7.362;-0.05510547;0;;
7.363;-0.05566211;0;;
7.384;-0.1092143;0;;
7.385;-0.1097138;0;;
7.386;-0.109858;0;;
7.405;-0.1628198;0;;
7.406;-0.1634009;0;;
7.427;-0.2165418;0;;
7.428;-0.2170477;0;;
7.4352507;;;-0.388529252365031;0.0526114725584988
7.449;-0.2706273;0;;
7.45;-0.2710739;0;;
7.47;-0.3242494;0;;
7.471;-0.3242494;0;;
7.492;-0.3775287;0;;
7.493;-0.3780476;0;;
7.514;-0.4318964;0;;
7.516;-0.4318964;0;;
7.536;-0.4845993;0;;
7.537;-0.4851448;0;;
7.558;-0.5366738;0;;
7.56;-0.5388307;0;;
7.58;-0.5646139;0;;
7.581;-0.5870867;0;;
7.601;-0.6186211;0;;
7.602;-0.6421857;0;;
7.623;-0.6731;0;;
7.625;-0.6731;0;;
7.644;-0.7261592;0;;
7.665;-0.7788494;0;;
7.666;-0.7793598;0;;
7.687;-0.832935;0;;
7.688;-0.833408;0;;
7.708;-0.88646;0;;
7.708;-0.8871351;0;;
7.729;-0.9402975;0;;
7.73;-0.9408216;0;;
7.7365505;;;0.498277216127169;0.269722818677903
7.729;-0.9402975;0;;
7.73;-0.9408216;0;;
7.75;-0.9939906;0;;
7.751;-0.9939906;0;;
7.772;-1.04813;0;;
7.772;-1.04813;0;;
7.792;-1.101535;0;;
7.794;-1.10219;0;;
7.814;-1.12789;0;;
7.816;-1.151589;0;;
7.835;-1.18206;0;;
7.856;-1.234498;0;;
7.857;-1.235007;0;;
7.884;-1.319755;0;;
7.885;-1.32034;0;;
7.899;-1.34315;0;;
7.9;-1.343461;0;;
7.92;-1.39562;0;;
7.921;-1.39616;0;;
7.942;-1.45014;0;;
8.028;-1.663841;0;;
8.0383513;;;0.478971879824944;0.27195264947419
7.792;-1.101535;0;;
7.794;-1.10219;0;;
7.814;-1.12789;0;;
7.816;-1.151589;0;;
7.835;-1.18206;0;;
7.856;-1.234498;0;;
7.857;-1.235007;0;;
7.884;-1.319755;0;;
7.885;-1.32034;0;;
7.899;-1.34315;0;;
7.9;-1.343461;0;;
7.92;-1.39562;0;;
7.921;-1.39616;0;;
7.942;-1.45014;0;;
8.028;-1.663841;0;;
8.072;-1.771488;0;;
8.3401521;;;0.477322543551475;0.266510596784639
7.792;-1.101535;0;;
7.794;-1.10219;0;;
7.814;-1.12789;0;;
7.816;-1.151589;0;;
7.835;-1.18206;0;;
7.856;-1.234498;0;;
7.857;-1.235007;0;;
7.884;-1.319755;0;;
7.885;-1.32034;0;;
7.899;-1.34315;0;;
7.9;-1.343461;0;;
7.92;-1.39562;0;;
7.921;-1.39616;0;;
7.942;-1.45014;0;;
8.028;-1.663841;0;;
8.072;-1.771488;0;;
8.6414516;;;0.477322543551475;0.482973545763766
8.806;-2.517011;0;;
8.869;-2.357045;0;;
8.9432527;;;-0.5;0.233404241731974
8.806;-2.517011;0;;
8.869;-2.357045;0;;
8.978;-2.088894;0;;
9.245054;;;-0.498316470934195;-0.0109178459578111
8.806;-2.517011;0;;
8.869;-2.357045;0;;
8.978;-2.088894;0;;
9.5463533;;;-0.498316470934195;-0.254827599579229
9.597;-0.6142553;0;;
9.598;-0.6138094;0;;
9.618;-0.5607888;0;;
9.619;-0.5602399;0;;
9.639;-0.5073522;0;;
9.641;-0.5067781;0;;
9.66;-0.4535976;0;;
9.661;-0.4530143;0;;
9.682;-0.4001251;0;;
9.704;-0.3458826;0;;
9.705;-0.3454553;0;;
9.706;-0.3453167;0;;
9.726;-0.2928272;0;;
9.747;-0.2389843;0;;
9.749;-0.2384302;0;;
9.77;-0.1851465;0;;
9.771;-0.1846251;0;;
9.793;-0.1320294;0;;
9.815;-0.07815551;0;;
9.817;-0.07761122;0;;
9.837;-0.02420904;0;;
9.8481541;;;-0.277175482867427;-0.443452106183954
9.858;0.002486976;0;;
9.86;0.0267289;0;;
9.861;0.02920687;0;;
9.902;0.1091938;0;;
9.903;0.1095333;0;;
9.904;0.132541;0;;
9.926;0.1629551;0;;
9.927;0.1828711;0;;
9.928;0.1886596;0;;
9.947;0.216798;0;;
9.968;0.2700082;0;;
9.969;0.2704865;0;;
9.989;0.3239761;0;;
9.99;0.3245296;0;;
10.053;0.4841844;0;;
10.054;0.4846886;0;;
10.075;0.5380919;0;;
10.096;0.5921975;0;;
10.117;0.6462799;0;;
10.139;0.6991614;0;;
10.14;0.6996663;0;;
10.1499643;;;0.204080600997362;-0.267431955934614
10.162;0.7526878;0;;
10.183;0.8081751;0;;
10.185;0.8087487;0;;
10.206;0.8601233;0;;
10.206;0.8604888;0;;
10.208;0.860711;0;;
10.228;0.913561;0;;
10.25;0.9675708;0;;
10.252;0.9681181;0;;
10.273;1.020833;0;;
10.295;1.074625;0;;
10.296;1.075065;0;;
10.339;1.181806;0;;
10.383;1.262139;0;;
10.384;1.285591;0;;
10.405;1.315911;0;;
10.406;1.339451;0;;
10.427;1.369869;0;;
10.428;1.369869;0;;
10.429;1.391533;0;;
10.448;1.423381;0;;
10.449;1.423381;0;;
10.45;1.423381;0;;
10.4512633;;;0.431183502365281;-0.0350569626097449
10.448;1.423381;0;;
10.449;1.423381;0;;
10.45;1.423381;0;;
10.491;1.530155;0;;
10.534;1.637588;0;;
10.534;1.637893;0;;
10.535;1.638164;0;;
10.555;1.691976;0;;
10.576;1.74453;0;;
10.577;1.745018;0;;
10.599;1.796557;0;;
10.601;1.798618;0;;
10.622;1.851514;0;;
10.623;1.852016;0;;
10.623;1.852101;0;;
10.624;1.852137;0;;
10.644;1.905264;0;;
10.644;1.905326;0;;
10.645;1.905946;0;;
10.645;1.905946;0;;
10.665;1.959199;0;;
10.666;1.959739;0;;
10.667;1.959841;0;;
10.668;1.959857;0;;
10.687;2.012861;0;;
10.688;2.013374;0;;
10.688;2.013446;0;;
10.709;2.066467;0;;
10.71;2.066929;0;;
10.71;2.067002;0;;
10.711;2.067078;0;;
10.712;2.06709;0;;
10.731;2.119641;0;;
10.732;2.120169;0;;
10.733;2.120343;0;;
10.7525642;;;0.398992213550474;0.189270208511423
10.754;2.174218;0;;
10.754;2.173578;0;;
10.755;2.174068;0;;
10.755;2.174153;0;;
10.756;2.174203;0;;
10.776;2.226665;0;;
10.777;2.227593;0;;
10.778;2.228005;0;;
10.8;2.281401;0;;
10.8;2.281401;0;;
10.801;2.281401;0;;
10.802;2.281401;0;;
10.824;2.33533;0;;
10.826;2.33533;0;;
10.826;2.33533;0;;
10.827;2.33533;0;;
10.846;2.387351;0;;
10.848;2.388461;0;;
10.85;2.388668;0;;
10.85;2.388676;0;;
10.87;2.442118;0;;
10.891;2.49477;0;;
10.891;2.495354;0;;
10.893;2.495944;0;;
10.893;2.495981;0;;
10.913;2.549244;0;;
10.914;2.549792;0;;
10.915;2.549875;0;;
10.915;2.549889;0;;
10.936;2.601691;0;;
10.937;2.602527;0;;
10.938;2.60283;0;;
10.938;2.602882;0;;
10.958;2.654664;0;;
10.959;2.65571;0;;
10.96;2.656624;0;;
10.961;2.656624;0;;
10.98;2.708864;0;;
10.982;2.71023;0;;
11.002;2.762575;0;;
11.004;2.763906;0;;
11.024;2.81704;0;;
11.025;2.817589;0;;
11.045;2.870626;0;;
11.046;2.871289;0;;
11.0543642;;;0.457086406778795;0.372835680922978
11.066;2.923755;0;;
11.067;2.924291;0;;
11.089;2.977633;0;;
11.093;2.977962;0;;
11.11;2.999685;0;;
11.112;3;0;;
11.132;2.973766;0;;
11.134;2.948597;0;;
11.155;2.893294;0;;
11.156;2.892745;0;;
11.177;2.839802;0;;
11.178;2.838735;0;;
11.199;2.812832;0;;
11.201;2.788534;0;;
11.222;2.758871;0;;
11.223;2.738808;0;;
11.244;2.705335;0;;
11.245;2.685961;0;;
11.264;2.652026;0;;
11.265;2.651583;0;;
11.285;2.598816;0;;
11.306;2.544919;0;;
11.307;2.544268;0;;
11.348;2.436809;0;;
11.349;2.436809;0;;
11.3556637;;;-0.438727547467945;0.212133643806651
11.369;2.383792;0;;
11.392;2.330375;0;;
11.414;2.277139;0;;
11.435;2.222916;0;;
11.458;2.16956;0;;
11.459;2.169084;0;;
11.48;2.115714;0;;
11.482;2.115163;0;;
11.504;2.062154;0;;
11.505;2.06174;0;;
11.506;2.061637;0;;
11.528;2.009152;0;;
11.551;1.95504;0;;
11.649;1.714313;0;;
11.65;1.713508;0;;
11.6574648;;;0.175187117774565;0.148134547658973
11.649;1.714313;0;;
11.65;1.713508;0;;
11.692;1.60709;0;;
11.715;1.552565;0;;
11.718;1.551572;0;;
11.76;1.447801;0;;
11.937;1.018582;0;;
11.9587643;;;-0.308711266409518;-0.0287913223310255
12.127;0.5630035;0;;
12.128;0.5616884;0;;
12.171;0.4557284;0;;
12.195;0.4016845;0;;
12.196;0.4003921;0;;
12.241;0.2946485;0;;
12.2610662;;;0.462459215372226;-0.027448120182668
12.127;0.5630035;0;;
12.128;0.5616884;0;;
12.171;0.4557284;0;;
12.195;0.4016845;0;;
12.196;0.4003921;0;;
12.241;0.2946485;0;;
12.263;0.2408165;0;;
12.5618649;;;0.450039565201841;0.194743657984779
12.664;-0.7281702;0;;
12.841;-1.153964;0;;
12.8641673;;;0.5;0.275946878541137
12.841;-1.153964;0;;
12.976;-1.476624;0;;
12.977;-1.477618;0;;
13.11;-1.797751;0;;
13.112;-1.798794;0;;
13.1654668;;;0.478322784742034;0.472705391329025
13.178;-1.959466;0;;
13.2;-2.012864;0;;
13.201;-2.013281;0;;
13.244;-2.118253;0;;
13.246;-2.120489;0;;
13.267;-2.172775;0;;
13.268;-2.173783;0;;
13.291;-2.227012;0;;
13.293;-2.227511;0;;
13.293;-2.227591;0;;
13.313;-2.280402;0;;
13.314;-2.280939;0;;
13.335;-2.33428;0;;
13.357;-2.387771;0;;
13.358;-2.388283;0;;
13.379;-2.441566;0;;
13.38;-2.442103;0;;
13.402;-2.49364;0;;
13.404;-2.495748;0;;
13.445;-2.602642;0;;
13.4672676;;;-0.458880203998818;0.242370536486264
13.445;-2.602642;0;;
13.489;-2.708856;0;;
13.491;-2.709904;0;;
13.513;-2.763399;0;;
13.534;-2.816961;0;;
13.556;-2.84368;0;;
13.557;-2.866853;0;;
13.578;-2.896928;0;;
13.579;-2.918274;0;;
13.6;-2.950711;0;;
13.602;-2.972513;0;;
13.623;-2.999068;0;;
13.625;-2.999893;0;;
13.645;-2.974592;0;;
13.647;-2.94603;0;;
13.668;-2.894183;0;;
13.669;-2.893173;0;;
13.689;-2.866977;0;;
13.692;-2.842172;0;;
13.713;-2.78798;0;;
13.715;-2.786009;0;;
13.735;-2.733402;0;;
13.737;-2.732115;0;;
13.7695697;;;-0.170122596850411;0.0873299959732015
13.779;-2.650623;0;;
13.781;-2.624403;0;;
13.801;-2.598855;0;;
13.802;-2.598315;0;;
13.825;-2.51953;0;;
13.826;-2.518148;0;;
13.848;-2.466002;0;;
13.85;-2.464581;0;;
13.872;-2.411157;0;;
13.879;-2.41059;0;;
13.894;-2.357901;0;;
13.895;-2.357184;0;;
13.916;-2.304737;0;;
13.918;-2.303643;0;;
13.939;-2.250122;0;;
13.941;-2.249636;0;;
13.963;-2.197499;0;;
13.964;-2.196567;0;;
13.985;-2.144417;0;;
14.007;-2.090592;0;;
14.007;-2.0899;0;;
14.009;-2.088879;0;;
14.028;-2.036458;0;;
14.03;-2.035512;0;;
14.053;-1.98398;0;;
14.055;-1.982003;0;;
14.0703682;;;0.4790005052071;0.0820801222749765
14.075;-1.929321;0;;
14.1;-1.874922;0;;
14.213;-1.607027;0;;
14.218;-1.58103;0;;
14.251;-1.513778;0;;
14.261;-1.475439;0;;
14.264;-1.473109;0;;
14.284;-1.420871;0;;
14.311;-1.366066;0;;
14.336;-1.313182;0;;
14.338;-1.291476;0;;
14.339;-1.286998;0;;
14.364;-1.232729;0;;
14.365;-1.231663;0;;
14.3716675;;;0.378154662746713;0.0570380917761461
14.364;-1.232729;0;;
14.365;-1.231663;0;;
14.388;-1.179242;0;;
14.39;-1.178026;0;;
14.416;-1.125165;0;;
14.418;-1.104517;0;;
14.444;-1.045165;0;;
14.445;-1.044145;0;;
14.467;-0.9912986;0;;
14.467;-0.990959;0;;
14.468;-0.9900483;0;;
14.574;-0.7233916;0;;
14.595;-0.6701487;0;;
14.596;-0.6690549;0;;
14.618;-0.6162812;0;;
14.618;-0.6161209;0;;
14.64;-0.5624712;0;;
14.6734688;;;-0.401477423500837;0.0713887869006414
14.682;-0.4818972;0;;
14.684;-0.4618455;0;;
14.706;-0.4017603;0;;
14.728;-0.3743461;0;;
14.729;-0.3592011;0;;
14.749;-0.3213127;0;;
14.77;-0.2682112;0;;
14.791;-0.2145212;0;;
14.792;-0.2137259;0;;
14.812;-0.1611152;0;;
14.812;-0.1609068;0;;
14.887;0.02661639;0;;
14.888;0.02757454;0;;
14.889;0.02804328;0;;
14.889;0.02816793;0;;
14.89;0.02833293;0;;
14.89;0.02837694;0;;
14.909;0.08007479;0;;
14.93;0.1343645;0;;
14.931;0.1354297;0;;
14.952;0.1879098;0;;
14.953;0.1889661;0;;
14.975;0.2153928;0;;
14.9757711;;;0.0276960117135629;0.120843439041635
14.975;0.2153928;0;;
14.976;0.2276178;0;;
14.977;0.2418201;0;;
14.978;0.2443147;0;;
14.998;0.2950847;0;;
15;0.2961656;0;;
15;0.2962091;0;;
15.001;0.2963368;0;;
15.021;0.3502654;0;;
15.022;0.3502654;0;;
15.023;0.3502654;0;;
15.023;0.3502654;0;;
15.043;0.4038053;0;;
15.044;0.4038053;0;;
15.044;0.4038053;0;;
15.045;0.4038053;0;;
15.065;0.4568901;0;;
15.065;0.4572323;0;;
15.066;0.4574814;0;;
15.087;0.5109819;0;;
15.088;0.5114632;0;;
15.089;0.5115761;0;;
15.089;0.5115955;0;;
15.109;0.5644524;0;;
15.11;0.5649706;0;;
15.11;0.5650597;0;;
15.133;0.6178597;0;;
15.134;0.6183152;0;;
15.155;0.6715442;0;;
15.156;0.6720521;0;;
15.178;0.7251615;0;;
15.179;0.7256609;0;;
15.2;0.7784731;0;;
15.222;0.8324971;0;;
15.223;0.8329528;0;;
15.244;0.8863358;0;;
15.245;0.886817;0;;
15.266;0.9395182;0;;
15.267;0.9400378;0;;
15.2765694;;;0.417299467863788;0.105418179705807
15.266;0.9395182;0;;
15.267;0.9400378;0;;
15.289;0.9936422;0;;
15.291;0.9941717;0;;
15.31;1.046749;0;;
15.311;1.047326;0;;
15.332;1.073859;0;;
15.333;1.098396;0;;
15.355;1.153827;0;;
15.357;1.154389;0;;
15.424;1.315092;0;;
15.489;1.476036;0;;
15.49;1.476558;0;;
15.51;1.502475;0;;
15.512;1.526959;0;;
15.533;1.556577;0;;
15.534;1.578618;0;;
15.555;1.609679;0;;
15.5778799;;;0.0690271034759057;0.028136289888105
15.598;1.716952;0;;
15.725;2.038154;0;;
15.746;2.092316;0;;
15.747;2.092776;0;;
15.769;2.146116;0;;
15.79;2.172789;0;;
15.791;2.195647;0;;
15.812;2.226331;0;;
15.813;2.2496;0;;
15.834;2.27987;0;;
15.835;2.303284;0;;
15.856;2.33358;0;;
15.857;2.356694;0;;
15.878;2.387171;0;;
15.879681;;;-0.0478843699816351;0.116534553267905
15.878;2.387171;0;;
15.88;2.411584;0;;
15.901;2.440909;0;;
15.903;2.46569;0;;
15.925;2.521226;0;;
15.926;2.52167;0;;
15.97;2.628698;0;;
15.971;2.629145;0;;
16.015;2.735626;0;;
16.016;2.736033;0;;
16.038;2.78848;0;;
16.039;2.789484;0;;
16.04;2.78967;0;;
16.061;2.843311;0;;
16.061;2.843311;0;;
16.082;2.896068;0;;
16.104;2.949939;0;;
16.105;2.950444;0;;
16.106;2.950543;0;;
16.127;3.003752;0;;
16.128;3.004206;0;;
16.148;2.9733;0;;
16.149;2.972985;0;;
16.17;2.919488;0;;
16.171;2.918855;0;;
16.181482;;;-0.395958871002835;0.0106208325888061
16.17;2.919488;0;;
16.171;2.918855;0;;
16.192;2.892074;0;;
16.214;2.840098;0;;
16.215;2.816364;0;;
16.216;2.812578;0;;
16.238;2.785087;0;;
16.259;2.705822;0;;
16.261;2.705002;0;;
16.262;2.704918;0;;
16.282;2.651393;0;;
16.284;2.650818;0;;
16.305;2.597892;0;;
16.326;2.571362;0;;
16.327;2.54876;0;;
16.328;2.543692;0;;
16.348;2.516956;0;;
16.371;2.438095;0;;
16.373;2.436592;0;;
16.374;2.43643;0;;
16.394;2.383903;0;;
16.417;2.331868;0;;
16.419;2.329015;0;;
16.439;2.276443;0;;
16.44;2.275881;0;;
16.442;2.275782;0;;
16.462;2.22286;0;;
16.4827813;;;0.497745213403483;0.0307322689737297
16.394;2.383903;0;;
16.417;2.331868;0;;
16.419;2.329015;0;;
16.439;2.276443;0;;
16.44;2.275881;0;;
16.442;2.275782;0;;
16.462;2.22286;0;;
16.484;2.169231;0;;
16.485;2.168621;0;;
16.487;2.168621;0;;
16.506;2.116308;0;;
16.531;2.065972;0;;
16.534;2.061763;0;;
16.555;2.009591;0;;
16.599;1.902451;0;;
16.643;1.794719;0;;
16.664;1.741626;0;;
16.665;1.740535;0;;
16.685;1.68821;0;;
16.7840814;;;0.402045440402234;0.113986853205312
16.795;1.446975;0;;
16.908;1.150373;0;;
16.93;1.12333;0;;
16.931;1.10102;0;;
16.932;1.095259;0;;
16.952;1.043055;0;;
16.974;0.9896604;0;;
16.975;0.9886399;0;;
16.997;0.934167;0;;
17.019;0.8818553;0;;
17.02;0.8813456;0;;
17.042;0.828022;0;;
17.043;0.8274005;0;;
17.064;0.774624;0;;
17.065;0.7739814;0;;
17.086;0.7476735;0;;
17.0863837;;;-0.30173785365974;0.0505234822857855
17.108;0.6678739;0;;
17.11;0.6662591;0;;
17.13;0.640249;0;;
17.131;0.6173682;0;;
17.151;0.5870125;0;;
17.153;0.5867289;0;;
17.173;0.5339503;0;;
17.174;0.5334343;0;;
17.194;0.4803348;0;;
17.195;0.4796657;0;;
17.215;0.4264501;0;;
17.216;0.4257824;0;;
17.236;0.3705103;0;;
17.237;0.3705103;0;;
17.261;0.3250633;0;;
17.278;0.2653972;0;;
17.279;0.2646812;0;;
17.3;0.2118422;0;;
17.301;0.211313;0;;
17.322;0.1586108;0;;
17.323;0.1580793;0;;
17.324;0.1579912;0;;
17.344;0.1041101;0;;
17.364;0.07794699;0;;
17.366;0.0570692;0;;
17.387;0.02424762;0;;
17.3881842;;;0.497766983100151;0.273954945811532
17.364;0.07794699;0;;
17.366;0.0570692;0;;
17.387;0.02424762;0;;
17.388;0.0004821699;0;;
17.409;-0.03007209;0;;
17.41;-0.05712035;0;;
17.453;-0.136545;0;;
17.454;-0.1368756;0;;
17.455;-0.1369724;0;;
17.474;-0.1897052;0;;
17.558;-0.4051549;0;;
17.624;-0.5663829;0;;
17.645;-0.6196341;0;;
17.6894838;;;0.476742267338197;0.26870420929521
17.89;-1.035699;0;;
17.891;-1.036054;0;;
17.893;-1.036118;0;;
17.911;-1.036124;0;;
17.912;-1.036125;0;;
17.933;-1.036125;0;;
17.935;-1.036125;0;;
17.956;-1.036125;0;;
17.958;-1.036125;0;;
17.978;-1.036125;0;;
17.981;-1.036125;0;;
17.999;-1.036125;0;;
18.001;-1.036125;0;;
18.019;-1.036125;0;;
18.04;-1.036125;0;;
18.041;-1.036125;0;;
18.062;-1.036125;0;;
18.063;-1.036125;0;;
18.064;-1.036125;0;;
18.084;-1.036125;0;;
18.0970649;;;-0.330061910203109;0.0856773716438747
18.104;-1.69799;0;;
18.105;-1.704863;0;;
18.126;-1.770946;0;;
18.127;-1.771739;0;;
18.147;-1.771739;0;;
18.148;-1.81594;0;;
18.169;-1.827602;0;;
18.17;-1.879763;0;;
18.191;-1.906626;0;;
18.192;-1.928303;0;;
18.212;-1.959353;0;;
18.213;-1.959739;0;;
18.233;-2.013443;0;;
18.234;-2.01411;0;;
18.254;-2.067965;0;;
18.275;-2.120625;0;;
18.276;-2.12126;0;;
18.296;-2.173715;0;;
18.297;-2.174361;0;;
18.318;-2.226883;0;;
18.319;-2.227513;0;;
18.339;-2.280718;0;;
18.346;-2.281348;0;;
18.347;-2.281366;0;;
18.361;-2.333789;0;;
18.361;-2.334762;0;;
18.382;-2.38846;0;;
18.383;-2.389115;0;;
18.403;-2.416172;0;;
18.4043809;;;-0.342911449816298;0.0753839726047353
18.275;-2.120625;0;;
18.276;-2.12126;0;;
18.296;-2.173715;0;;
18.297;-2.174361;0;;
18.318;-2.226883;0;;
18.319;-2.227513;0;;
18.339;-2.280718;0;;
18.346;-2.281348;0;;
18.347;-2.281366;0;;
18.361;-2.333789;0;;
18.361;-2.334762;0;;
18.382;-2.38846;0;;
18.383;-2.389115;0;;
18.403;-2.416172;0;;
18.425;-2.46974;0;;
18.426;-2.491931;0;;
18.493;-2.629856;0;;
18.495;-2.658614;0;;
18.495;-2.658614;0;;
18.539;-2.763604;0;;
18.54;-2.764082;0;;
18.561;-2.818142;0;;
18.562;-2.818595;0;;
18.7056804;;;-0.422284986789933;-0.154629019867786
19.032;-2.786588;0;;
19.033;-2.786588;0;;
19.054;-2.786588;0;;
19.054;-2.786588;0;;
19.075;-2.786588;0;;
19.095;-2.786588;0;;
19.097;-2.786588;0;;
19.098;-2.786588;0;;
19.098;-2.786588;0;;
19.118;-2.786588;0;;
19.119;-2.786588;0;;
19.139;-2.786588;0;;
19.141;-2.786588;0;;
19.161;-2.786588;0;;
19.181;-2.786588;0;;
19.182;-2.786588;0;;
19.202;-2.786588;0;;
19.203;-2.786588;0;;
19.225;-2.786588;0;;
19.246;-2.786588;0;;
19.247;-2.786588;0;;
19.268;-2.786588;0;;
19.268;-2.786588;0;;
19.269;-2.786588;0;;
19.29;-2.786588;0;;
19.291;-2.786588;0;;
19.314;-2.786588;0;;
19.6662298;;;0;-0.273814586702335
19.833;-1.611068;0;;
19.946;-1.316978;0;;
19.947;-1.316008;0;;
19.9680304;;;0;-0.191299109151558
19.833;-1.611068;0;;
19.946;-1.316978;0;;
19.947;-1.316008;0;;
20.2698319;;;0;-0.105571246697483
20.488;-0.01654863;0;;
20.488;-0.01594599;0;;
20.489;-0.01594599;0;;
20.49;-0.01594599;0;;
20.503;-0.002955266;0;;
20.526;0.05062163;0;;
20.547;0.1042846;0;;
20.548;0.1272427;0;;
20.57;0.1574992;0;;
20.571131;;;0.346928519440324;0.086732129860081
20.488;-0.01654863;0;;
20.488;-0.01594599;0;;
20.489;-0.01594599;0;;
20.49;-0.01594599;0;;
20.503;-0.002955266;0;;
20.526;0.05062163;0;;
20.547;0.1042846;0;;
20.548;0.1272427;0;;
20.57;0.1574992;0;;
20.571;0.1812584;0;;
20.572;0.1846166;0;;
20.592;0.2117057;0;;
20.614;0.2651092;0;;
20.616;0.2920465;0;;
20.638;0.3458455;0;;
20.639;0.3464571;0;;
20.64;0.3464571;0;;
20.66;0.398978;0;;
20.683;0.452437;0;;
20.684;0.4528688;0;;
20.772;0.6676171;0;;
20.8719292;;;0.384730318563294;0.182914709500905
20.884;0.9344486;0;;
20.906;0.9880496;0;;
20.928;1.04142;0;;
20.929;1.041924;0;;
20.95;1.095656;0;;
20.972;1.122354;0;;
20.973;1.144412;0;;
20.974;1.14903;0;;
20.995;1.202251;0;;
21.092;1.416728;0;;
21.094;1.417212;0;;
21.108;1.469921;0;;
21.109;1.470626;0;;
21.132;1.523818;0;;
21.153;1.577436;0;;
21.1737303;;;0;0.182914709500905
21.175;1.631258;0;;
21.176;1.631748;0;;
21.219;1.738729;0;;
21.22;1.739174;0;;
21.241;1.791984;0;;
21.243;1.792528;0;;
21.308;1.953078;0;;
21.309;1.953552;0;;
21.31;1.953662;0;;
21.33;2.006794;0;;
21.332;2.007371;0;;
21.376;2.113696;0;;
21.398;2.167482;0;;
21.42;2.221006;0;;
21.443;2.274639;0;;
21.465;2.328166;0;;
21.466;2.328629;0;;
21.4755316;;;-0.290127009660983;0.110382957085659
21.465;2.328166;0;;
21.466;2.328629;0;;
21.488;2.381878;0;;
21.488;2.382219;0;;
21.489;2.382488;0;;
21.49;2.382488;0;;
21.511;2.435572;0;;
21.533;2.488907;0;;
21.557;2.543236;0;;
21.579;2.5961;0;;
21.58;2.596524;0;;
21.6;2.649437;0;;
21.622;2.704072;0;;
21.623;2.705292;0;;
21.646;2.757808;0;;
21.646;2.757808;0;;
21.647;2.757808;0;;
21.648;2.757808;0;;
21.672;2.810822;0;;
21.673;2.81138;0;;
21.673;2.81138;0;;
21.693;2.864189;0;;
21.694;2.864856;0;;
21.695;2.864856;0;;
21.695;2.864856;0;;
21.715;2.918117;0;;
21.715;2.918537;0;;
21.716;2.918788;0;;
21.736;2.972308;0;;
21.736;2.972308;0;;
21.737;2.972308;0;;
21.757;3.024963;0;;
21.758;3.025493;0;;
21.759;3.025581;0;;
21.759;3.025585;0;;
21.7773319;;;-0.496936611535189;-0.100583325658219
21.779;2.973314;0;;
21.78;2.972857;0;;
21.78;2.972806;0;;
21.801;2.920015;0;;
21.801;2.919779;0;;
21.802;2.919487;0;;
21.822;2.866483;0;;
21.823;2.865939;0;;
21.844;2.812501;0;;
21.866;2.759018;0;;
21.868;2.75849;0;;
21.869;2.758435;0;;
21.89;2.706049;0;;
21.91;2.678364;0;;
21.911;2.655275;0;;
21.912;2.6521;0;;
21.954;2.571799;0;;
21.955;2.571408;0;;
21.976;2.518062;0;;
21.997;2.464554;0;;
21.998;2.464082;0;;
21.998;2.464011;0;;
22.018;2.410734;0;;
22.018;2.410057;0;;
22.019;2.410057;0;;
22.039;2.356918;0;;
22.04;2.356369;0;;
22.041;2.356261;0;;
22.042;2.356261;0;;
22.042;2.356261;0;;
22.061;2.303519;0;;
22.062;2.302834;0;;
22.063;2.302834;0;;
22.0786319;;;0.459590360823337;-0.0818683150932089
22.082;2.249999;0;;
22.083;2.249465;0;;
22.084;2.249348;0;;
22.084;2.249328;0;;
22.113;2.196324;0;;
22.113;2.175452;0;;
22.114;2.166027;0;;
22.127;2.14265;0;;
22.128;2.142335;0;;
22.129;2.142232;0;;
22.151;2.089022;0;;
22.152;2.088591;0;;
22.153;2.08846;0;;
22.153;2.088446;0;;
22.217;1.928398;0;;
22.218;1.927926;0;;
22.24;1.874075;0;;
22.26;1.821023;0;;
22.262;1.82037;0;;
22.283;1.767314;0;;
22.284;1.766786;0;;
22.305;1.713994;0;;
22.327;1.660038;0;;
22.35;1.605705;0;;
22.351;1.605705;0;;
22.374;1.552682;0;;
22.375;1.552256;0;;
22.3804327;;;0.482627960667842;0.0387886750737515
22.113;2.196324;0;;
22.113;2.175452;0;;
22.114;2.166027;0;;
22.127;2.14265;0;;
22.128;2.142335;0;;
22.129;2.142232;0;;
22.151;2.089022;0;;
22.152;2.088591;0;;
22.153;2.08846;0;;
22.153;2.088446;0;;
22.217;1.928398;0;;
22.218;1.927926;0;;
22.24;1.874075;0;;
22.26;1.821023;0;;
22.262;1.82037;0;;
22.283;1.767314;0;;
22.284;1.766786;0;;
22.305;1.713994;0;;
22.327;1.660038;0;;
22.35;1.605705;0;;
22.351;1.605705;0;;
22.374;1.552682;0;;
22.375;1.552256;0;;
22.395;1.498448;0;;
22.396;1.497939;0;;
22.6822338;;;0.480075105233928;0.231339203797479
22.113;2.196324;0;;
22.113;2.175452;0;;
22.114;2.166027;0;;
22.127;2.14265;0;;
22.128;2.142335;0;;
22.129;2.142232;0;;
22.151;2.089022;0;;
22.152;2.088591;0;;
22.153;2.08846;0;;
22.153;2.088446;0;;
22.217;1.928398;0;;
22.218;1.927926;0;;
22.24;1.874075;0;;
22.26;1.821023;0;;
22.262;1.82037;0;;
22.283;1.767314;0;;
22.284;1.766786;0;;
22.305;1.713994;0;;
22.327;1.660038;0;;
22.35;1.605705;0;;
22.351;1.605705;0;;
22.374;1.552682;0;;
22.375;1.552256;0;;
22.395;1.498448;0;;
22.396;1.497939;0;;
22.9835328;;;0.480075105233928;0.475592132989759
23.087;-0.1637118;0;;
23.088;-0.1641283;0;;
23.089;-0.1643149;0;;
23.242;-0.5393164;0;;
23.243;-0.5398057;0;;
23.264;-0.5929243;0;;
23.2853344;;;0.459602714091601;0.475595221306825
23.087;-0.1637118;0;;
23.088;-0.1641283;0;;
23.089;-0.1643149;0;;
23.242;-0.5393164;0;;
23.243;-0.5398057;0;;
23.264;-0.5929243;0;;
23.309;-0.6997643;0;;
23.5871352;;;0.468638900977308;0.472097956384191
23.087;-0.1637118;0;;
23.088;-0.1641283;0;;
23.089;-0.1643149;0;;
23.242;-0.5393164;0;;
23.243;-0.5398057;0;;
23.264;-0.5929243;0;;
23.309;-0.6997643;0;;
23.8884347;;;0.468638900977308;0.469238905320036
23.087;-0.1637118;0;;
23.088;-0.1641283;0;;
23.089;-0.1643149;0;;
23.242;-0.5393164;0;;
23.243;-0.5398057;0;;
23.264;-0.5929243;0;;
23.309;-0.6997643;0;;
24.1902353;;;0.468638900977308;0.466379854255881
24.348;-2.838427;0;;
24.392;-2.732492;0;;
24.394;-2.731974;0;;
24.415;-2.678601;0;;
24.437;-2.625144;0;;
24.438;-2.624698;0;;
24.439;-2.624524;0;;
24.4915351;;;0.477360827310131;0.470819382560514
24.348;-2.838427;0;;
24.392;-2.732492;0;;
24.394;-2.731974;0;;
24.415;-2.678601;0;;
24.437;-2.625144;0;;
24.438;-2.624698;0;;
24.439;-2.624524;0;;
24.569;-2.317696;0;;
24.591;-2.276671;0;;
24.593;-2.252928;0;;
24.615;-2.196169;0;;
24.616;-2.195702;0;;
24.617;-2.195566;0;;
24.7933369;;;0.42772398917824;0.460590654610747
24.898;-1.526367;0;;
24.919;-1.472953;0;;
25.0951372;;;0.5;0.46843092936642
24.898;-1.526367;0;;
24.919;-1.472953;0;;
25.3969383;;;0.5;0.476271204122093
24.898;-1.526367;0;;
24.919;-1.472953;0;;
25.6982381;;;0.5;0.48193099729456
24.898;-1.526367;0;;
24.919;-1.472953;0;;
25.9995371;;;0.5;0.5
26.278;1.783573;0;;
26.279;1.796018;0;;
26.3013384;;;0.5;0.5
26.592;2.548671;0;;
26.594;2.549273;0;;
26.6026374;;;0.5;0.5
26.592;2.548671;0;;
26.594;2.549273;0;;
26.66;2.709991;0;;
26.661;2.709991;0;;
26.662;2.709991;0;;
26.683;2.762801;0;;
26.705;2.816625;0;;
26.706;2.817247;0;;
26.727;2.872118;0;;
26.75;2.923385;0;;
26.752;2.924525;0;;
26.772;2.977248;0;;
26.9044387;;;-0.448830031166828;0.262792492208293
27.015;2.491861;0;;
27.016;2.469433;0;;
27.038;2.437518;0;;
27.039;2.437263;0;;
27.062;2.357613;0;;
27.084;2.303835;0;;
27.106;2.249805;0;;
27.205738;;;0.417145405196262;0.242078843507359
27.216;2.008638;0;;
27.217;2.008266;0;;
27.218;1.980769;0;;
27.237;1.954953;0;;
27.238;1.954678;0;;
27.259;1.902038;0;;
27.28;1.848134;0;;
27.301;1.793877;0;;
27.302;1.793877;0;;
27.322;1.740841;0;;
27.323;1.740185;0;;
27.344;1.687058;0;;
27.345;1.686563;0;;
27.373;1.633479;0;;
27.374;1.61159;0;;
27.387;1.579237;0;;
27.388;1.579237;0;;
27.408;1.526743;0;;
27.43;1.472524;0;;
27.452;1.445819;0;;
27.473;1.391093;0;;
27.496;1.311801;0;;
27.5075388;;;0.483905153170968;0.238055131800101
27.323;1.740185;0;;
27.344;1.687058;0;;
27.345;1.686563;0;;
27.373;1.633479;0;;
27.374;1.61159;0;;
27.387;1.579237;0;;
27.388;1.579237;0;;
27.408;1.526743;0;;
27.43;1.472524;0;;
27.452;1.445819;0;;
27.473;1.391093;0;;
27.496;1.311801;0;;
27.517;1.284385;0;;
27.518;1.284385;0;;
27.622;1.017071;0;;
27.8088386;;;-0.200036059508299;0.0630461169230258
28.038;0.02547848;0;;
28.058;-0.02807596;0;;
28.079;-0.08252881;0;;
28.1111409;;;0.499996330969307;0.30025270745706
28.038;0.02547848;0;;
28.058;-0.02807596;0;;
28.079;-0.08252881;0;;
28.211;-0.377124;0;;
28.4122399;;;0.498535390955598;0.320600203896893
28.038;0.02547848;0;;
28.058;-0.02807596;0;;
28.079;-0.08252881;0;;
28.211;-0.377124;0;;
28.7140407;;;0.498535390955598;0.324257763343051
28.943;-2.146496;0;;
29.01534;;;0;0.374266778220126
29.309;-3;0;;
29.3171416;;;0;0.249267695477799
29.329;-2.946722;0;;
29.522;-2.491421;0;;
29.542;-2.437398;0;;
29.543;-2.436736;0;;
29.564;-2.38424;0;;
29.565;-2.383801;0;;
29.586;-2.329895;0;;
29.587;-2.329431;0;;
29.608;-2.275673;0;;
29.609;-2.275673;0;;
29.6184409;;;0.446301550154471;0.236209235277517
29.564;-2.38424;0;;
29.565;-2.383801;0;;
29.586;-2.329895;0;;
29.587;-2.329431;0;;
29.608;-2.275673;0;;
29.609;-2.275673;0;;
29.63;-2.223002;0;;
29.631;-2.222486;0;;
29.653;-2.166565;0;;
29.676;-2.115231;0;;
29.677;-2.115231;0;;
29.698;-2.061491;0;;
29.699;-2.060986;0;;
29.721;-2.008693;0;;
29.722;-2.00823;0;;
29.742;-1.954758;0;;
29.744;-1.954184;0;;
29.765;-1.901211;0;;
29.766;-1.900761;0;;
29.786;-1.84745;0;;
29.81;-1.793953;0;;
29.831;-1.740432;0;;
29.832;-1.739786;0;;
29.854;-1.686487;0;;
29.855;-1.686487;0;;
29.9207432;;;0.498024652098643;0.236081550563278
29.854;-1.686487;0;;
29.855;-1.686487;0;;
30.135;-1.017145;0;;
30.2224208;;;0.496871221708427;0.360299355990385
29.854;-1.686487;0;;
29.855;-1.686487;0;;
30.135;-1.017145;0;;
30.5232191;;;0.496871221708427;0.484517161417492
29.854;-1.686487;0;;
29.855;-1.686487;0;;
30.135;-1.017145;0;;
30.8250199;;;0.496871221708427;0.497159579305981
30.848;0.6984116;0;;
31.1263195;;;0;0.372653416281321
30.848;0.6984116;0;;
31.4281203;;;0;0.248435610854214
30.848;0.6984116;0;;
31.7299216;;;0;0.124217805427107
30.848;0.6984116;0;;
32.0312209;;;0;0
32.255;1.981404;0;;
32.256;1.962248;0;;
32.276;1.927929;0;;
32.278;1.903775;0;;
32.279;1.901118;0;;
32.299;1.874004;0;;
32.3;1.853998;0;;
32.321;1.8207;0;;
32.3330222;;;0.42192556300122;0.105481390750305
32.342;1.767805;0;;
32.343;1.76733;0;;
32.344;1.743998;0;;
32.363;1.714454;0;;
32.384;1.660539;0;;
32.406;1.606435;0;;
32.534;1.28532;0;;
32.535;1.284791;0;;
32.556;1.231854;0;;
32.578;1.205079;0;;
32.599;1.150282;0;;
32.601;1.130474;0;;
32.623;1.096601;0;;
32.624;1.074245;0;;
32.6348227;;;-0.37047465937633;0.0128627259062225
32.578;1.205079;0;;
32.599;1.150282;0;;
32.601;1.130474;0;;
32.623;1.096601;0;;
32.624;1.074245;0;;
32.666;0.9900332;0;;
32.667;0.9896215;0;;
32.688;0.9371691;0;;
32.709;0.880959;0;;
32.71;0.880959;0;;
32.73;0.8289147;0;;
32.751;0.7763997;0;;
32.772;0.721447;0;;
32.773;0.7207888;0;;
32.774;0.7207888;0;;
32.795;0.6679357;0;;
32.795;0.6679357;0;;
32.816;0.6140401;0;;
32.859;0.508047;0;;
32.9361223;;;0.496610583545563;0.137015371792613
32.751;0.7763997;0;;
32.772;0.721447;0;;
32.773;0.7207888;0;;
32.774;0.7207888;0;;
32.795;0.6679357;0;;
32.795;0.6679357;0;;
32.816;0.6140401;0;;
32.859;0.508047;0;;
33.015;0.1326043;0;;
33.036;0.1053538;0;;
33.2379231;;;-0.340700683661157;0.0518402008773239
32.751;0.7763997;0;;
32.772;0.721447;0;;
32.773;0.7207888;0;;
32.774;0.7207888;0;;
32.795;0.6679357;0;;
32.795;0.6679357;0;;
32.816;0.6140401;0;;
32.859;0.508047;0;;
33.015;0.1326043;0;;
33.036;0.1053538;0;;
33.5397244;;;-0.340700683661157;-0.13881636078827
32.751;0.7763997;0;;
32.772;0.721447;0;;
32.773;0.7207888;0;;
32.774;0.7207888;0;;
32.795;0.6679357;0;;
32.795;0.6679357;0;;
32.816;0.6140401;0;;
32.859;0.508047;0;;
33.015;0.1326043;0;;
33.036;0.1053538;0;;
33.8410239;;;-0.340700683661157;-0.131372866859477
33.015;0.1326043;0;;
33.036;0.1053538;0;;
34.1428245;;;0.273866369498089;-0.187058920371346
34.4;-2.865478;0;;
34.4441245;;;0;-0.101883749456056
34.4;-2.865478;0;;
34.492;-2.625608;0;;
34.493;-2.625172;0;;
34.514;-2.571578;0;;
34.515;-2.571049;0;;
34.558;-2.464294;0;;
34.579;-2.410576;0;;
34.58;-2.410049;0;;
34.581;-2.409961;0;;
34.7454241;;;0;-0.016708578540767
34.911;-1.632988;0;;
35.039;-1.311566;0;;
35.0472246;;;0.5;0.193466592374522
34.911;-1.632988;0;;
35.039;-1.311566;0;;
35.061;-1.257973;0;;
35.085;-1.204546;0;;
35.086;-1.20415;0;;
35.107;-1.151209;0;;
35.128;-1.097159;0;;
35.151;-1.042569;0;;
35.3485244;;;0.435854557411664;0.233963639352916
35.452;-0.3193462;0;;
35.473;-0.2641371;0;;
35.474;-0.2636614;0;;
35.496;-0.2115986;0;;
35.496;-0.2115986;0;;
35.517;-0.1588616;0;;
35.518;-0.1583878;0;;
35.539;-0.1052952;0;;
35.54;-0.1047718;0;;
35.561;-0.07818959;0;;
35.562;-0.05699873;0;;
35.584;0.002796464;0;;
35.605;0.02869686;0;;
35.606;0.05291951;0;;
35.628;0.1098513;0;;
35.651;0.1636993;0;;
35.6508272;;;-0.268515027326279;0.166834882521346
35.628;0.1098513;0;;
35.651;0.1636993;0;;
35.784;0.485168;0;;
35.852;0.6459737;0;;
35.874;0.6987817;0;;
35.919;0.8062974;0;;
35.92;0.8067493;0;;
35.9516252;;;0.493431507727828;0.290192759453303
35.985;0.9400641;0;;
36.015;1.02066;0;;
36.031;1.073961;0;;
36.076;1.182579;0;;
36.078;1.182579;0;;
36.121;1.288576;0;;
36.164;1.395659;0;;
36.165;1.396185;0;;
36.166;1.396258;0;;
36.231;1.556721;0;;
36.253;1.58387;0;;
36.2539281;;;-0.323404191793821;0.0843417115048481
36.253;1.58387;0;;
36.298;1.717688;0;;
36.364;1.851583;0;;
36.388;1.932062;0;;
36.411;1.986672;0;;
36.432;2.039271;0;;
36.544;2.307662;0;;
36.5552274;;;-0.314290183947156;-0.103194473834857
36.544;2.307662;0;;
36.587;2.387705;0;;
36.608;2.441431;0;;
36.65;2.548992;0;;
36.671;2.602171;0;;
36.672;2.602696;0;;
36.693;2.655513;0;;
36.694;2.656148;0;;
36.695;2.656148;0;;
36.695;2.656148;0;;
36.714;2.708993;0;;
36.715;2.709573;0;;
36.736;2.762707;0;;
36.737;2.763211;0;;
36.758;2.81647;0;;
36.779;2.86958;0;;
36.8565264;;;0.393332273929946;0.0622673514791996
37.026;2.571694;0;;
37.027;2.571694;0;;
37.028;2.571694;0;;
37.048;2.517508;0;;
37.049;2.516987;0;;
37.131;2.329984;0;;
37.132;2.329984;0;;
37.133;2.329984;0;;
37.135;2.329984;0;;
37.136;2.329984;0;;
37.137;2.308272;0;;
37.138;2.303993;0;;
37.155;2.276715;0;;
37.156;2.276302;0;;
37.1618363;;;0.374356839104516;0.0324986843233715
37.176;2.216284;0;;
37.261;2.008037;0;;
37.284;1.971162;0;;
37.304;1.902095;0;;
37.305;1.90148;0;;
37.329;1.847899;0;;
37.329;1.847328;0;;
37.373;1.740505;0;;
37.374;1.740505;0;;
37.416;1.633631;0;;
37.439;1.579963;0;;
37.462;1.526315;0;;
37.463;1.525858;0;;
37.4711579;;;0.486990669855849;0.235097399735789
37.462;1.526315;0;;
37.463;1.525858;0;;
37.484;1.472959;0;;
37.486;1.472341;0;;
37.573;1.258391;0;;
37.574;1.257939;0;;
37.575;1.257817;0;;
37.595;1.204572;0;;
37.596;1.204067;0;;
37.618;1.156803;0;;
37.619;1.147561;0;;
37.62;1.144663;0;;
37.643;1.096903;0;;
37.645;1.096452;0;;
37.666;1.043835;0;;
37.667;1.043351;0;;
37.668;1.043248;0;;
37.688;0.989571;0;;
37.689;0.989571;0;;
37.71;0.9359671;0;;
37.711;0.935313;0;;
37.732;0.8822563;0;;
37.733;0.8822563;0;;
37.753;0.8294064;0;;
37.7724574;;;-0.366855133839299;0.221956162262753
37.753;0.8294064;0;;
37.774;0.7757192;0;;
37.775;0.7750844;0;;
37.796;0.7222192;0;;
37.797;0.7215807;0;;
37.817;0.6954491;0;;
37.883;0.5350618;0;;
37.885;0.5110762;0;;
37.886;0.5070831;0;;
37.906;0.4802581;0;;
37.908;0.4560414;0;;
37.928;0.4264752;0;;
37.929;0.3983502;0;;
37.951;0.3731778;0;;
37.973;0.3194589;0;;
37.974;0.3188393;0;;
38.019;0.1858592;0;;
38.04;0.1585141;0;;
38.041;0.1350323;0;;
38.0742583;;;0.472367647326289;0.241715005611839
37.883;0.5350618;0;;
37.885;0.5110762;0;;
37.886;0.5070831;0;;
37.906;0.4802581;0;;
37.908;0.4560414;0;;
37.928;0.4264752;0;;
37.929;0.3983502;0;;
37.951;0.3731778;0;;
37.973;0.3194589;0;;
37.974;0.3188393;0;;
38.019;0.1858592;0;;
38.04;0.1585141;0;;
38.041;0.1350323;0;;
38.084;0.05182796;0;;
38.126;-0.0558743;0;;
38.127;-0.05634222;0;;
38.3755575;;;0.416459701995381;0.252240721334555
38.413;-0.752989;0;;
38.477;-0.9142178;0;;
38.521;-1.020831;0;;
38.607;-1.208056;0;;
38.608;-1.208599;0;;
38.629;-1.261798;0;;
38.65;-1.316482;0;;
38.671;-1.368848;0;;
38.672;-1.36947;0;;
38.672;-1.36947;0;;
38.6773586;;;0.482352078638628;0.25108107353025
38.607;-1.208056;0;;
38.608;-1.208599;0;;
38.629;-1.261798;0;;
38.65;-1.316482;0;;
38.671;-1.368848;0;;
38.672;-1.36947;0;;
38.672;-1.36947;0;;
38.692;-1.423275;0;;
38.713;-1.476106;0;;
38.714;-1.476731;0;;
38.735;-1.529648;0;;
38.757;-1.583389;0;;
38.786;-1.636899;0;;
38.787;-1.637286;0;;
38.8;-1.690504;0;;
38.802;-1.691383;0;;
38.822;-1.717758;0;;
38.845;-1.770652;0;;
38.889;-1.878534;0;;
38.9791599;;;-0.455477453277735;0.228925493670641
38.607;-1.208056;0;;
38.608;-1.208599;0;;
38.629;-1.261798;0;;
38.65;-1.316482;0;;
38.671;-1.368848;0;;
38.672;-1.36947;0;;
38.672;-1.36947;0;;
38.692;-1.423275;0;;
38.713;-1.476106;0;;
38.714;-1.476731;0;;
38.735;-1.529648;0;;
38.757;-1.583389;0;;
38.786;-1.636899;0;;
38.787;-1.637286;0;;
38.8;-1.690504;0;;
38.802;-1.691383;0;;
38.822;-1.717758;0;;
38.845;-1.770652;0;;
38.889;-1.878534;0;;
39.2804594;;;-0.455477453277735;-0.00303578148036518
39.325;-2.923404;0;;
39.347;-2.977613;0;;
39.369;-2.999747;0;;
39.378;-2.973506;0;;
39.459;-2.785918;0;;
39.46;-2.762192;0;;
39.482;-2.70852;0;;
39.549;-2.547382;0;;
39.571;-2.494372;0;;
39.572;-2.493891;0;;
39.573;-2.493793;0;;
39.5807567;;;0.331605017375587;-0.0242494526353137
39.571;-2.494372;0;;
39.572;-2.493891;0;;
39.573;-2.493793;0;;
39.593;-2.440291;0;;
39.594;-2.439622;0;;
39.595;-2.439622;0;;
39.595;-2.439622;0;;
39.615;-2.386667;0;;
39.616;-2.386189;0;;
39.616;-2.386133;0;;
39.617;-2.386016;0;;
39.636;-2.359394;0;;
39.637;-2.336824;0;;
39.638;-2.332802;0;;
39.659;-2.27947;0;;
39.66;-2.278947;0;;
39.682;-2.225683;0;;
39.683;-2.22522;0;;
39.706;-2.171294;0;;
39.706;-2.171294;0;;
39.728;-2.118701;0;;
39.73;-2.118113;0;;
39.75;-2.064474;0;;
39.75;-2.064474;0;;
39.751;-2.064474;0;;
39.772;-2.011451;0;;
39.773;-2.011026;0;;
39.773;-2.010597;0;;
39.796;-1.957776;0;;
39.797;-1.957202;0;;
39.817;-1.904716;0;;
39.818;-1.904248;0;;
39.818;-1.904182;0;;
39.819;-1.904084;0;;
39.839;-1.850297;0;;
39.841;-1.850297;0;;
39.861;-1.796932;0;;
39.862;-1.796255;0;;
39.8825573;;;0.491243259421043;-0.0220266574397099
39.817;-1.904716;0;;
39.818;-1.904248;0;;
39.818;-1.904182;0;;
39.819;-1.904084;0;;
39.839;-1.850297;0;;
39.841;-1.850297;0;;
39.861;-1.796932;0;;
39.862;-1.796255;0;;
39.883;-1.743201;0;;
39.905;-1.689974;0;;
39.906;-1.689449;0;;
39.907;-1.689368;0;;
39.908;-1.689353;0;;
39.929;-1.635993;0;;
40.038;-1.395139;0;;
40.04;-1.367045;0;;
40.04;-1.367045;0;;
40.061;-1.340311;0;;
40.062;-1.340311;0;;
40.082;-1.287287;0;;
40.106;-1.207982;0;;
40.1843581;;;0.453054898569148;0.205106430522011
40.082;-1.287287;0;;
40.106;-1.207982;0;;
40.219;-0.9389317;0;;
40.373;-0.590623;0;;
40.375;-0.567528;0;;
40.4861594;;;-0.307038220223114;0.242216238785666
40.598;-0.02688098;0;;
40.62;0.02627861;0;;
40.752;0.321301;0;;
40.7874584;;;-0.308837719754402;0.0821055545031689
40.598;-0.02688098;0;;
40.62;0.02627861;0;;
40.752;0.321301;0;;
41.0887692;;;-0.308837719754402;-0.117914690290692
41.096;1.151677;0;;
41.227;1.473767;0;;
41.3905702;;;-0.5;-0.35617841493298
41.65;2.49549;0;;
41.651;2.495897;0;;
41.672;2.549252;0;;
41.673;2.549704;0;;
41.6933736;;;-0.45817313635549;-0.393962143966074
41.694;2.602884;0;;
41.695;2.603414;0;;
41.696;2.60351;0;;
41.716;2.657043;0;;
41.738;2.710287;0;;
41.739;2.710787;0;;
41.74;2.710862;0;;
41.741;2.710887;0;;
41.761;2.764643;0;;
41.761;2.764643;0;;
41.762;2.764643;0;;
41.782;2.791762;0;;
41.783;2.812058;0;;
41.784;2.816637;0;;
41.805;2.870744;0;;
41.806;2.871253;0;;
41.806;2.871341;0;;
41.807;2.871384;0;;
41.808;2.87139;0;;
41.827;2.923472;0;;
41.828;2.924633;0;;
41.85;2.978124;0;;
41.851;2.978626;0;;
41.852;2.978723;0;;
41.873;2.99975;0;;
41.894;2.973309;0;;
41.895;2.953286;0;;
41.916;2.92002;0;;
41.917;2.89691;0;;
41.939;2.839764;0;;
41.94;2.839267;0;;
41.961;2.812334;0;;
41.962;2.788281;0;;
41.984;2.73221;0;;
41.985;2.731666;0;;
41.9946739;;;-0.277506087932702;-0.386129236010649
41.984;2.73221;0;;
41.985;2.731666;0;;
42.006;2.678663;0;;
42.008;2.678114;0;;
42.029;2.624373;0;;
42.03;2.623846;0;;
42.052;2.571135;0;;
42.053;2.570708;0;;
42.073;2.544493;0;;
42.074;2.521092;0;;
42.095;2.490649;0;;
42.096;2.467294;0;;
42.117;2.436729;0;;
42.118;2.413525;0;;
42.146;2.383799;0;;
42.147;2.340212;0;;
42.161;2.329793;0;;
42.162;2.306374;0;;
42.183;2.276285;0;;
42.185;2.249122;0;;
42.205;2.222587;0;;
42.206;2.222322;0;;
42.226;2.169167;0;;
42.227;2.168502;0;;
42.248;2.114887;0;;
42.269;2.061781;0;;
42.2964739;;;0.498834986376787;-0.184211059477851
42.334;1.900934;0;;
42.355;1.846757;0;;
42.356;1.846757;0;;
42.356;1.846757;0;;
42.376;1.793374;0;;
42.397;1.739694;0;;
42.398;1.739157;0;;
42.419;1.686893;0;;
42.42;1.68627;0;;
42.441;1.659526;0;;
42.443;1.63596;0;;
42.463;1.606148;0;;
42.465;1.577636;0;;
42.485;1.552686;0;;
42.486;1.55245;0;;
42.507;1.498723;0;;
42.508;1.498232;0;;
42.528;1.44524;0;;
42.529;1.44457;0;;
42.549;1.391647;0;;
42.55;1.39098;0;;
42.57;1.338509;0;;
42.591;1.284915;0;;
42.592;1.284402;0;;
42.598275;;;0.492068639352541;0.0638061003602841
42.591;1.284915;0;;
42.592;1.284402;0;;
42.613;1.230312;0;;
42.614;1.229855;0;;
42.634;1.177299;0;;
42.635;1.176628;0;;
42.708;1.016907;0;;
42.709;1.016532;0;;
42.72;0.9714658;0;;
42.721;0.9706605;0;;
42.732;0.9366688;0;;
42.733;0.9360347;0;;
42.755;0.882239;0;;
42.755;0.8818467;0;;
42.776;0.855742;0;;
42.778;0.8273255;0;;
42.799;0.8008875;0;;
42.8;0.779206;0;;
42.821;0.7216631;0;;
42.843;0.6930892;0;;
42.888;0.5867673;0;;
42.889;0.5639507;0;;
42.9000763;;;0.491477289540894;0.30121870683438
42.888;0.5867673;0;;
42.889;0.5639507;0;;
42.91;0.5337922;0;;
42.911;0.5100785;0;;
42.932;0.4807395;0;;
42.933;0.4588327;0;;
42.954;0.4263044;0;;
43.06;0.1584964;0;;
43.081;0.1050438;0;;
43.102;0.05171132;0;;
43.145;-0.02923698;0;;
43.146;-0.04881332;0;;
43.166;-0.08258566;0;;
43.2009796;;;0.484500741078093;0.491720414087079
43.231;-0.2432783;0;;
43.26;-0.296607;0;;
43.295;-0.404328;0;;
43.466;-0.8065561;0;;
43.5027804;;;0.349703059648133;0.454437432404915
43.231;-0.2432783;0;;
43.26;-0.296607;0;;
43.295;-0.404328;0;;
43.466;-0.8065561;0;;
43.8045819;;;0.349703059648133;0.418846037478813
44.062;-2.254475;0;;
44.1058914;;;0;0.29597671509359
44.148;-2.441993;0;;
44.19;-2.548651;0;;
44.191;-2.54929;0;;
44.211;-2.602215;0;;
44.212;-2.602739;0;;
44.232;-2.656027;0;;
44.233;-2.656585;0;;
44.255;-2.710102;0;;
44.275;-2.763086;0;;
44.276;-2.763624;0;;
44.297;-2.817185;0;;
44.298;-2.817706;0;;
44.319;-2.870611;0;;
44.32;-2.871085;0;;
44.341;-2.924268;0;;
44.342;-2.924752;0;;
44.362;-2.950869;0;;
44.363;-2.951114;0;;
44.385;-3.00492;0;;
44.386;-3.001087;0;;
44.407;-2.973718;0;;
44.4076935;;;-0.470847322536626;0.0571396991899099
44.342;-2.924752;0;;
44.362;-2.950869;0;;
44.363;-2.951114;0;;
44.385;-3.00492;0;;
44.386;-3.001087;0;;
44.407;-2.973718;0;;
44.641;-2.41072;0;;
44.7089915;;;0.226675957740767;0.0263829237130685
44.342;-2.924752;0;;
44.362;-2.950869;0;;
44.363;-2.951114;0;;
44.385;-3.00492;0;;
44.386;-3.001087;0;;
44.407;-2.973718;0;;
44.641;-2.41072;0;;
45.0112946;;;0.226675957740767;-0.00437385176377295
45.032;-1.472818;0;;
45.032;-1.472216;0;;
45.034;-1.448935;0;;
45.053;-1.419423;0;;
45.061;-1.379843;0;;
45.075;-1.365689;0;;
45.3125939;;;0.441577928656218;0.106020630400282
45.032;-1.472818;0;;
45.032;-1.472216;0;;
45.034;-1.448935;0;;
45.053;-1.419423;0;;
45.061;-1.379843;0;;
45.075;-1.365689;0;;
45.6138937;;;0.441577928656218;0.334126943198492
45.744;0.2428666;0;;
45.915381;;;0;0.277457953763301
45.979;0.8054665;0;;
46.127;1.154648;0;;
46.151;1.234678;0;;
46.2171813;;;0;0.220788964328109
46.127;1.154648;0;;
46.151;1.234678;0;;
46.286;1.556268;0;;
46.5189821;;;0;0.110394482164054
46.127;1.154648;0;;
46.151;1.234678;0;;
46.286;1.556268;0;;
46.8202827;;;0;0
46.127;1.154648;0;;
46.151;1.234678;0;;
46.286;1.556268;0;;
47.122083;;;0;0
47.422;1.767629;0;;
47.4238838;;;0;0
47.422;1.767629;0;;
47.443;1.714264;0;;
47.467;1.660505;0;;
47.487;1.607512;0;;
47.487;1.607145;0;;
47.488;1.606913;0;;
47.488;1.606874;0;;
47.507;1.553575;0;;
47.508;1.552993;0;;
47.509;1.55291;0;;
47.51;1.552886;0;;
47.529;1.499047;0;;
47.53;1.499047;0;;
47.572;1.392784;0;;
47.615;1.282195;0;;
47.7251836;;;-0.378709250387099;-0.0946773125967748
47.744;0.99041;0;;
47.808;0.828944;0;;
47.828;0.7755458;0;;
47.894;0.6144902;0;;
47.979;0.4273764;0;;
47.98;0.4273764;0;;
48;0.3739364;0;;
48.001;0.3739364;0;;
48.021;0.3200127;0;;
48.021;0.3200127;0;;
48.0264828;;;0;-0.0946773125967748
47.808;0.828944;0;;
47.828;0.7755458;0;;
47.894;0.6144902;0;;
47.979;0.4273764;0;;
47.98;0.4273764;0;;
48;0.3739364;0;;
48.001;0.3739364;0;;
48.021;0.3200127;0;;
48.021;0.3200127;0;;
48.043;0.2666377;0;;
48.063;0.2130696;0;;
48.3282836;;;0;-0.0946773125967748
48.596;-1.074036;0;;
48.6295834;;;0;-0.0946773125967748
48.596;-1.074036;0;;
48.707;-1.31519;0;;
48.793;-1.529341;0;;
48.9313848;;;0;0
48.596;-1.074036;0;;
48.707;-1.31519;0;;
48.793;-1.529341;0;;
49.232684;;;0;0
49.393;-2.977784;0;;
49.458;-2.892923;0;;
49.459;-2.892923;0;;
49.48;-2.839046;0;;
49.48;-2.839046;0;;
49.501;-2.785252;0;;
49.5349861;;;0;0
49.654;-2.436785;0;;
49.674;-2.383495;0;;
49.675;-2.383495;0;;
49.726;-2.246393;0;;
49.727;-2.246393;0;;
49.74;-2.221945;0;;
49.74;-2.221945;0;;
49.76;-2.168255;0;;
49.761;-2.168255;0;;
49.782;-2.115506;0;;
49.783;-2.115506;0;;
49.804;-2.061143;0;;
49.8362859;;;0;0
50.02;-1.551996;0;;
50.04;-1.498281;0;;
50.063;-1.445712;0;;
50.084;-1.391567;0;;
50.105;-1.337515;0;;
50.1375854;;;0;0
50.084;-1.391567;0;;
50.105;-1.337515;0;;
50.353;-0.7475494;0;;
50.374;-0.6944987;0;;
50.4393862;;;0;0
50.353;-0.7475494;0;;
50.374;-0.6944987;0;;
50.508;-0.3730974;0;;
50.509;-0.3730974;0;;
50.553;-0.265337;0;;
50.7411876;;;0;0
50.353;-0.7475494;0;;
50.374;-0.6944987;0;;
50.508;-0.3730974;0;;
50.509;-0.3730974;0;;
50.553;-0.265337;0;;
51.0424871;;;0;0
51.222;1.343374;0;;
51.3442882;;;0;0
51.222;1.343374;0;;
51.6455874;;;0;0
51.222;1.343374;0;;
51.9475842;;;0;0
51.222;1.343374;0;;
52.248884;;;0;0
51.222;1.343374;0;;
52.5506843;;;0;0
52.745;1.042659;0;;
52.746;1.042659;0;;
52.767;0.9898884;0;;
52.767;0.9898665;0;;
52.788;0.9364467;0;;
52.789;0.9359312;0;;
52.81;0.8836024;0;;
52.8519843;;;-0.403282871221201;-0.1008207178053
52.745;1.042659;0;;
52.746;1.042659;0;;
52.767;0.9898884;0;;
52.767;0.9898665;0;;
52.788;0.9364467;0;;
52.789;0.9359312;0;;
52.81;0.8836024;0;;
52.915;0.6428313;0;;
52.916;0.6417124;0;;
52.936;0.5890648;0;;
52.937;0.5879796;0;;
52.957;0.5354524;0;;
52.958;0.5343183;0;;
52.979;0.4815711;0;;
53.001;0.4273806;0;;
53.002;0.42654;0;;
53.1542867;;;-0.275844682077865;-0.169781888324767
53.286;-0.2444857;0;;
53.327;-0.3502003;0;;
53.349;-0.4050417;0;;
53.4550849;;;0.49066779872169;-0.0471149386443441
53.286;-0.2444857;0;;
53.327;-0.3502003;0;;
53.349;-0.4050417;0;;
53.7568857;;;0.49066779872169;0.0755520110360784
53.286;-0.2444857;0;;
53.327;-0.3502003;0;;
53.349;-0.4050417;0;;
54.058185;;;0.49066779872169;0.299039678521801
53.286;-0.2444857;0;;
53.327;-0.3502003;0;;
53.349;-0.4050417;0;;
54.3599866;;;0.49066779872169;0.49066779872169
54.383;-2.898693;0;;
54.6622887;;;0;0.368000849041268
54.815;-2.115728;0;;
54.816;-2.115273;0;;
54.837;-2.062424;0;;
54.838;-2.062036;0;;
54.86;-2.008604;0;;
54.88;-1.954077;0;;
54.881;-1.954077;0;;
54.902;-1.901523;0;;
54.903;-1.900997;0;;
54.928;-1.847956;0;;
54.929;-1.847509;0;;
54.944;-1.794474;0;;
54.945;-1.793814;0;;
54.9630869;;;-0.353027036724527;0.157077140179713
54.815;-2.115728;0;;
54.816;-2.115273;0;;
54.837;-2.062424;0;;
54.838;-2.062036;0;;
54.86;-2.008604;0;;
54.88;-1.954077;0;;
54.881;-1.954077;0;;
54.902;-1.901523;0;;
54.903;-1.900997;0;;
54.928;-1.847956;0;;
54.929;-1.847509;0;;
54.944;-1.794474;0;;
54.945;-1.793814;0;;
54.966;-1.740948;0;;
54.987;-1.686935;0;;
54.989;-1.686302;0;;
55.009;-1.635253;0;;
55.2648875;;;-0.310754125321354;-0.0432783408310478
54.815;-2.115728;0;;
54.816;-2.115273;0;;
54.837;-2.062424;0;;
54.838;-2.062036;0;;
54.86;-2.008604;0;;
54.88;-1.954077;0;;
54.881;-1.954077;0;;
54.902;-1.901523;0;;
54.903;-1.900997;0;;
54.928;-1.847956;0;;
54.929;-1.847509;0;;
54.944;-1.794474;0;;
54.945;-1.793814;0;;
54.966;-1.740948;0;;
54.987;-1.686935;0;;
54.989;-1.686302;0;;
55.009;-1.635253;0;;
55.566689;;;-0.310754125321354;-0.243633821841809
55.791;0.2431672;0;;
55.811;0.2699005;0;;
55.813;0.2948912;0;;
55.835;0.3505114;0;;
55.837;0.3510579;0;;
55.858;0.4031452;0;;
55.86;0.4043911;0;;
55.8679886;;;0.471625656468935;-0.125727407724575
55.811;0.2699005;0;;
55.813;0.2948912;0;;
55.835;0.3505114;0;;
55.837;0.3510579;0;;
55.858;0.4031452;0;;
55.86;0.4043911;0;;
55.881;0.456408;0;;
55.883;0.4576484;0;;
55.903;0.5111266;0;;
55.925;0.5636981;0;;
55.926;0.5647068;0;;
55.947;0.6173395;0;;
55.948;0.618427;0;;
55.97;0.673191;0;;
55.971;0.6736189;0;;
55.992;0.7251623;0;;
55.994;0.7262077;0;;
56.014;0.7791208;0;;
56.015;0.77978;0;;
56.043;0.8512366;0;;
56.044;0.8518838;0;;
56.059;0.8863198;0;;
56.06;0.8868073;0;;
56.081;0.9390976;0;;
56.083;0.9401911;0;;
56.103;0.9932997;0;;
56.104;0.9938518;0;;
56.1692881;;;0.489400403529645;0.0848794523389678
56.303;1.476903;0;;
56.327;1.530202;0;;
56.328;1.530645;0;;
56.35;1.583801;0;;
56.352;1.584321;0;;
56.373;1.63699;0;;
56.395;1.690245;0;;
56.396;1.690688;0;;
56.416;1.743804;0;;
56.417;1.744364;0;;
56.438;1.798329;0;;
56.439;1.79886;0;;
56.46;1.851618;0;;
56.461;1.852139;0;;
56.4710889;;;0;0.162567983669306
56.438;1.798329;0;;
56.439;1.79886;0;;
56.46;1.851618;0;;
56.461;1.852139;0;;
56.482;1.905345;0;;
56.506;1.958441;0;;
56.507;1.958915;0;;
56.528;2.012098;0;;
56.529;2.01263;0;;
56.55;2.065679;0;;
56.552;2.066223;0;;
56.58;2.119799;0;;
56.581;2.120197;0;;
56.595;2.173347;0;;
56.595;2.174322;0;;
56.618;2.227744;0;;
56.618;2.227744;0;;
56.619;2.227744;0;;
56.64;2.254158;0;;
56.663;2.332791;0;;
56.664;2.33399;0;;
56.685;2.386913;0;;
56.686;2.38781;0;;
56.687;2.38803;0;;
56.708;2.441785;0;;
56.73;2.494771;0;;
56.7728897;;;0.434218045711391;0.348811026427493
56.618;2.227744;0;;
56.618;2.227744;0;;
56.619;2.227744;0;;
56.64;2.254158;0;;
56.663;2.332791;0;;
56.664;2.33399;0;;
56.685;2.386913;0;;
56.686;2.38781;0;;
56.687;2.38803;0;;
56.708;2.441785;0;;
56.73;2.494771;0;;
56.797;2.655846;0;;
56.798;2.656347;0;;
56.819;2.709817;0;;
56.82;2.709817;0;;
56.907;2.924911;0;;
57.0741893;;;0.458400847715841;0.345504824239219
56.618;2.227744;0;;
56.618;2.227744;0;;
56.619;2.227744;0;;
56.64;2.254158;0;;
56.663;2.332791;0;;
56.664;2.33399;0;;
56.685;2.386913;0;;
56.686;2.38781;0;;
56.687;2.38803;0;;
56.708;2.441785;0;;
56.73;2.494771;0;;
56.797;2.655846;0;;
56.798;2.656347;0;;
56.819;2.709817;0;;
56.82;2.709817;0;;
56.907;2.924911;0;;
57.3759901;;;0.458400847715841;0.337754935285768
57.454;1.79421;0;;
57.455;1.793769;0;;
57.476;1.767501;0;;
57.499;1.686092;0;;
57.521;1.660076;0;;
57.6772904;;;-0.445631074397686;0.226347166686347
57.521;1.660076;0;;
57.758;1.070397;0;;
57.779;1.016709;0;;
57.78;1.016166;0;;
57.781;1.016086;0;;
57.802;0.9630322;0;;
57.9790907;;;0.196161742585028;0.166833090904756
57.521;1.660076;0;;
57.758;1.070397;0;;
57.779;1.016709;0;;
57.78;1.016166;0;;
57.781;1.016086;0;;
57.802;0.9630322;0;;
58.2813927;;;0.196161742585028;0.101273314622053
58.516;-0.753022;0;;
58.517;-0.7535248;0;;
58.539;-0.8061271;0;;
58.54;-0.806624;0;;
58.5826928;;;0;-0.0133268973069078
58.584;-0.9138055;0;;
58.585;-0.9143267;0;;
58.607;-0.9669425;0;;
58.631;-1.020733;0;;
58.632;-1.021196;0;;
58.675;-1.127788;0;;
58.696;-1.1816;0;;
58.697;-1.182129;0;;
58.698;-1.182209;0;;
58.718;-1.23522;0;;
58.719;-1.235891;0;;
58.72;-1.235891;0;;
58.72;-1.235891;0;;
58.739;-1.288491;0;;
58.74;-1.289066;0;;
58.741;-1.289156;0;;
58.762;-1.34216;0;;
58.762;-1.342802;0;;
58.763;-1.342802;0;;
58.764;-1.342802;0;;
58.764;-1.342802;0;;
58.784;-1.396258;0;;
58.785;-1.396768;0;;
58.785;-1.396854;0;;
58.806;-1.450542;0;;
58.807;-1.451025;0;;
58.808;-1.451173;0;;
58.808;-1.451173;0;;
58.809;-1.451173;0;;
58.828;-1.502688;0;;
58.83;-1.503353;0;;
58.83;-1.503353;0;;
58.851;-1.554549;0;;
58.853;-1.556527;0;;
58.855;-1.557447;0;;
58.856;-1.557527;0;;
58.875;-1.610242;0;;
58.876;-1.610937;0;;
58.877;-1.610937;0;;
58.877;-1.610937;0;;
58.878;-1.610937;0;;
58.8837762;;;0.444230878343962;0.209138590878504
58.784;-1.396258;0;;
58.785;-1.396768;0;;
58.785;-1.396854;0;;
58.806;-1.450542;0;;
58.807;-1.451025;0;;
58.808;-1.451173;0;;
58.808;-1.451173;0;;
58.809;-1.451173;0;;
58.828;-1.502688;0;;
58.83;-1.503353;0;;
58.83;-1.503353;0;;
58.851;-1.554549;0;;
58.853;-1.556527;0;;
58.855;-1.557447;0;;
58.856;-1.557527;0;;
58.875;-1.610242;0;;
58.876;-1.610937;0;;
58.877;-1.610937;0;;
58.877;-1.610937;0;;
58.878;-1.610937;0;;
58.897;-1.66371;0;;
58.898;-1.664204;0;;
58.898;-1.664249;0;;
58.899;-1.66437;0;;
58.919;-1.717561;0;;
58.919;-1.71824;0;;
58.92;-1.71824;0;;
58.941;-1.771793;0;;
58.942;-1.772267;0;;
58.942;-1.772441;0;;
58.943;-1.772441;0;;
58.963;-1.825679;0;;
58.964;-1.826242;0;;
58.985;-1.878781;0;;
59.007;-1.931973;0;;
59.009;-1.933035;0;;
59.03;-1.986251;0;;
59.031;-1.986793;0;;
59.032;-1.986875;0;;
59.052;-2.039783;0;;
59.074;-2.092354;0;;
59.1850752;;;0.495928916929449;0.28408038446461
58.784;-1.396258;0;;
58.785;-1.396768;0;;
58.785;-1.396854;0;;
58.806;-1.450542;0;;
58.807;-1.451025;0;;
58.808;-1.451173;0;;
58.808;-1.451173;0;;
58.809;-1.451173;0;;
58.828;-1.502688;0;;
58.83;-1.503353;0;;
58.83;-1.503353;0;;
58.851;-1.554549;0;;
58.853;-1.556527;0;;
58.855;-1.557447;0;;
58.856;-1.557527;0;;
58.875;-1.610242;0;;
58.876;-1.610937;0;;
58.877;-1.610937;0;;
58.877;-1.610937;0;;
58.878;-1.610937;0;;
58.897;-1.66371;0;;
58.898;-1.664204;0;;
58.898;-1.664249;0;;
58.899;-1.66437;0;;
58.919;-1.717561;0;;
58.919;-1.71824;0;;
58.92;-1.71824;0;;
58.941;-1.771793;0;;
58.942;-1.772267;0;;
58.942;-1.772441;0;;
58.943;-1.772441;0;;
58.963;-1.825679;0;;
58.964;-1.826242;0;;
58.985;-1.878781;0;;
59.007;-1.931973;0;;
59.009;-1.933035;0;;
59.03;-1.986251;0;;
59.031;-1.986793;0;;
59.032;-1.986875;0;;
59.052;-2.039783;0;;
59.074;-2.092354;0;;
59.4868765;;;0.495928916929449;0.359022178050715
58.784;-1.396258;0;;
58.785;-1.396768;0;;
58.785;-1.396854;0;;
58.806;-1.450542;0;;
58.807;-1.451025;0;;
58.808;-1.451173;0;;
58.808;-1.451173;0;;
58.809;-1.451173;0;;
58.828;-1.502688;0;;
58.83;-1.503353;0;;
58.83;-1.503353;0;;
58.851;-1.554549;0;;
58.853;-1.556527;0;;
58.855;-1.557447;0;;
58.856;-1.557527;0;;
58.875;-1.610242;0;;
58.876;-1.610937;0;;
58.877;-1.610937;0;;
58.877;-1.610937;0;;
58.878;-1.610937;0;;
58.897;-1.66371;0;;
58.898;-1.664204;0;;
58.898;-1.664249;0;;
58.899;-1.66437;0;;
58.919;-1.717561;0;;
58.919;-1.71824;0;;
58.92;-1.71824;0;;
58.941;-1.771793;0;;
58.942;-1.772267;0;;
58.942;-1.772441;0;;
58.943;-1.772441;0;;
58.963;-1.825679;0;;
58.964;-1.826242;0;;
58.985;-1.878781;0;;
59.007;-1.931973;0;;
59.009;-1.933035;0;;
59.03;-1.986251;0;;
59.031;-1.986793;0;;
59.032;-1.986875;0;;
59.052;-2.039783;0;;
59.074;-2.092354;0;;
59.7886776;;;0.495928916929449;0.483004407283077
58.784;-1.396258;0;;
58.785;-1.396768;0;;
58.785;-1.396854;0;;
58.806;-1.450542;0;;
58.807;-1.451025;0;;
58.808;-1.451173;0;;
58.808;-1.451173;0;;
58.809;-1.451173;0;;
58.828;-1.502688;0;;
58.83;-1.503353;0;;
58.83;-1.503353;0;;
58.851;-1.554549;0;;
58.853;-1.556527;0;;
58.855;-1.557447;0;;
58.856;-1.557527;0;;
58.875;-1.610242;0;;
58.876;-1.610937;0;;
58.877;-1.610937;0;;
58.877;-1.610937;0;;
58.878;-1.610937;0;;
58.897;-1.66371;0;;
58.898;-1.664204;0;;
58.898;-1.664249;0;;
58.899;-1.66437;0;;
58.919;-1.717561;0;;
58.919;-1.71824;0;;
58.92;-1.71824;0;;
58.941;-1.771793;0;;
58.942;-1.772267;0;;
58.942;-1.772441;0;;
58.943;-1.772441;0;;
58.963;-1.825679;0;;
58.964;-1.826242;0;;
58.985;-1.878781;0;;
59.007;-1.931973;0;;
59.009;-1.933035;0;;
59.03;-1.986251;0;;
59.031;-1.986793;0;;
59.032;-1.986875;0;;
59.052;-2.039783;0;;
59.074;-2.092354;0;;
60.0899769;;;0.495928916929449;0.495928916929449
58.897;-1.66371;0;;
58.898;-1.664204;0;;
58.898;-1.664249;0;;
58.899;-1.66437;0;;
58.919;-1.717561;0;;
58.919;-1.71824;0;;
58.92;-1.71824;0;;
58.941;-1.771793;0;;
58.942;-1.772267;0;;
58.942;-1.772441;0;;
58.943;-1.772441;0;;
58.963;-1.825679;0;;
58.964;-1.826242;0;;
58.985;-1.878781;0;;
59.007;-1.931973;0;;
59.009;-1.933035;0;;
59.03;-1.986251;0;;
59.031;-1.986793;0;;
59.032;-1.986875;0;;
59.052;-2.039783;0;;
59.074;-2.092354;0;;
60.3912764;;;0.243009986710619;0.432699184374742
60.6935798;;;0;0.308716955142379
60.9948783;;;0;0.184734725910017
61.2966796;;;0;0.0607524966776547
61.5979786;;;0;0
61.8997802;;;0;0
62.201581;;;0;0
62.5028803;;;0;0
62.8061849;;;0;0
62.861;0.8810788;0;;
63.1064821;;;0;0
63.172;0.1595466;0;;
63.195;0.105573;0;;
63.196;0.08200101;0;;
63.218;0.02620285;0;;
63.219;0.02463471;0;;
63.24;-0.02839366;0;;
63.242;-0.02947033;0;;
63.243;-0.02958948;0;;
63.263;-0.08300423;0;;
63.284;-0.1356023;0;;
63.286;-0.1374677;0;;
63.307;-0.1887351;0;;
63.309;-0.1903614;0;;
63.329;-0.2428605;0;;
63.331;-0.2441716;0;;
63.352;-0.2972293;0;;
63.359;-0.2978437;0;;
63.361;-0.2978634;0;;
63.375;-0.3509303;0;;
63.398;-0.4043643;0;;
63.398;-0.4049593;0;;
63.399;-0.4049593;0;;
63.4077817;;;-0.0523393914629258;-0.0130848478657314
63.398;-0.4043643;0;;
63.398;-0.4049593;0;;
63.399;-0.4049593;0;;
63.42;-0.457592;0;;
63.441;-0.5109609;0;;
63.443;-0.5120712;0;;
63.464;-0.5647405;0;;
63.464;-0.5653791;0;;
63.486;-0.6187138;0;;
63.487;-0.6192143;0;;
63.508;-0.6715352;0;;
63.51;-0.6731964;0;;
63.53;-0.6988319;0;;
63.532;-0.7237231;0;;
63.552;-0.7519652;0;;
63.554;-0.7776539;0;;
63.576;-0.832882;0;;
63.577;-0.833384;0;;
63.597;-0.8864139;0;;
63.599;-0.887541;0;;
63.62;-0.9397894;0;;
63.621;-0.9408122;0;;
63.642;-0.9934149;0;;
63.665;-1.047366;0;;
63.666;-1.04786;0;;
63.687;-1.101122;0;;
63.688;-1.101647;0;;
63.709082;;;0.496967912479906;0.111157130254245
63.577;-0.833384;0;;
63.597;-0.8864139;0;;
63.599;-0.887541;0;;
63.62;-0.9397894;0;;
63.621;-0.9408122;0;;
63.642;-0.9934149;0;;
63.665;-1.047366;0;;
63.666;-1.04786;0;;
63.687;-1.101122;0;;
63.688;-1.101647;0;;
63.71;-1.154815;0;;
63.732;-1.208125;0;;
63.734;-1.208722;0;;
63.754;-1.261973;0;;
63.755;-1.262544;0;;
63.776;-1.315377;0;;
63.778;-1.316623;0;;
63.799;-1.36896;0;;
63.8;-1.369598;0;;
63.821;-1.396351;0;;
63.822;-1.419512;0;;
63.844;-1.475428;0;;
63.845;-1.476484;0;;
63.867;-1.529152;0;;
63.876;-1.530285;0;;
64.0108825;;;0.494451153715461;0.23476991868311
63.577;-0.833384;0;;
63.597;-0.8864139;0;;
63.599;-0.887541;0;;
63.62;-0.9397894;0;;
63.621;-0.9408122;0;;
63.642;-0.9934149;0;;
63.665;-1.047366;0;;
63.666;-1.04786;0;;
63.687;-1.101122;0;;
63.688;-1.101647;0;;
63.71;-1.154815;0;;
63.732;-1.208125;0;;
63.734;-1.208722;0;;
63.754;-1.261973;0;;
63.755;-1.262544;0;;
63.776;-1.315377;0;;
63.778;-1.316623;0;;
63.799;-1.36896;0;;
63.8;-1.369598;0;;
63.821;-1.396351;0;;
63.822;-1.419512;0;;
63.844;-1.475428;0;;
63.845;-1.476484;0;;
63.867;-1.529152;0;;
63.876;-1.530285;0;;
64.3126833;;;0.494451153715461;0.358382707111976
63.577;-0.833384;0;;
63.597;-0.8864139;0;;
63.599;-0.887541;0;;
63.62;-0.9397894;0;;
63.621;-0.9408122;0;;
63.642;-0.9934149;0;;
63.665;-1.047366;0;;
63.666;-1.04786;0;;
63.687;-1.101122;0;;
63.688;-1.101647;0;;
63.71;-1.154815;0;;
63.732;-1.208125;0;;
63.734;-1.208722;0;;
63.754;-1.261973;0;;
63.755;-1.262544;0;;
63.776;-1.315377;0;;
63.778;-1.316623;0;;
63.799;-1.36896;0;;
63.8;-1.369598;0;;
63.821;-1.396351;0;;
63.822;-1.419512;0;;
63.844;-1.475428;0;;
63.845;-1.476484;0;;
63.867;-1.529152;0;;
63.876;-1.530285;0;;
64.6139831;;;0.494451153715461;0.495080343406572
63.577;-0.833384;0;;
63.597;-0.8864139;0;;
63.599;-0.887541;0;;
63.62;-0.9397894;0;;
63.621;-0.9408122;0;;
63.642;-0.9934149;0;;
63.665;-1.047366;0;;
63.666;-1.04786;0;;
63.687;-1.101122;0;;
63.688;-1.101647;0;;
63.71;-1.154815;0;;
63.732;-1.208125;0;;
63.734;-1.208722;0;;
63.754;-1.261973;0;;
63.755;-1.262544;0;;
63.776;-1.315377;0;;
63.778;-1.316623;0;;
63.799;-1.36896;0;;
63.8;-1.369598;0;;
63.821;-1.396351;0;;
63.822;-1.419512;0;;
63.844;-1.475428;0;;
63.845;-1.476484;0;;
63.867;-1.529152;0;;
63.876;-1.530285;0;;
64.9157839;;;0.494451153715461;0.494451153715461
63.732;-1.208125;0;;
63.734;-1.208722;0;;
63.754;-1.261973;0;;
63.755;-1.262544;0;;
63.776;-1.315377;0;;
63.778;-1.316623;0;;
63.799;-1.36896;0;;
63.8;-1.369598;0;;
63.821;-1.396351;0;;
63.822;-1.419512;0;;
63.844;-1.475428;0;;
63.845;-1.476484;0;;
63.867;-1.529152;0;;
63.876;-1.530285;0;;
65.2175845;;;0.348329278202374;0.457920684837189
65.5188845;;;0;0.334307896408324
65.8201838;;;0;0.210695107979459
66.116;0.887015;0;;
66.1219846;;;0;0.0870823195505936
66.139;0.9400359;0;;
66.159;0.9933268;0;;
66.167;1.022311;0;;
66.204;1.100738;0;;
66.248;1.208141;0;;
66.249;1.208636;0;;
66.269;1.261342;0;;
66.27;1.261999;0;;
66.291;1.31517;0;;
66.292;1.315701;0;;
66.312;1.368818;0;;
66.314;1.369393;0;;
66.334;1.421934;0;;
66.336;1.423249;0;;
66.357;1.476465;0;;
66.358;1.477104;0;;
66.378;1.503256;0;;
66.379;1.526138;0;;
66.4;1.556813;0;;
66.422;1.610474;0;;
66.4232847;;;0.495158313262237;0.123789578315559
66.422;1.610474;0;;
66.424;1.63378;0;;
66.425;1.63515;0;;
66.445;1.664002;0;;
66.465;1.717084;0;;
66.466;1.717626;0;;
66.486;1.770823;0;;
66.487;1.771482;0;;
66.508;1.825343;0;;
66.509;1.825343;0;;
66.529;1.878217;0;;
66.53;1.878728;0;;
66.55;1.93152;0;;
66.551;1.932186;0;;
66.571;1.985428;0;;
66.573;1.986082;0;;
66.592;2.039102;0;;
66.593;2.039686;0;;
66.615;2.092633;0;;
66.616;2.093055;0;;
66.637;2.146188;0;;
66.658;2.200263;0;;
66.659;2.200904;0;;
66.66;2.200904;0;;
66.68;2.253444;0;;
66.702;2.307019;0;;
66.704;2.308827;0;;
66.705;2.308827;0;;
66.7250857;;;0.497266182565498;0.248106123956934
66.702;2.307019;0;;
66.704;2.308827;0;;
66.705;2.308827;0;;
66.726;2.360985;0;;
66.727;2.361514;0;;
66.748;2.414495;0;;
66.77;2.468035;0;;
66.771;2.46852;0;;
66.772;2.468621;0;;
66.793;2.521756;0;;
66.814;2.548921;0;;
66.815;2.571219;0;;
66.816;2.575436;0;;
66.836;2.602424;0;;
66.858;2.679536;0;;
66.86;2.682629;0;;
66.879;2.709485;0;;
66.881;2.709791;0;;
66.902;2.763406;0;;
66.924;2.816972;0;;
66.925;2.817492;0;;
66.946;2.869771;0;;
66.947;2.870303;0;;
66.967;2.923778;0;;
66.968;2.924338;0;;
66.989;2.977178;0;;
67.0268863;;;0.498019881518449;0.372611094336546
67.096;2.786679;0;;
67.206;2.518052;0;;
67.317;2.250511;0;;
67.3286871;;;-0.499400587780768;0.247760947391354
67.317;2.250511;0;;
67.385;2.088486;0;;
67.386;2.087998;0;;
67.542;1.713382;0;;
67.585;1.60687;0;;
67.607;1.554117;0;;
67.6299871;;;-0.480648481024483;0.00380924881967405
67.653;1.446119;0;;
67.787;1.123651;0;;
67.854;0.96321;0;;
67.9;0.8557698;0;;
67.921;0.8032146;0;;
67.923;0.8021122;0;;
67.9317879;;;-0.411313137536387;-0.223335581205797
67.988;0.6417581;0;;
67.989;0.64072;0;;
68.145;0.2661377;0;;
68.254;0.1047125;0;;
68.275;0.1043468;0;;
68.276;0.1043425;0;;
68.2847243;;;0.37022768237947;-0.255283630990542
68.296;-0.09797381;0;;
68.297;-0.1005098;0;;
68.317;-0.1359261;0;;
68.318;-0.1359261;0;;
68.338;-0.1892447;0;;
68.339;-0.1899093;0;;
68.366;-0.2420897;0;;
68.38;-0.2955097;0;;
68.381;-0.2962915;0;;
68.402;-0.3486122;0;;
68.403;-0.3491283;0;;
68.423;-0.4030768;0;;
68.424;-0.4036371;0;;
68.445;-0.4573824;0;;
68.446;-0.4579164;0;;
68.467;-0.5101497;0;;
68.468;-0.5106707;0;;
68.489;-0.5375394;0;;
68.491;-0.5604144;0;;
68.511;-0.5906934;0;;
68.512;-0.6134679;0;;
68.534;-0.6444389;0;;
68.535;-0.6720076;0;;
68.556;-0.6977798;0;;
68.557;-0.7184179;0;;
68.578;-0.7518121;0;;
68.58;-0.7787986;0;;
68.5900345;;;0.49858457556946;-0.00578734015298514
68.601;-0.8045501;0;;
68.602;-0.8270214;0;;
68.625;-0.8859562;0;;
68.626;-0.8859562;0;;
68.646;-0.94001;0;;
68.648;-0.94001;0;;
68.668;-0.9657422;0;;
68.669;-0.9882561;0;;
68.691;-1.046209;0;;
68.692;-1.046753;0;;
68.713;-1.072593;0;;
68.714;-1.100688;0;;
68.735;-1.126575;0;;
68.736;-1.149806;0;;
68.757;-1.180239;0;;
68.758;-1.180537;0;;
68.78;-1.233579;0;;
68.78;-1.248786;0;;
68.802;-1.287515;0;;
68.803;-1.308535;0;;
68.824;-1.341727;0;;
68.846;-1.394224;0;;
68.848;-1.422371;0;;
68.868;-1.448534;0;;
68.868;-1.448563;0;;
68.872;-1.463525;0;;
68.888;-1.501641;0;;
68.889;-1.501641;0;;
68.8913345;;;0.498064145380866;0.238890816448352
68.713;-1.072593;0;;
68.714;-1.100688;0;;
68.735;-1.126575;0;;
68.736;-1.149806;0;;
68.757;-1.180239;0;;
68.758;-1.180537;0;;
68.78;-1.233579;0;;
68.78;-1.248786;0;;
68.802;-1.287515;0;;
68.803;-1.308535;0;;
68.824;-1.341727;0;;
68.846;-1.394224;0;;
68.848;-1.422371;0;;
68.868;-1.448534;0;;
68.868;-1.448563;0;;
68.872;-1.463525;0;;
68.888;-1.501641;0;;
68.889;-1.501641;0;;
68.91;-1.555126;0;;
68.91;-1.555353;0;;
68.911;-1.555777;0;;
68.93;-1.609642;0;;
68.952;-1.662441;0;;
68.953;-1.662897;0;;
68.973;-1.715813;0;;
68.974;-1.716361;0;;
68.995;-1.769698;0;;
69.1931351;;;0.498173918556349;0.466262580471536
68.713;-1.072593;0;;
68.714;-1.100688;0;;
68.735;-1.126575;0;;
68.736;-1.149806;0;;
68.757;-1.180239;0;;
68.758;-1.180537;0;;
68.78;-1.233579;0;;
68.78;-1.248786;0;;
68.802;-1.287515;0;;
68.803;-1.308535;0;;
68.824;-1.341727;0;;
68.846;-1.394224;0;;
68.848;-1.422371;0;;
68.868;-1.448534;0;;
68.868;-1.448563;0;;
68.872;-1.463525;0;;
68.888;-1.501641;0;;
68.889;-1.501641;0;;
68.91;-1.555126;0;;
68.91;-1.555353;0;;
68.911;-1.555777;0;;
68.93;-1.609642;0;;
68.952;-1.662441;0;;
68.953;-1.662897;0;;
68.973;-1.715813;0;;
68.974;-1.716361;0;;
68.995;-1.769698;0;;
69.4944351;;;0.498173918556349;0.498249139515756
68.713;-1.072593;0;;
68.714;-1.100688;0;;
68.735;-1.126575;0;;
68.736;-1.149806;0;;
68.757;-1.180239;0;;
68.758;-1.180537;0;;
68.78;-1.233579;0;;
68.78;-1.248786;0;;
68.802;-1.287515;0;;
68.803;-1.308535;0;;
68.824;-1.341727;0;;
68.846;-1.394224;0;;
68.848;-1.422371;0;;
68.868;-1.448534;0;;
68.868;-1.448563;0;;
68.872;-1.463525;0;;
68.888;-1.501641;0;;
68.889;-1.501641;0;;
68.91;-1.555126;0;;
68.91;-1.555353;0;;
68.911;-1.555777;0;;
68.93;-1.609642;0;;
68.952;-1.662441;0;;
68.953;-1.662897;0;;
68.973;-1.715813;0;;
68.974;-1.716361;0;;
68.995;-1.769698;0;;
69.7962359;;;0.498173918556349;0.498146475262479
68.713;-1.072593;0;;
68.714;-1.100688;0;;
68.735;-1.126575;0;;
68.736;-1.149806;0;;
68.757;-1.180239;0;;
68.758;-1.180537;0;;
68.78;-1.233579;0;;
68.78;-1.248786;0;;
68.802;-1.287515;0;;
68.803;-1.308535;0;;
68.824;-1.341727;0;;
68.846;-1.394224;0;;
68.848;-1.422371;0;;
68.868;-1.448534;0;;
68.868;-1.448563;0;;
68.872;-1.463525;0;;
68.888;-1.501641;0;;
68.889;-1.501641;0;;
68.91;-1.555126;0;;
68.91;-1.555353;0;;
68.911;-1.555777;0;;
68.93;-1.609642;0;;
68.952;-1.662441;0;;
68.953;-1.662897;0;;
68.973;-1.715813;0;;
68.974;-1.716361;0;;
68.995;-1.769698;0;;
70.0980367;;;0.498173918556349;0.498173918556349
70.389;-0.9084159;0;;
70.3998375;;;0;0.373630438917262
70.389;-0.9084159;0;;
70.453;-0.7749788;0;;
70.474;-0.7214135;0;;
70.475;-0.7208853;0;;
70.496;-0.6680239;0;;
70.58;-0.4800708;0;;
70.581;-0.4538415;0;;
70.583;-0.4483504;0;;
70.585;-0.4477775;0;;
70.586;-0.4477139;0;;
70.595;-0.426778;0;;
70.616;-0.3729293;0;;
70.617;-0.3724043;0;;
70.639;-0.318458;0;;
70.641;-0.3179265;0;;
70.662;-0.2658125;0;;
70.663;-0.2652987;0;;
70.685;-0.2117178;0;;
70.7016386;;;0;0.249086959278175
70.595;-0.426778;0;;
70.616;-0.3729293;0;;
70.617;-0.3724043;0;;
70.639;-0.318458;0;;
70.641;-0.3179265;0;;
70.662;-0.2658125;0;;
70.663;-0.2652987;0;;
70.685;-0.2117178;0;;
70.706;-0.1584106;0;;
70.707;-0.1579101;0;;
70.728;-0.10497;0;;
70.751;-0.05119861;0;;
70.751;-0.05059986;0;;
70.752;-0.05059986;0;;
70.774;0.003137488;0;;
70.774;0.003137488;0;;
70.775;0.003137488;0;;
70.796;0.05604343;0;;
70.817;0.1099683;0;;
70.839;0.1632487;0;;
70.862;0.2169148;0;;
70.886;0.270599;0;;
71.0034402;;;0.435502804991999;0.233419180887087
71.023;0.5925673;0;;
71.043;0.6457801;0;;
71.064;0.6995624;0;;
71.065;0.7000952;0;;
71.085;0.7530229;0;;
71.086;0.7535749;0;;
71.108;0.8070032;0;;
71.109;0.8075125;0;;
71.133;0.8605782;0;;
71.134;0.8609632;0;;
71.134;0.8609864;0;;
71.199;1.021291;0;;
71.221;1.07471;0;;
71.3052405;;;0;0.108875701248
71.307;1.290943;0;;
71.354;1.396866;0;;
71.398;1.504018;0;;
71.42;1.557406;0;;
71.508;1.771565;0;;
71.573;1.932508;0;;
71.574;1.93302;0;;
71.595;1.959731;0;;
71.596;1.980407;0;;
71.6060385;;;-0.332577938282673;0.0257312166773315
