Cube2Timestamp;Cube2XPos;Cube2YPos;Cube2newCorr;Cube2smoothCorr
0;;;0;0
0.3424085;;;0;0
0.6477192;;;0;0
0.9495205;;;0;0
1.2508198;;;0;0
1.5521446;;;0;0
1.8539454;;;0;0
2.1557465;;;0;0
2.259;2.051646;1.4;;
2.261;2.051646;1.4;;
2.391;2.346816;1.4;;
2.392;2.346816;1.4;;
2.415;2.396702;1.4;;
2.437;2.445436;1.4;;
2.438;2.445436;1.4;;
2.4575795;;;0.458619515647796;0.152873171882599
2.466;2.495078;1.4;;
2.468;2.495078;1.4;;
2.504;2.592802;1.4;;
2.548;2.69105;1.4;;
2.571;2.739904;1.4;;
2.572;2.739904;1.4;;
2.617;2.838703;1.4;;
2.618;2.838703;1.4;;
2.64;2.887672;1.4;;
2.661;2.936527;1.4;;
2.683;2.986154;1.4;;
2.683;2.986154;1.4;;
2.726;2.95096;1.4;;
2.749;2.902628;1.4;;
2.75;2.902628;1.4;;
2.758879;;;-0.453735652852498;0.00162795426509917
2.749;2.902628;1.4;;
2.75;2.902628;1.4;;
2.771;2.852106;1.4;;
2.772;2.852106;1.4;;
2.793;2.803521;1.4;;
2.794;2.803521;1.4;;
2.817;2.754579;1.4;;
2.818;2.754579;1.4;;
2.84;2.705146;1.4;;
2.862;2.654656;1.4;;
2.907;2.558171;1.4;;
2.929;2.509007;1.4;;
2.951;2.460416;1.4;;
2.952;2.459853;1.4;;
2.953;2.459853;1.4;;
2.974;2.412076;1.4;;
2.976;2.410959;1.4;;
2.997;2.362197;1.4;;
3.006;2.338461;1.4;;
3.018;2.311102;1.4;;
3.019;2.310194;1.4;;
3.019;2.310038;1.4;;
3.02;2.309935;1.4;;
3.04;2.263827;1.4;;
3.041;2.263348;1.4;;
3.042;2.26328;1.4;;
3.0601788;;;0.388168160813423;0.131017341202907
3.062;2.2149;1.4;;
3.063;2.214395;1.4;;
3.064;2.214325;1.4;;
3.064;2.214313;1.4;;
3.065;2.214308;1.4;;
3.066;2.214307;1.4;;
3.084;2.165655;1.4;;
3.085;2.165113;1.4;;
3.107;2.116724;1.4;;
3.108;2.116337;1.4;;
3.108;2.116161;1.4;;
3.109;2.116161;1.4;;
3.11;2.116161;1.4;;
3.129;2.066526;1.4;;
3.13;2.066051;1.4;;
3.13;2.065991;1.4;;
3.151;2.017538;1.4;;
3.173;1.970008;1.4;;
3.175;1.968603;1.4;;
3.196;1.920308;1.4;;
3.198;1.919418;1.4;;
3.198;1.919395;1.4;;
3.219;1.870612;1.4;;
3.22;1.870129;1.4;;
3.221;1.870039;1.4;;
3.241;1.820564;1.4;;
3.242;1.820564;1.4;;
3.264;1.774345;1.4;;
3.265;1.773219;1.4;;
3.266;1.772584;1.4;;
3.267;1.771886;1.4;;
3.288;1.722827;1.4;;
3.288;1.722757;1.4;;
3.289;1.722331;1.4;;
3.29;1.722261;1.4;;
3.29;1.722228;1.4;;
3.309;1.673652;1.4;;
3.332;1.624911;1.4;;
3.334;1.623844;1.4;;
3.355;1.575495;1.4;;
3.356;1.574923;1.4;;
3.3619793;;;-0.411529463130096;-0.159032318389724
3.355;1.575495;1.4;;
3.356;1.574923;1.4;;
3.377;1.526789;1.4;;
3.399;1.476948;1.4;;
3.399;1.476623;1.4;;
3.4;1.476415;1.4;;
3.421;1.427287;1.4;;
3.443;1.378802;1.4;;
3.444;1.378364;1.4;;
3.445;1.378273;1.4;;
3.466;1.329645;1.4;;
3.487;1.281312;1.4;;
3.489;1.280332;1.4;;
3.511;1.228382;1.4;;
3.534;1.182838;1.4;;
3.578;1.084801;1.4;;
3.578;1.084693;1.4;;
3.579;1.084001;1.4;;
3.601;1.035444;1.4;;
3.623;0.9864506;1.4;;
3.624;0.9858007;1.4;;
3.625;0.985523;1.4;;
3.645;0.9372886;1.4;;
3.646;0.9364389;1.4;;
3.6632789;;;0.434329254023948;0.136989317235758
3.668;0.8884238;1.4;;
3.691;0.8386953;1.4;;
3.692;0.8380222;1.4;;
3.693;0.8377734;1.4;;
3.714;0.7899209;1.4;;
3.715;0.7891795;1.4;;
3.736;0.7407597;1.4;;
3.737;0.7399954;1.4;;
3.758;0.6918015;1.4;;
3.759;0.6909103;1.4;;
3.759;0.6907586;1.4;;
3.782;0.6418721;1.4;;
3.803;0.5927546;1.4;;
3.804;0.5922666;1.4;;
3.806;0.5921876;1.4;;
3.826;0.5434961;1.4;;
3.828;0.5429538;1.4;;
3.848;0.4945702;1.4;;
3.849;0.4940838;1.4;;
3.87;0.4451262;1.4;;
3.891;0.3958451;1.4;;
3.892;0.3954158;1.4;;
3.912;0.3460378;1.4;;
3.914;0.3454874;1.4;;
3.915;0.3454246;1.4;;
3.916;0.3454246;1.4;;
3.936;0.2986248;1.4;;
3.937;0.2980367;1.4;;
3.938;0.2975968;1.4;;
3.958;0.248718;1.4;;
3.959;0.2482456;1.4;;
3.96;0.2480999;1.4;;
3.961;0.2480999;1.4;;
3.961;0.2480999;1.4;;
3.9650802;;;-0.134752186796729;-0.037317465300959
3.958;0.248718;1.4;;
3.959;0.2482456;1.4;;
3.96;0.2480999;1.4;;
3.961;0.2480999;1.4;;
3.961;0.2480999;1.4;;
3.98;0.2004025;1.4;;
3.982;0.199447;1.4;;
3.986;0.1992882;1.4;;
4;0.1543415;1.4;;
4.004;0.1422036;1.4;;
4.006;0.1422036;1.4;;
4.006;0.1422036;1.4;;
4.025;0.1014692;1.4;;
4.026;0.10104;1.4;;
4.026;0.100968;1.4;;
4.027;0.1009315;1.4;;
4.049;0.05160818;1.4;;
4.049;0.05160818;1.4;;
4.05;0.05160818;1.4;;
4.051;0.05160818;1.4;;
4.071;0.002398405;1.4;;
4.072;0.002398406;1.4;;
4.073;0.002398406;1.4;;
4.073;0.002398406;1.4;;
4.074;0.002398407;1.4;;
4.093;-0.04598088;1.4;;
4.094;-0.04650252;1.4;;
4.095;-0.04658381;1.4;;
4.116;-0.09525185;1.4;;
4.117;-0.09602197;1.4;;
4.118;-0.09631479;1.4;;
4.118;-0.0964146;1.4;;
4.138;-0.1449313;1.4;;
4.139;-0.1449313;1.4;;
4.139;-0.1449313;1.4;;
4.16;-0.1927711;1.4;;
4.16;-0.1929609;1.4;;
4.161;-0.1939354;1.4;;
4.182;-0.243565;1.4;;
4.183;-0.243565;1.4;;
4.183;-0.243565;1.4;;
4.184;-0.243565;1.4;;
4.184;-0.243565;1.4;;
4.203;-0.2916918;1.4;;
4.204;-0.2922211;1.4;;
4.226;-0.3411222;1.4;;
4.228;-0.3416003;1.4;;
4.249;-0.3907656;1.4;;
4.2668805;;;0.345722268252735;0.215099778493318
4.203;-0.2916918;1.4;;
4.204;-0.2922211;1.4;;
4.226;-0.3411222;1.4;;
4.228;-0.3416003;1.4;;
4.249;-0.3907656;1.4;;
4.273;-0.4396755;1.4;;
4.274;-0.4401012;1.4;;
4.296;-0.4908441;1.4;;
4.297;-0.4912772;1.4;;
4.298;-0.4913902;1.4;;
4.318;-0.538131;1.4;;
4.32;-0.5386374;1.4;;
4.341;-0.586974;1.4;;
4.363;-0.6357317;1.4;;
4.384;-0.6849308;1.4;;
4.406;-0.7343271;1.4;;
4.408;-0.7348096;1.4;;
4.408;-0.7348113;1.4;;
4.45;-0.8325934;1.4;;
4.451;-0.8330747;1.4;;
4.472;-0.881402;1.4;;
4.473;-0.8818737;1.4;;
4.495;-0.937797;1.4;;
4.5681805;;;-0.412815357409966;-0.06728175865132
4.659;-1.29997;1.4;;
4.66;-1.300524;1.4;;
4.68;-1.347275;1.4;;
4.681;-1.348756;1.4;;
4.702;-1.373403;1.4;;
4.703;-1.394302;1.4;;
4.723;-1.422751;1.4;;
4.724;-1.439542;1.4;;
4.725;-1.446028;1.4;;
4.745;-1.471564;1.4;;
4.746;-1.47183;1.4;;
4.747;-1.493641;1.4;;
4.768;-1.522335;1.4;;
4.768;-1.522335;1.4;;
4.789;-1.570515;1.4;;
4.79;-1.57109;1.4;;
4.81;-1.619954;1.4;;
4.811;-1.620379;1.4;;
4.831;-1.668222;1.4;;
4.833;-1.669399;1.4;;
4.854;-1.717887;1.4;;
4.855;-1.718318;1.4;;
4.8699813;;;-0.484189863287075;-0.183760984148102
4.876;-1.767375;1.4;;
4.877;-1.767869;1.4;;
4.898;-1.815749;1.4;;
4.899;-1.81664;1.4;;
4.919;-1.865655;1.4;;
4.92;-1.866165;1.4;;
4.921;-1.866259;1.4;;
4.922;-1.866259;1.4;;
4.941;-1.914503;1.4;;
4.942;-1.914993;1.4;;
4.943;-1.915098;1.4;;
4.944;-1.915126;1.4;;
4.964;-1.964373;1.4;;
4.965;-1.964373;1.4;;
4.966;-1.964373;1.4;;
4.967;-1.964373;1.4;;
4.987;-2.013021;1.4;;
4.987;-2.013646;1.4;;
4.988;-2.013646;1.4;;
5.018;-2.087368;1.4;;
5.019;-2.087368;1.4;;
5.021;-2.087368;1.4;;
5.021;-2.087368;1.4;;
5.03;-2.116004;1.4;;
5.031;-2.117043;1.4;;
5.032;-2.117515;1.4;;
5.052;-2.160347;1.4;;
5.053;-2.16075;1.4;;
5.053;-2.160892;1.4;;
5.054;-2.160892;1.4;;
5.074;-2.209084;1.4;;
5.075;-2.209894;1.4;;
5.076;-2.210194;1.4;;
5.096;-2.258867;1.4;;
5.098;-2.259395;1.4;;
5.119;-2.307653;1.4;;
5.12;-2.308106;1.4;;
5.141;-2.357;1.4;;
5.142;-2.357463;1.4;;
5.163;-2.406335;1.4;;
5.165;-2.406918;1.4;;
5.1717827;;;0.174986113396432;-0.24067303576687
5.163;-2.406335;1.4;;
5.165;-2.406918;1.4;;
5.186;-2.455928;1.4;;
5.187;-2.455928;1.4;;
5.188;-2.455928;1.4;;
5.188;-2.455928;1.4;;
5.189;-2.455928;1.4;;
5.209;-2.504361;1.4;;
5.21;-2.504804;1.4;;
5.21;-2.50498;1.4;;
5.211;-2.50498;1.4;;
5.23;-2.554119;1.4;;
5.231;-2.555059;1.4;;
5.233;-2.555387;1.4;;
5.254;-2.602293;1.4;;
5.256;-2.603412;1.4;;
5.276;-2.652319;1.4;;
5.276;-2.652319;1.4;;
5.297;-2.701331;1.4;;
5.298;-2.701788;1.4;;
5.318;-2.750072;1.4;;
5.319;-2.750664;1.4;;
5.34;-2.799004;1.4;;
5.341;-2.800003;1.4;;
5.363;-2.84876;1.4;;
5.364;-2.849218;1.4;;
5.385;-2.897638;1.4;;
5.386;-2.898107;1.4;;
5.407;-2.946887;1.4;;
5.408;-2.947305;1.4;;
5.409;-2.947421;1.4;;
5.429;-2.995941;1.4;;
5.43;-2.996543;1.4;;
5.431;-2.996543;1.4;;
5.431;-2.996543;1.4;;
5.452;-3;1.4;;
5.452;-3;1.4;;
5.453;-3;1.4;;
5.453;-3;1.4;;
5.4735837;;;0.36668688261444;0.0191610442412658
5.474;-2.951552;1.4;;
5.475;-2.950969;1.4;;
5.476;-2.950969;1.4;;
5.477;-2.950969;1.4;;
5.477;-2.950969;1.4;;
5.496;-2.888901;1.4;;
5.497;-2.888222;1.4;;
5.518;-2.852875;1.4;;
5.519;-2.852522;1.4;;
5.52;-2.852474;1.4;;
5.521;-2.852467;1.4;;
5.54;-2.804639;1.4;;
5.541;-2.803641;1.4;;
5.542;-2.803475;1.4;;
5.543;-2.80342;1.4;;
5.543;-2.803394;1.4;;
5.563;-2.778466;1.4;;
5.564;-2.761764;1.4;;
5.564;-2.760107;1.4;;
5.565;-2.755517;1.4;;
5.584;-2.729926;1.4;;
5.585;-2.711624;1.4;;
5.586;-2.706746;1.4;;
5.587;-2.705297;1.4;;
5.608;-2.656747;1.4;;
5.608;-2.656493;1.4;;
5.609;-2.656248;1.4;;
5.61;-2.656183;1.4;;
5.63;-2.606942;1.4;;
5.631;-2.606474;1.4;;
5.631;-2.606396;1.4;;
5.632;-2.606331;1.4;;
5.652;-2.55851;1.4;;
5.653;-2.558047;1.4;;
5.653;-2.557968;1.4;;
5.654;-2.557914;1.4;;
5.674;-2.508921;1.4;;
5.675;-2.508411;1.4;;
5.676;-2.508332;1.4;;
5.677;-2.508321;1.4;;
5.696;-2.459994;1.4;;
5.697;-2.459463;1.4;;
5.699;-2.45937;1.4;;
5.699;-2.45937;1.4;;
5.719;-2.411816;1.4;;
5.72;-2.411097;1.4;;
5.721;-2.410707;1.4;;
5.742;-2.385991;1.4;;
5.742;-2.382151;1.4;;
5.743;-2.365156;1.4;;
5.744;-2.361096;1.4;;
5.765;-2.312299;1.4;;
5.766;-2.312299;1.4;;
5.767;-2.312299;1.4;;
5.768;-2.312299;1.4;;
5.768;-2.312299;1.4;;
5.775385;;;0.424567062358739;0.322080019456537
5.765;-2.312299;1.4;;
5.766;-2.312299;1.4;;
5.767;-2.312299;1.4;;
5.768;-2.312299;1.4;;
5.768;-2.312299;1.4;;
5.788;-2.264052;1.4;;
5.79;-2.262682;1.4;;
5.792;-2.262305;1.4;;
5.813;-2.214692;1.4;;
5.815;-2.213999;1.4;;
5.816;-2.213791;1.4;;
5.818;-2.213623;1.4;;
5.82;-2.195117;1.4;;
5.836;-2.164557;1.4;;
5.838;-2.164144;1.4;;
5.84;-2.164115;1.4;;
5.842;-2.15164;1.4;;
5.858;-2.117836;1.4;;
5.887;-2.045461;1.4;;
5.888;-2.043487;1.4;;
5.935;-1.946914;1.4;;
5.937;-1.943274;1.4;;
5.961;-1.894482;1.4;;
5.986;-1.819529;1.4;;
5.988;-1.816588;1.4;;
5.991;-1.813012;1.4;;
5.992;-1.812768;1.4;;
6.01;-1.772578;1.4;;
6.011;-1.771542;1.4;;
6.014;-1.771129;1.4;;
6.015;-1.771046;1.4;;
6.017;-1.770939;1.4;;
6.036;-1.722506;1.4;;
6.036;-1.722141;1.4;;
6.038;-1.721895;1.4;;
6.039;-1.721869;1.4;;
6.041;-1.721862;1.4;;
6.057;-1.673074;1.4;;
6.059;-1.672414;1.4;;
6.059;-1.672361;1.4;;
6.06;-1.672334;1.4;;
6.0766841;;;-0.169481049159773;0.207257631937802
6.08;-1.625395;1.4;;
6.083;-1.623284;1.4;;
6.085;-1.622588;1.4;;
6.107;-1.575127;1.4;;
6.11;-1.561047;1.4;;
6.112;-1.555913;1.4;;
6.115;-1.550264;1.4;;
6.116;-1.550264;1.4;;
6.135;-1.501023;1.4;;
6.159;-1.451746;1.4;;
6.16;-1.451326;1.4;;
6.184;-1.402812;1.4;;
6.184;-1.402299;1.4;;
6.185;-1.402299;1.4;;
6.186;-1.402299;1.4;;
6.203;-1.355181;1.4;;
6.204;-1.35425;1.4;;
6.205;-1.353869;1.4;;
6.206;-1.353806;1.4;;
6.225;-1.304233;1.4;;
6.226;-1.303573;1.4;;
6.227;-1.303573;1.4;;
6.228;-1.303573;1.4;;
6.246;-1.254673;1.4;;
6.247;-1.254109;1.4;;
6.248;-1.254022;1.4;;
6.268;-1.206293;1.4;;
6.27;-1.205841;1.4;;
6.27;-1.205804;1.4;;
6.271;-1.205722;1.4;;
6.272;-1.205711;1.4;;
6.292;-1.157308;1.4;;
6.293;-1.156891;1.4;;
6.337;-1.059049;1.4;;
6.338;-1.058648;1.4;;
6.339;-1.058487;1.4;;
6.359;-1.009895;1.4;;
6.36;-1.009397;1.4;;
6.361;-1.009292;1.4;;
6.362;-1.009292;1.4;;
6.3784854;;;0.313977716011108;0.189687909736691
6.381;-0.9595529;1.4;;
6.382;-0.9595529;1.4;;
6.383;-0.9595529;1.4;;
6.384;-0.9595529;1.4;;
6.404;-0.9124372;1.4;;
6.405;-0.9115163;1.4;;
6.425;-0.8624216;1.4;;
6.426;-0.8618981;1.4;;
6.456;-0.8132285;1.4;;
6.457;-0.7921941;1.4;;
6.458;-0.7890834;1.4;;
6.469;-0.7610978;1.4;;
6.47;-0.7605895;1.4;;
6.47;-0.760504;1.4;;
6.471;-0.7604657;1.4;;
6.491;-0.7149712;1.4;;
6.492;-0.7144027;1.4;;
6.493;-0.7144027;1.4;;
6.493;-0.7144027;1.4;;
6.494;-0.7144027;1.4;;
6.514;-0.6652438;1.4;;
6.515;-0.6644635;1.4;;
6.536;-0.6174387;1.4;;
6.537;-0.6165114;1.4;;
6.538;-0.6163658;1.4;;
6.539;-0.6163256;1.4;;
6.539;-0.6163196;1.4;;
6.558;-0.5677953;1.4;;
6.559;-0.5673144;1.4;;
6.559;-0.5672365;1.4;;
6.579;-0.5184675;1.4;;
6.58;-0.5179633;1.4;;
6.581;-0.5178882;1.4;;
6.582;-0.5178698;1.4;;
6.602;-0.4689296;1.4;;
6.603;-0.468454;1.4;;
6.603;-0.4683723;1.4;;
6.625;-0.4209552;1.4;;
6.625;-0.4207155;1.4;;
6.627;-0.4200575;1.4;;
6.647;-0.3713467;1.4;;
6.648;-0.3708374;1.4;;
6.649;-0.3707494;1.4;;
6.65;-0.3707494;1.4;;
6.651;-0.3707494;1.4;;
6.651;-0.3707494;1.4;;
6.67;-0.3225889;1.4;;
6.671;-0.3218132;1.4;;
6.6797844;;;0.430928099979919;0.191808255610418
6.67;-0.3225889;1.4;;
6.671;-0.3218132;1.4;;
6.692;-0.2732086;1.4;;
6.715;-0.2240389;1.4;;
6.716;-0.2232653;1.4;;
6.717;-0.2230592;1.4;;
6.739;-0.1738585;1.4;;
6.74;-0.1734411;1.4;;
6.74;-0.173375;1.4;;
6.741;-0.173305;1.4;;
6.76;-0.1257423;1.4;;
6.761;-0.1251226;1.4;;
6.762;-0.1251226;1.4;;
6.763;-0.1251226;1.4;;
6.763;-0.1251226;1.4;;
6.782;-0.07705357;1.4;;
6.783;-0.07638786;1.4;;
6.784;-0.07578916;1.4;;
6.804;-0.02628879;1.4;;
6.805;-0.02628879;1.4;;
6.805;-0.02628879;1.4;;
6.806;-0.02628879;1.4;;
6.826;0.02186326;1.4;;
6.827;0.02233989;1.4;;
6.827;0.02242123;1.4;;
6.828;0.02246907;1.4;;
6.849;0.07189019;1.4;;
6.85;0.07189019;1.4;;
6.851;0.07189019;1.4;;
6.87;0.1195518;1.4;;
6.871;0.1204443;1.4;;
6.872;0.1207234;1.4;;
6.873;0.1207692;1.4;;
6.874;0.1207837;1.4;;
6.893;0.1690992;1.4;;
6.894;0.1695588;1.4;;
6.895;0.1696726;1.4;;
6.926;0.2185591;1.4;;
6.927;0.2351012;1.4;;
6.928;0.2416443;1.4;;
6.93;0.243624;1.4;;
6.938;0.2718259;1.4;;
6.94;0.2725987;1.4;;
6.961;0.3160115;1.4;;
6.963;0.317091;1.4;;
6.964;0.3174716;1.4;;
6.965;0.3175278;1.4;;
6.9815855;;;0.199875352122702;0.31492705603791
6.984;0.3659506;1.4;;
6.986;0.3665032;1.4;;
6.987;0.3665612;1.4;;
6.987;0.3665712;1.4;;
6.989;0.3665783;1.4;;
7.007;0.4159436;1.4;;
7.008;0.4164847;1.4;;
7.009;0.4166346;1.4;;
7.01;0.4166346;1.4;;
7.029;0.4636155;1.4;;
7.03;0.4644833;1.4;;
7.031;0.4647894;1.4;;
7.053;0.5138673;1.4;;
7.053;0.5139189;1.4;;
7.054;0.5143366;1.4;;
7.055;0.5144058;1.4;;
7.055;0.5144094;1.4;;
7.075;0.5627381;1.4;;
7.076;0.5633409;1.4;;
7.096;0.6129515;1.4;;
7.097;0.6129515;1.4;;
7.097;0.6129515;1.4;;
7.098;0.6129515;1.4;;
7.099;0.6129515;1.4;;
7.118;0.6595915;1.4;;
7.119;0.6607147;1.4;;
7.12;0.6614176;1.4;;
7.142;0.7108308;1.4;;
7.142;0.7108308;1.4;;
7.143;0.7108308;1.4;;
7.143;0.7108308;1.4;;
7.163;0.7594875;1.4;;
7.164;0.7599592;1.4;;
7.164;0.7600402;1.4;;
7.165;0.7600935;1.4;;
7.186;0.8082829;1.4;;
7.187;0.8088608;1.4;;
7.188;0.8088608;1.4;;
7.207;0.8568441;1.4;;
7.208;0.8575685;1.4;;
7.209;0.8580982;1.4;;
7.21;0.8580982;1.4;;
7.21;0.8580982;1.4;;
7.21;0.8580982;1.4;;
7.229;0.9075366;1.4;;
7.23;0.9080956;1.4;;
7.252;0.9557803;1.4;;
7.253;0.9562182;1.4;;
7.254;0.9563221;1.4;;
7.255;0.9563221;1.4;;
7.255;0.9563221;1.4;;
7.275;1.005265;1.4;;
7.276;1.005764;1.4;;
7.277;1.005855;1.4;;
7.2828847;;;-0.498026971966509;0.0442588267120372
7.275;1.005265;1.4;;
7.276;1.005764;1.4;;
7.277;1.005855;1.4;;
7.298;1.054265;1.4;;
7.298;1.054535;1.4;;
7.299;1.054769;1.4;;
7.319;1.102984;1.4;;
7.32;1.103867;1.4;;
7.321;1.104114;1.4;;
7.322;1.104152;1.4;;
7.322;1.104164;1.4;;
7.323;1.104164;1.4;;
7.343;1.153487;1.4;;
7.352;1.153487;1.4;;
7.365;1.205033;1.4;;
7.366;1.206111;1.4;;
7.367;1.207005;1.4;;
7.368;1.207005;1.4;;
7.368;1.207005;1.4;;
7.387;1.251594;1.4;;
7.388;1.251594;1.4;;
7.389;1.251594;1.4;;
7.41;1.297185;1.4;;
7.411;1.298261;1.4;;
7.413;1.300495;1.4;;
7.414;1.300495;1.4;;
7.433;1.348884;1.4;;
7.434;1.34933;1.4;;
7.434;1.349539;1.4;;
7.435;1.349539;1.4;;
7.436;1.349539;1.4;;
7.436;1.349539;1.4;;
7.454;1.39806;1.4;;
7.455;1.398607;1.4;;
7.477;1.446317;1.4;;
7.478;1.447086;1.4;;
7.478;1.447237;1.4;;
7.479;1.447974;1.4;;
7.48;1.447974;1.4;;
7.5;1.49661;1.4;;
7.501;1.497109;1.4;;
7.502;1.497185;1.4;;
7.522;1.545184;1.4;;
7.523;1.54599;1.4;;
7.524;1.546385;1.4;;
7.525;1.546385;1.4;;
7.545;1.59487;1.4;;
7.545;1.595219;1.4;;
7.546;1.595422;1.4;;
7.547;1.595469;1.4;;
7.547;1.595477;1.4;;
7.567;1.644358;1.4;;
7.568;1.644827;1.4;;
7.5841848;;;-0.498118777895007;-0.265423465912938
7.567;1.644358;1.4;;
7.568;1.644827;1.4;;
7.589;1.693302;1.4;;
7.59;1.693869;1.4;;
7.591;1.693869;1.4;;
7.591;1.693869;1.4;;
7.592;1.693869;1.4;;
7.612;1.748481;1.4;;
7.612;1.748503;1.4;;
7.613;1.749182;1.4;;
7.634;1.792245;1.4;;
7.635;1.792245;1.4;;
7.636;1.792245;1.4;;
7.637;1.792245;1.4;;
7.657;1.840608;1.4;;
7.658;1.841101;1.4;;
7.659;1.841179;1.4;;
7.659;1.84119;1.4;;
7.723;1.988572;1.4;;
7.767;2.085372;1.4;;
7.788;2.136085;1.4;;
7.79;2.136623;1.4;;
7.792;2.136677;1.4;;
7.812;2.183618;1.4;;
7.813;2.184577;1.4;;
7.814;2.184763;1.4;;
7.858;2.285297;1.4;;
7.859;2.285715;1.4;;
7.86;2.28583;1.4;;
7.86;2.285873;1.4;;
7.8749562;;;-0.422070272426209;-0.304585167541256
7.88;2.331917;1.4;;
7.881;2.332391;1.4;;
7.883;2.332488;1.4;;
7.903;2.381092;1.4;;
7.924;2.430189;1.4;;
7.925;2.430676;1.4;;
7.926;2.430766;1.4;;
7.947;2.479547;1.4;;
7.948;2.479987;1.4;;
7.968;2.527653;1.4;;
7.97;2.528845;1.4;;
7.991;2.578104;1.4;;
7.992;2.578683;1.4;;
7.993;2.578683;1.4;;
8.012;2.626501;1.4;;
8.013;2.627026;1.4;;
8.034;2.675674;1.4;;
8.036;2.676178;1.4;;
8.056;2.72459;1.4;;
8.057;2.725449;1.4;;
8.059;2.725739;1.4;;
8.079;2.773882;1.4;;
8.08;2.774498;1.4;;
8.101;2.823944;1.4;;
8.102;2.824376;1.4;;
8.123;2.872203;1.4;;
8.125;2.872696;1.4;;
8.146;2.921406;1.4;;
8.147;2.921896;1.4;;
8.167;2.970345;1.4;;
8.169;2.970883;1.4;;
8.1760889;;;0.471333710745172;-0.236720577885638
8.012;2.626501;1.4;;
8.013;2.627026;1.4;;
8.034;2.675674;1.4;;
8.036;2.676178;1.4;;
8.056;2.72459;1.4;;
8.057;2.725449;1.4;;
8.059;2.725739;1.4;;
8.079;2.773882;1.4;;
8.08;2.774498;1.4;;
8.101;2.823944;1.4;;
8.102;2.824376;1.4;;
8.123;2.872203;1.4;;
8.125;2.872696;1.4;;
8.146;2.921406;1.4;;
8.147;2.921896;1.4;;
8.167;2.970345;1.4;;
8.169;2.970883;1.4;;
8.278;2.828559;1.4;;
8.3;2.779607;1.4;;
8.4778902;;;0.375165203357011;-0.0184225340547583
8.012;2.626501;1.4;;
8.013;2.627026;1.4;;
8.034;2.675674;1.4;;
8.036;2.676178;1.4;;
8.056;2.72459;1.4;;
8.057;2.725449;1.4;;
8.059;2.725739;1.4;;
8.079;2.773882;1.4;;
8.08;2.774498;1.4;;
8.101;2.823944;1.4;;
8.102;2.824376;1.4;;
8.123;2.872203;1.4;;
8.125;2.872696;1.4;;
8.146;2.921406;1.4;;
8.147;2.921896;1.4;;
8.167;2.970345;1.4;;
8.169;2.970883;1.4;;
8.278;2.828559;1.4;;
8.3;2.779607;1.4;;
8.7791895;;;0.375165203357011;0.199898461258246
8.012;2.626501;1.4;;
8.013;2.627026;1.4;;
8.034;2.675674;1.4;;
8.036;2.676178;1.4;;
8.056;2.72459;1.4;;
8.057;2.725449;1.4;;
8.059;2.725739;1.4;;
8.079;2.773882;1.4;;
8.08;2.774498;1.4;;
8.101;2.823944;1.4;;
8.102;2.824376;1.4;;
8.123;2.872203;1.4;;
8.125;2.872696;1.4;;
8.146;2.921406;1.4;;
8.147;2.921896;1.4;;
8.167;2.970345;1.4;;
8.169;2.970883;1.4;;
8.278;2.828559;1.4;;
8.3;2.779607;1.4;;
9.0809903;;;0.375165203357011;0.399207330204051
8.278;2.828559;1.4;;
8.3;2.779607;1.4;;
9.3827911;;;0.00285560686643835;0.282087804234368
9.678;-0.2441984;1.4;;
9.6840906;;;0;0.188296503395115
9.698;-0.2930209;1.4;;
9.699;-0.2930209;1.4;;
9.719;-0.3416986;1.4;;
9.741;-0.3907063;1.4;;
9.742;-0.3912651;1.4;;
9.763;-0.4401087;1.4;;
9.808;-0.538012;1.4;;
9.829;-0.5872493;1.4;;
9.83;-0.5884262;1.4;;
9.852;-0.6366262;1.4;;
9.872;-0.6606144;1.4;;
9.895;-0.7105988;1.4;;
9.897;-0.7326188;1.4;;
9.898;-0.7348871;1.4;;
9.918;-0.7598808;1.4;;
9.919;-0.7807491;1.4;;
9.94;-0.8087982;1.4;;
9.941;-0.8292159;1.4;;
9.962;-0.8584257;1.4;;
9.963;-0.8584257;1.4;;
9.983;-0.9072757;1.4;;
9.9858917;;;-0.486285944162008;-0.0270662834846398
9.983;-0.9072757;1.4;;
10.011;-0.980682;1.4;;
10.012;-0.981222;1.4;;
10.025;-1.013233;1.4;;
10.026;-1.013233;1.4;;
10.046;-1.054688;1.4;;
10.048;-1.055138;1.4;;
10.068;-1.103564;1.4;;
10.069;-1.104176;1.4;;
10.089;-1.152129;1.4;;
10.09;-1.153142;1.4;;
10.111;-1.202925;1.4;;
10.112;-1.202925;1.4;;
10.132;-1.251682;1.4;;
10.134;-1.251682;1.4;;
10.155;-1.299826;1.4;;
10.227;-1.447606;1.4;;
10.228;-1.447954;1.4;;
10.23;-1.448089;1.4;;
10.231;-1.448117;1.4;;
10.233;-1.469934;1.4;;
10.234;-1.472979;1.4;;
10.234;-1.472979;1.4;;
10.252;-1.49804;1.4;;
10.254;-1.498308;1.4;;
10.274;-1.546617;1.4;;
10.276;-1.547141;1.4;;
10.277;-1.571431;1.4;;
10.2876928;;;-0.48838954883134;-0.242954971531727
10.296;-1.595662;1.4;;
10.317;-1.644341;1.4;;
10.318;-1.644808;1.4;;
10.338;-1.693316;1.4;;
10.359;-1.742595;1.4;;
10.36;-1.743179;1.4;;
10.38;-1.791878;1.4;;
10.381;-1.792498;1.4;;
10.401;-1.840514;1.4;;
10.402;-1.841109;1.4;;
10.424;-1.89116;1.4;;
10.445;-1.939844;1.4;;
10.446;-1.940298;1.4;;
10.447;-1.94043;1.4;;
10.448;-1.94043;1.4;;
10.467;-1.989252;1.4;;
10.468;-1.989252;1.4;;
10.47;-1.989252;1.4;;
10.491;-2.037221;1.4;;
10.513;-2.086819;1.4;;
10.514;-2.087213;1.4;;
10.514;-2.087396;1.4;;
10.535;-2.136123;1.4;;
10.557;-2.184921;1.4;;
10.558;-2.18533;1.4;;
10.558;-2.185486;1.4;;
10.579;-2.234386;1.4;;
10.5894936;;;-0.478464142726189;-0.363284908929884
10.467;-1.989252;1.4;;
10.468;-1.989252;1.4;;
10.47;-1.989252;1.4;;
10.491;-2.037221;1.4;;
10.513;-2.086819;1.4;;
10.514;-2.087213;1.4;;
10.514;-2.087396;1.4;;
10.535;-2.136123;1.4;;
10.557;-2.184921;1.4;;
10.558;-2.18533;1.4;;
10.558;-2.185486;1.4;;
10.579;-2.234386;1.4;;
10.601;-2.283332;1.4;;
10.602;-2.283758;1.4;;
10.623;-2.332279;1.4;;
10.624;-2.333251;1.4;;
10.625;-2.333405;1.4;;
10.645;-2.381535;1.4;;
10.668;-2.4303;1.4;;
10.669;-2.431153;1.4;;
10.67;-2.43133;1.4;;
10.691;-2.479637;1.4;;
10.713;-2.528799;1.4;;
10.714;-2.529197;1.4;;
10.735;-2.577502;1.4;;
10.758;-2.627266;1.4;;
10.8907934;;;-0.49331168289214;-0.486612829652919
10.892;-2.922048;1.4;;
10.893;-2.922493;1.4;;
10.914;-2.971835;1.4;;
10.935;-2.996292;1.4;;
10.937;-3.018446;1.4;;
10.958;-2.978389;1.4;;
10.959;-2.977916;1.4;;
10.961;-2.977916;1.4;;
10.981;-2.929748;1.4;;
11.003;-2.880574;1.4;;
11.004;-2.880139;1.4;;
11.005;-2.880039;1.4;;
11.025;-2.831565;1.4;;
11.047;-2.783062;1.4;;
11.058;-2.781475;1.4;;
11.07;-2.729972;1.4;;
11.072;-2.729049;1.4;;
11.073;-2.728946;1.4;;
11.093;-2.683689;1.4;;
11.115;-2.635325;1.4;;
11.116;-2.634417;1.4;;
11.117;-2.634218;1.4;;
11.138;-2.585776;1.4;;
11.16;-2.537074;1.4;;
11.162;-2.536103;1.4;;
11.183;-2.487046;1.4;;
11.184;-2.486593;1.4;;
11.185;-2.486455;1.4;;
11.1920924;;;0.393712326613341;-0.266613261959082
11.183;-2.487046;1.4;;
11.184;-2.486593;1.4;;
11.185;-2.486455;1.4;;
11.205;-2.438306;1.4;;
11.226;-2.389007;1.4;;
11.228;-2.38843;1.4;;
11.229;-2.38843;1.4;;
11.249;-2.339548;1.4;;
11.25;-2.339036;1.4;;
11.272;-2.29067;1.4;;
11.295;-2.24138;1.4;;
11.296;-2.240943;1.4;;
11.297;-2.240845;1.4;;
11.317;-2.192702;1.4;;
11.339;-2.14351;1.4;;
11.341;-2.143026;1.4;;
11.342;-2.142973;1.4;;
11.362;-2.09417;1.4;;
11.383;-2.044993;1.4;;
11.384;-2.044494;1.4;;
11.428;-1.946568;1.4;;
11.429;-1.946125;1.4;;
11.45;-1.896797;1.4;;
11.452;-1.896292;1.4;;
11.453;-1.896235;1.4;;
11.474;-1.849024;1.4;;
11.493894;;;0.476424314157229;-0.0254097962119396
11.495;-1.800056;1.4;;
11.497;-1.799029;1.4;;
11.522;-1.749593;1.4;;
11.552;-1.677507;1.4;;
11.566;-1.647185;1.4;;
11.567;-1.647185;1.4;;
11.59;-1.602322;1.4;;
11.61;-1.55374;1.4;;
11.632;-1.50464;1.4;;
11.633;-1.504081;1.4;;
11.634;-1.504081;1.4;;
11.675;-1.406496;1.4;;
11.698;-1.356727;1.4;;
11.72;-1.308381;1.4;;
11.721;-1.307555;1.4;;
11.743;-1.260364;1.4;;
11.745;-1.258479;1.4;;
11.766;-1.209833;1.4;;
11.767;-1.208915;1.4;;
11.787;-1.160379;1.4;;
11.7951938;;;0.484914016774997;0.215434743663357
11.787;-1.160379;1.4;;
11.809;-1.11131;1.4;;
11.832;-1.062073;1.4;;
11.833;-1.061708;1.4;;
11.834;-1.061592;1.4;;
11.834;-1.061538;1.4;;
11.855;-1.012868;1.4;;
11.856;-1.01229;1.4;;
11.876;-0.9635957;1.4;;
11.898;-0.915386;1.4;;
11.899;-0.914829;1.4;;
11.9;-0.914829;1.4;;
11.9;-0.914829;1.4;;
11.92;-0.8650022;1.4;;
11.941;-0.8172809;1.4;;
11.942;-0.8163253;1.4;;
11.964;-0.76788;1.4;;
11.965;-0.7669288;1.4;;
11.966;-0.7667952;1.4;;
11.986;-0.7181941;1.4;;
11.988;-0.7171249;1.4;;
12.008;-0.6931557;1.4;;
12.009;-0.6756232;1.4;;
12.032;-0.6203294;1.4;;
12.034;-0.6192812;1.4;;
12.055;-0.5709816;1.4;;
12.076;-0.521875;1.4;;
12.078;-0.521369;1.4;;
12.0969943;;;-0.466732750121166;0.2220794768561
12.099;-0.4733678;1.4;;
12.101;-0.4724513;1.4;;
12.122;-0.4233761;1.4;;
12.124;-0.4227987;1.4;;
12.125;-0.4227987;1.4;;
12.144;-0.3740261;1.4;;
12.166;-0.3251107;1.4;;
12.168;-0.3245641;1.4;;
12.188;-0.2766646;1.4;;
12.189;-0.2756489;1.4;;
12.209;-0.2269751;1.4;;
12.211;-0.2264602;1.4;;
12.231;-0.1784934;1.4;;
12.233;-0.1774714;1.4;;
12.254;-0.1282602;1.4;;
12.256;-0.127787;1.4;;
12.277;-0.08039875;1.4;;
12.279;-0.07940443;1.4;;
12.301;-0.03090877;1.4;;
12.302;-0.02977928;1.4;;
12.324;0.01820457;1.4;;
12.325;0.01906416;1.4;;
12.346;0.06795236;1.4;;
12.347;0.06845004;1.4;;
12.348;0.06851941;1.4;;
12.368;0.1172828;1.4;;
12.39;0.1656184;1.4;;
12.392;0.1665871;1.4;;
12.3987956;;;-0.498025688469736;-0.000855026914668919
12.39;0.1656184;1.4;;
12.392;0.1665871;1.4;;
12.413;0.2151104;1.4;;
12.415;0.216095;1.4;;
12.437;0.2651522;1.4;;
12.439;0.2651522;1.4;;
12.46;0.3139775;1.4;;
12.461;0.3144554;1.4;;
12.462;0.3145543;1.4;;
12.463;0.3145543;1.4;;
12.483;0.3637512;1.4;;
12.504;0.4121116;1.4;;
12.506;0.4126114;1.4;;
12.526;0.4612049;1.4;;
12.527;0.4618031;1.4;;
12.528;0.4618031;1.4;;
12.548;0.509604;1.4;;
12.549;0.5103103;1.4;;
12.557;0.5108212;1.4;;
12.572;0.5670946;1.4;;
12.592;0.6082222;1.4;;
12.594;0.6086761;1.4;;
12.614;0.6576931;1.4;;
12.615;0.658192;1.4;;
12.637;0.7073738;1.4;;
12.638;0.7079419;1.4;;
12.659;0.7552679;1.4;;
12.66;0.7563985;1.4;;
12.681;0.8052068;1.4;;
12.682;0.8057954;1.4;;
12.7000949;;;-0.485943399112442;-0.241446955232087
12.703;0.853307;1.4;;
12.705;0.8543275;1.4;;
12.726;0.9036048;1.4;;
12.727;0.9040684;1.4;;
12.748;0.9522821;1.4;;
12.75;0.9534208;1.4;;
12.771;1.001704;1.4;;
12.772;1.002179;1.4;;
12.793;1.050806;1.4;;
12.794;1.051276;1.4;;
12.815;1.099173;1.4;;
12.817;1.100171;1.4;;
12.837;1.149177;1.4;;
12.838;1.149638;1.4;;
12.86;1.1976;1.4;;
12.86;1.198179;1.4;;
12.881;1.247498;1.4;;
12.882;1.247985;1.4;;
12.904;1.296545;1.4;;
12.905;1.296979;1.4;;
12.925;1.345807;1.4;;
12.926;1.346329;1.4;;
12.948;1.395291;1.4;;
12.949;1.395737;1.4;;
12.969;1.443867;1.4;;
12.97;1.444366;1.4;;
12.991;1.493376;1.4;;
12.992;1.4938;1.4;;
13.0013942;;;-0.498899258976164;-0.487400274169877
13.013;1.541517;1.4;;
13.014;1.54266;1.4;;
13.034;1.567979;1.4;;
13.036;1.588817;1.4;;
13.057;1.616872;1.4;;
13.058;1.637615;1.4;;
13.079;1.665985;1.4;;
13.08;1.68653;1.4;;
13.101;1.714897;1.4;;
13.102;1.735992;1.4;;
13.123;1.764562;1.4;;
13.124;1.78525;1.4;;
13.146;1.813012;1.4;;
13.147;1.832846;1.4;;
13.168;1.862593;1.4;;
13.169;1.882576;1.4;;
13.19;1.911204;1.4;;
13.192;1.911787;1.4;;
13.212;1.961566;1.4;;
13.213;1.961566;1.4;;
13.233;2.009497;1.4;;
13.254;2.058155;1.4;;
13.255;2.058647;1.4;;
13.256;2.058726;1.4;;
13.276;2.10742;1.4;;
13.298;2.156698;1.4;;
13.299;2.157261;1.4;;
13.3;2.157261;1.4;;
13.3031955;;;-0.497243046149491;-0.495027848176958
13.254;2.058155;1.4;;
13.255;2.058647;1.4;;
13.256;2.058726;1.4;;
13.276;2.10742;1.4;;
13.298;2.156698;1.4;;
13.299;2.157261;1.4;;
13.3;2.157261;1.4;;
13.32;2.205648;1.4;;
13.342;2.255041;1.4;;
13.342;2.255616;1.4;;
13.363;2.304171;1.4;;
13.364;2.304589;1.4;;
13.385;2.35402;1.4;;
13.386;2.35402;1.4;;
13.406;2.401522;1.4;;
13.408;2.402875;1.4;;
13.428;2.451791;1.4;;
13.43;2.452276;1.4;;
13.452;2.500903;1.4;;
13.473;2.550319;1.4;;
13.474;2.550897;1.4;;
13.494;2.599352;1.4;;
13.495;2.599859;1.4;;
13.516;2.648815;1.4;;
13.537;2.672895;1.4;;
13.6049963;;;-0.497566325634377;-0.494913007468118
13.254;2.058155;1.4;;
13.255;2.058647;1.4;;
13.256;2.058726;1.4;;
13.276;2.10742;1.4;;
13.298;2.156698;1.4;;
13.299;2.157261;1.4;;
13.3;2.157261;1.4;;
13.32;2.205648;1.4;;
13.342;2.255041;1.4;;
13.342;2.255616;1.4;;
13.363;2.304171;1.4;;
13.364;2.304589;1.4;;
13.385;2.35402;1.4;;
13.386;2.35402;1.4;;
13.406;2.401522;1.4;;
13.408;2.402875;1.4;;
13.428;2.451791;1.4;;
13.43;2.452276;1.4;;
13.452;2.500903;1.4;;
13.473;2.550319;1.4;;
13.474;2.550897;1.4;;
13.494;2.599352;1.4;;
13.495;2.599859;1.4;;
13.516;2.648815;1.4;;
13.537;2.672895;1.4;;
13.9067976;;;-0.497566325634377;-0.497818739098602
13.254;2.058155;1.4;;
13.255;2.058647;1.4;;
13.256;2.058726;1.4;;
13.276;2.10742;1.4;;
13.298;2.156698;1.4;;
13.299;2.157261;1.4;;
13.3;2.157261;1.4;;
13.32;2.205648;1.4;;
13.342;2.255041;1.4;;
13.342;2.255616;1.4;;
13.363;2.304171;1.4;;
13.364;2.304589;1.4;;
13.385;2.35402;1.4;;
13.386;2.35402;1.4;;
13.406;2.401522;1.4;;
13.408;2.402875;1.4;;
13.428;2.451791;1.4;;
13.43;2.452276;1.4;;
13.452;2.500903;1.4;;
13.473;2.550319;1.4;;
13.474;2.550897;1.4;;
13.494;2.599352;1.4;;
13.495;2.599859;1.4;;
13.516;2.648815;1.4;;
13.537;2.672895;1.4;;
14.2080969;;;-0.497566325634377;-0.497485505763155
13.32;2.205648;1.4;;
13.342;2.255041;1.4;;
13.342;2.255616;1.4;;
13.363;2.304171;1.4;;
13.364;2.304589;1.4;;
13.385;2.35402;1.4;;
13.386;2.35402;1.4;;
13.406;2.401522;1.4;;
13.408;2.402875;1.4;;
13.428;2.451791;1.4;;
13.43;2.452276;1.4;;
13.452;2.500903;1.4;;
13.473;2.550319;1.4;;
13.474;2.550897;1.4;;
13.494;2.599352;1.4;;
13.495;2.599859;1.4;;
13.516;2.648815;1.4;;
13.537;2.672895;1.4;;
14.5103995;;;-0.413745951026729;-0.476611231982465
14.516;1.205032;1.4;;
14.8111975;;;0;-0.35221965057387
14.516;1.205032;1.4;;
15.112998;;;0;-0.227828069165276
14.516;1.205032;1.4;;
15.4142978;;;0;-0.103436487756682
15.495;-0.9562305;1.4;;
15.516;-1.004971;1.4;;
15.608;-1.201876;1.4;;
15.609;-1.202247;1.4;;
15.629;-1.250947;1.4;;
15.651;-1.299826;1.4;;
15.652;-1.300292;1.4;;
15.673;-1.349169;1.4;;
15.674;-1.349609;1.4;;
15.697;-1.398284;1.4;;
15.698;-1.398732;1.4;;
15.7160986;;;0.302287046929672;0.075571761732418
15.718;-1.447156;1.4;;
15.72;-1.447695;1.4;;
15.721;-1.447739;1.4;;
15.742;-1.496335;1.4;;
15.764;-1.545643;1.4;;
15.772;-1.569998;1.4;;
15.786;-1.595737;1.4;;
15.787;-1.596107;1.4;;
15.855;-1.74215;1.4;;
15.857;-1.742632;1.4;;
15.858;-1.742677;1.4;;
15.859;-1.742685;1.4;;
15.86;-1.742686;1.4;;
15.861;-1.763575;1.4;;
15.863;-1.767282;1.4;;
15.879;-1.791722;1.4;;
15.88;-1.792016;1.4;;
15.9;-1.840618;1.4;;
15.922;-1.890022;1.4;;
15.923;-1.890464;1.4;;
15.943;-1.938641;1.4;;
15.944;-1.939109;1.4;;
15.966;-1.987854;1.4;;
15.967;-1.988236;1.4;;
15.988;-2.036678;1.4;;
15.989;-2.037145;1.4;;
16.01;-2.086522;1.4;;
16.011;-2.087001;1.4;;
16.0173982;;;0.427580855141793;0.182466975517866
16.01;-2.086522;1.4;;
16.011;-2.087001;1.4;;
16.032;-2.13537;1.4;;
16.033;-2.135854;1.4;;
16.054;-2.18466;1.4;;
16.055;-2.185102;1.4;;
16.055;-2.185175;1.4;;
16.075;-2.234104;1.4;;
16.076;-2.234611;1.4;;
16.078;-2.234696;1.4;;
16.099;-2.282552;1.4;;
16.1;-2.283026;1.4;;
16.122;-2.332253;1.4;;
16.123;-2.332731;1.4;;
16.145;-2.381173;1.4;;
16.146;-2.381645;1.4;;
16.167;-2.430413;1.4;;
16.168;-2.430811;1.4;;
16.188;-2.479435;1.4;;
16.21;-2.527934;1.4;;
16.211;-2.528847;1.4;;
16.212;-2.529009;1.4;;
16.233;-2.577927;1.4;;
16.284;-2.676011;1.4;;
16.298;-2.725885;1.4;;
16.3;-2.727447;1.4;;
16.3191992;;;-0.408577166732516;0.0803226838347374
16.032;-2.13537;1.4;;
16.033;-2.135854;1.4;;
16.054;-2.18466;1.4;;
16.055;-2.185102;1.4;;
16.055;-2.185175;1.4;;
16.075;-2.234104;1.4;;
16.076;-2.234611;1.4;;
16.078;-2.234696;1.4;;
16.099;-2.282552;1.4;;
16.1;-2.283026;1.4;;
16.122;-2.332253;1.4;;
16.123;-2.332731;1.4;;
16.145;-2.381173;1.4;;
16.146;-2.381645;1.4;;
16.167;-2.430413;1.4;;
16.168;-2.430811;1.4;;
16.188;-2.479435;1.4;;
16.21;-2.527934;1.4;;
16.211;-2.528847;1.4;;
16.212;-2.529009;1.4;;
16.233;-2.577927;1.4;;
16.284;-2.676011;1.4;;
16.298;-2.725885;1.4;;
16.3;-2.727447;1.4;;
16.324;-2.773613;1.4;;
16.6210202;;;-0.423099109016333;-0.0254520934193459
16.032;-2.13537;1.4;;
16.033;-2.135854;1.4;;
16.054;-2.18466;1.4;;
16.055;-2.185102;1.4;;
16.055;-2.185175;1.4;;
16.075;-2.234104;1.4;;
16.076;-2.234611;1.4;;
16.078;-2.234696;1.4;;
16.099;-2.282552;1.4;;
16.1;-2.283026;1.4;;
16.122;-2.332253;1.4;;
16.123;-2.332731;1.4;;
16.145;-2.381173;1.4;;
16.146;-2.381645;1.4;;
16.167;-2.430413;1.4;;
16.168;-2.430811;1.4;;
16.188;-2.479435;1.4;;
16.21;-2.527934;1.4;;
16.211;-2.528847;1.4;;
16.212;-2.529009;1.4;;
16.233;-2.577927;1.4;;
16.284;-2.676011;1.4;;
16.298;-2.725885;1.4;;
16.3;-2.727447;1.4;;
16.324;-2.773613;1.4;;
16.9228218;;;-0.423099109016333;-0.206798632405847
16.967;-1.845353;1.4;;
16.968;-1.845054;1.4;;
16.988;-1.82039;1.4;;
16.99;-1.798952;1.4;;
17.118;-1.526692;1.4;;
17.12;-1.525773;1.4;;
17.14;-1.476913;1.4;;
17.141;-1.47629;1.4;;
17.162;-1.427809;1.4;;
17.163;-1.427376;1.4;;
17.183;-1.379027;1.4;;
17.184;-1.378216;1.4;;
17.185;-1.377816;1.4;;
17.206;-1.330563;1.4;;
17.207;-1.329127;1.4;;
17.2241208;;;0.245918864378847;-0.252214130096584
17.118;-1.526692;1.4;;
17.12;-1.525773;1.4;;
17.14;-1.476913;1.4;;
17.141;-1.47629;1.4;;
17.162;-1.427809;1.4;;
17.163;-1.427376;1.4;;
17.183;-1.379027;1.4;;
17.184;-1.378216;1.4;;
17.185;-1.377816;1.4;;
17.206;-1.330563;1.4;;
17.207;-1.329127;1.4;;
17.228;-1.280338;1.4;;
17.23;-1.279766;1.4;;
17.231;-1.279766;1.4;;
17.251;-1.230618;1.4;;
17.251;-1.230618;1.4;;
17.252;-1.230618;1.4;;
17.253;-1.230618;1.4;;
17.272;-1.181233;1.4;;
17.273;-1.181233;1.4;;
17.274;-1.181233;1.4;;
17.294;-1.132934;1.4;;
17.295;-1.132315;1.4;;
17.316;-1.084065;1.4;;
17.318;-1.083061;1.4;;
17.346;-1.034242;1.4;;
17.359;-0.9841575;1.4;;
17.36;-0.9832076;1.4;;
17.404;-0.886912;1.4;;
17.5254206;;;0.438946967339307;-0.0403330965786278
17.62;-0.4197131;1.4;;
17.621;-0.4192866;1.4;;
17.621;-0.4192138;1.4;;
17.641;-0.3705099;1.4;;
17.642;-0.3700002;1.4;;
17.663;-0.3218976;1.4;;
17.664;-0.3213241;1.4;;
17.685;-0.2725876;1.4;;
17.686;-0.271994;1.4;;
17.707;-0.223123;1.4;;
17.709;-0.2226194;1.4;;
17.729;-0.174069;1.4;;
17.73;-0.1735571;1.4;;
17.751;-0.125299;1.4;;
17.752;-0.1248237;1.4;;
17.773;-0.07614152;1.4;;
17.774;-0.07569153;1.4;;
17.775;-0.07558709;1.4;;
17.775;-0.07556912;1.4;;
17.794;-0.02650977;1.4;;
17.795;-0.02601538;1.4;;
17.796;-0.02590622;1.4;;
17.796;-0.02588748;1.4;;
17.816;0.02205368;1.4;;
17.817;0.02253002;1.4;;
17.818;0.02265649;1.4;;
17.819;0.02265649;1.4;;
17.8272219;;;-0.466807779368387;-0.0512602641666413
17.839;0.0710416;1.4;;
17.84;0.07145701;1.4;;
17.996;0.4162195;1.4;;
17.996;0.4162194;1.4;;
17.997;0.4162194;1.4;;
18.017;0.4640909;1.4;;
18.018;0.4651056;1.4;;
18.039;0.5137366;1.4;;
18.041;0.5142355;1.4;;
18.062;0.5631648;1.4;;
18.063;0.5636384;1.4;;
18.083;0.5881248;1.4;;
18.084;0.6081961;1.4;;
18.085;0.6113496;1.4;;
18.086;0.6122233;1.4;;
18.086;0.6123526;1.4;;
18.107;0.6613977;1.4;;
18.107;0.6619912;1.4;;
18.108;0.6619912;1.4;;
18.109;0.6619912;1.4;;
18.128;0.7103482;1.4;;
18.1290225;;;0.352190854794654;0.142562226786105
18.128;0.7103482;1.4;;
18.129;0.7108738;1.4;;
18.13;0.7108994;1.4;;
18.131;0.7109773;1.4;;
18.151;0.7354731;1.4;;
18.151;0.7493763;1.4;;
18.172;0.7846472;1.4;;
18.173;0.8056464;1.4;;
18.174;0.8088561;1.4;;
18.175;0.8093075;1.4;;
18.175;0.8093849;1.4;;
18.195;0.833905;1.4;;
18.196;0.8532174;1.4;;
18.261;0.9809545;1.4;;
18.282;1.029847;1.4;;
18.283;1.030336;1.4;;
18.304;1.078944;1.4;;
18.305;1.079373;1.4;;
18.326;1.128455;1.4;;
18.327;1.128905;1.4;;
18.347;1.177249;1.4;;
18.349;1.177773;1.4;;
18.369;1.226111;1.4;;
18.37;1.226616;1.4;;
18.391;1.275696;1.4;;
18.392;1.276162;1.4;;
18.413;1.324875;1.4;;
18.414;1.325278;1.4;;
18.4303218;;;-0.466828362391289;-0.0356245799064287
18.478;1.471879;1.4;;
18.498;1.521508;1.4;;
18.499;1.522122;1.4;;
18.5;1.522122;1.4;;
18.521;1.5711;1.4;;
18.522;1.5711;1.4;;
18.522;1.5711;1.4;;
18.542;1.619618;1.4;;
18.543;1.620215;1.4;;
18.544;1.620215;1.4;;
18.544;1.620215;1.4;;
18.564;1.669042;1.4;;
18.565;1.669551;1.4;;
18.586;1.693976;1.4;;
18.587;1.713622;1.4;;
18.588;1.717596;1.4;;
18.609;1.765921;1.4;;
18.61;1.766667;1.4;;
18.611;1.767493;1.4;;
18.632;1.816346;1.4;;
18.633;1.816831;1.4;;
18.634;1.816909;1.4;;
18.634;1.816941;1.4;;
18.654;1.86613;1.4;;
18.655;1.86613;1.4;;
18.655;1.86613;1.4;;
18.676;1.914902;1.4;;
18.677;1.91538;1.4;;
18.698;1.963382;1.4;;
18.699;1.963855;1.4;;
18.7;1.963925;1.4;;
18.7;1.963937;1.4;;
18.721;2.012516;1.4;;
18.7321231;;;-0.37892968191545;-0.240093742220118
18.721;2.012516;1.4;;
18.743;2.062124;1.4;;
18.744;2.062606;1.4;;
18.745;2.062673;1.4;;
18.766;2.111231;1.4;;
18.788;2.160199;1.4;;
18.789;2.160647;1.4;;
18.79;2.160735;1.4;;
18.791;2.160749;1.4;;
18.811;2.209371;1.4;;
18.812;2.209807;1.4;;
18.833;2.257576;1.4;;
18.834;2.258378;1.4;;
18.835;2.258811;1.4;;
18.855;2.306507;1.4;;
18.857;2.30777;1.4;;
18.878;2.355717;1.4;;
18.879;2.356592;1.4;;
18.9;2.405935;1.4;;
18.901;2.406379;1.4;;
18.902;2.406515;1.4;;
18.923;2.455929;1.4;;
18.923;2.455929;1.4;;
18.924;2.455929;1.4;;
18.924;2.455929;1.4;;
18.945;2.504519;1.4;;
18.946;2.505004;1.4;;
18.967;2.553716;1.4;;
18.968;2.55417;1.4;;
18.989;2.602735;1.4;;
18.991;2.603233;1.4;;
19.013;2.651603;1.4;;
19.0334229;;;-0.453610805555631;-0.236794498766929
19.034;2.700926;1.4;;
19.035;2.700953;1.4;;
19.035;2.70119;1.4;;
19.036;2.701465;1.4;;
19.057;2.749915;1.4;;
19.058;2.750352;1.4;;
19.059;2.7505;1.4;;
19.079;2.800121;1.4;;
19.079;2.800121;1.4;;
19.08;2.800121;1.4;;
19.124;2.898158;1.4;;
19.146;2.947392;1.4;;
19.147;2.947392;1.4;;
19.148;2.947392;1.4;;
19.169;2.996211;1.4;;
19.191;3;1.4;;
19.192;3;1.4;;
19.192;3;1.4;;
19.193;3;1.4;;
19.193;3;1.4;;
19.213;2.950981;1.4;;
19.214;2.950981;1.4;;
19.235;2.902545;1.4;;
19.236;2.902112;1.4;;
19.236;2.902041;1.4;;
19.237;2.901973;1.4;;
19.238;2.901958;1.4;;
19.259;2.852946;1.4;;
19.259;2.852946;1.4;;
19.26;2.852946;1.4;;
19.281;2.803577;1.4;;
19.303;2.754226;1.4;;
19.304;2.754226;1.4;;
19.305;2.754226;1.4;;
19.325;2.705304;1.4;;
19.3352237;;;-0.47623467767087;-0.44390088188331
19.325;2.705304;1.4;;
19.347;2.656105;1.4;;
19.348;2.656105;1.4;;
19.356;2.656105;1.4;;
19.357;2.656105;1.4;;
19.358;2.636091;1.4;;
19.37;2.607149;1.4;;
19.37;2.607018;1.4;;
19.371;2.606674;1.4;;
19.393;2.558361;1.4;;
19.394;2.557961;1.4;;
19.414;2.508853;1.4;;
19.416;2.508322;1.4;;
19.417;2.508264;1.4;;
19.417;2.508255;1.4;;
19.436;2.459599;1.4;;
19.458;2.410964;1.4;;
19.481;2.361482;1.4;;
19.482;2.361071;1.4;;
19.503;2.312592;1.4;;
19.621;2.068122;1.4;;
19.6365232;;;-0.477754577923663;-0.446632435766403
19.642;2.017489;1.4;;
19.643;2.01699;1.4;;
19.644;2.016916;1.4;;
19.645;2.016898;1.4;;
19.645;2.016895;1.4;;
19.664;1.968307;1.4;;
19.665;1.967661;1.4;;
19.666;1.967661;1.4;;
19.666;1.967661;1.4;;
19.686;1.919641;1.4;;
19.687;1.919167;1.4;;
19.688;1.919036;1.4;;
19.688;1.919036;1.4;;
19.708;1.869727;1.4;;
19.709;1.869727;1.4;;
19.709;1.869727;1.4;;
19.73;1.820672;1.4;;
19.731;1.820267;1.4;;
19.751;1.77283;1.4;;
19.752;1.772101;1.4;;
19.753;1.771743;1.4;;
19.754;1.771685;1.4;;
19.754;1.771679;1.4;;
19.755;1.771666;1.4;;
19.774;1.723102;1.4;;
19.774;1.722817;1.4;;
19.795;1.674372;1.4;;
19.797;1.673385;1.4;;
19.797;1.673321;1.4;;
19.798;1.673261;1.4;;
19.799;1.673245;1.4;;
19.817;1.624945;1.4;;
19.819;1.624448;1.4;;
19.819;1.624445;1.4;;
19.84;1.575263;1.4;;
19.841;1.574777;1.4;;
19.842;1.574706;1.4;;
19.843;1.574685;1.4;;
19.863;1.527052;1.4;;
19.871;1.525406;1.4;;
19.872;1.506562;1.4;;
19.873;1.502447;1.4;;
19.874;1.501552;1.4;;
19.874;1.501398;1.4;;
19.885;1.476923;1.4;;
19.886;1.476031;1.4;;
19.907;1.428106;1.4;;
19.908;1.427659;1.4;;
19.909;1.427569;1.4;;
19.909;1.427554;1.4;;
19.91;1.427548;1.4;;
19.929;1.379177;1.4;;
19.93;1.378727;1.4;;
19.931;1.378586;1.4;;
19.9383243;;;-0.438710538131997;-0.46157764982054
19.929;1.379177;1.4;;
19.93;1.378727;1.4;;
19.931;1.378586;1.4;;
19.952;1.329565;1.4;;
19.952;1.329383;1.4;;
19.954;1.329025;1.4;;
19.974;1.28231;1.4;;
19.976;1.280265;1.4;;
19.996;1.231112;1.4;;
19.997;1.230487;1.4;;
20.018;1.18313;1.4;;
20.019;1.182252;1.4;;
20.04;1.134385;1.4;;
20.041;1.13293;1.4;;
20.063;1.084048;1.4;;
20.064;1.083488;1.4;;
20.084;1.03533;1.4;;
20.085;1.034284;1.4;;
20.108;0.9851682;1.4;;
20.109;0.9847983;1.4;;
20.11;0.9846787;1.4;;
20.11;0.9846727;1.4;;
20.13;0.9380419;1.4;;
20.132;0.9368573;1.4;;
20.132;0.9367985;1.4;;
20.134;0.9363641;1.4;;
20.153;0.8875201;1.4;;
20.175;0.8371354;1.4;;
20.177;0.8361322;1.4;;
20.198;0.7904273;1.4;;
20.2;0.7887716;1.4;;
20.219;0.7403865;1.4;;
20.222;0.7397585;1.4;;
20.2396235;;;0.39598348661626;-0.249179076777567
20.242;0.6912153;1.4;;
20.243;0.6907099;1.4;;
20.244;0.6906185;1.4;;
20.264;0.6410962;1.4;;
20.266;0.6410962;1.4;;
20.266;0.6410962;1.4;;
20.285;0.5926813;1.4;;
20.286;0.5921478;1.4;;
20.287;0.5920763;1.4;;
20.288;0.592062;1.4;;
20.31;0.5416704;1.4;;
20.311;0.5411962;1.4;;
20.312;0.5411056;1.4;;
20.334;0.4937679;1.4;;
20.335;0.4933849;1.4;;
20.336;0.4932752;1.4;;
20.344;0.4703716;1.4;;
20.356;0.4373817;1.4;;
20.357;0.4353448;1.4;;
20.358;0.4353448;1.4;;
20.377;0.3953508;1.4;;
20.378;0.3946495;1.4;;
20.379;0.3944136;1.4;;
20.38;0.3942947;1.4;;
20.402;0.3460832;1.4;;
20.402;0.3460832;1.4;;
20.403;0.3460832;1.4;;
20.403;0.3460832;1.4;;
20.424;0.2971762;1.4;;
20.425;0.2965884;1.4;;
20.425;0.2965884;1.4;;
20.426;0.2965884;1.4;;
20.446;0.2478178;1.4;;
20.447;0.2473091;1.4;;
20.448;0.247233;1.4;;
20.449;0.2472224;1.4;;
20.468;0.1988537;1.4;;
20.469;0.1982313;1.4;;
20.47;0.1982313;1.4;;
20.47;0.1982313;1.4;;
20.471;0.1982313;1.4;;
20.491;0.1487188;1.4;;
20.492;0.1480997;1.4;;
20.492;0.1480997;1.4;;
20.493;0.1480997;1.4;;
20.513;0.1008343;1.4;;
20.514;0.1004076;1.4;;
20.514;0.1002294;1.4;;
20.534;0.05079138;1.4;;
20.535;0.05079138;1.4;;
20.535;0.05079138;1.4;;
20.536;0.05079138;1.4;;
20.536;0.05079138;1.4;;
20.537;0.05079138;1.4;;
20.5414246;;;-0.496764916870315;-0.254311636577429
20.534;0.05079138;1.4;;
20.535;0.05079138;1.4;;
20.535;0.05079138;1.4;;
20.536;0.05079138;1.4;;
20.536;0.05079138;1.4;;
20.537;0.05079138;1.4;;
20.557;0.002261721;1.4;;
20.557;0.002261721;1.4;;
20.579;-0.04644114;1.4;;
20.58;-0.04686512;1.4;;
20.58;-0.04693709;1.4;;
20.581;-0.04699139;1.4;;
20.582;-0.04699943;1.4;;
20.601;-0.09696366;1.4;;
20.602;-0.09747548;1.4;;
20.602;-0.09756362;1.4;;
20.623;-0.1447501;1.4;;
20.624;-0.1453035;1.4;;
20.625;-0.1453035;1.4;;
20.625;-0.1453035;1.4;;
20.645;-0.194372;1.4;;
20.646;-0.1949888;1.4;;
20.646;-0.1949888;1.4;;
20.647;-0.1949888;1.4;;
20.669;-0.2430329;1.4;;
20.67;-0.2434092;1.4;;
20.67;-0.2434202;1.4;;
20.671;-0.2435927;1.4;;
20.691;-0.2923888;1.4;;
20.692;-0.2923888;1.4;;
20.692;-0.2923888;1.4;;
20.693;-0.2923888;1.4;;
20.693;-0.2923888;1.4;;
20.713;-0.3428447;1.4;;
20.714;-0.3428447;1.4;;
20.715;-0.3428447;1.4;;
20.734;-0.3904001;1.4;;
20.735;-0.3908551;1.4;;
20.735;-0.3909264;1.4;;
20.736;-0.3910044;1.4;;
20.757;-0.4389791;1.4;;
20.758;-0.4398468;1.4;;
20.759;-0.4407184;1.4;;
20.76;-0.4407184;1.4;;
20.78;-0.4892267;1.4;;
20.781;-0.4892267;1.4;;
20.781;-0.4892267;1.4;;
20.782;-0.4892267;1.4;;
20.822;-0.5875232;1.4;;
20.823;-0.5879555;1.4;;
20.825;-0.5880978;1.4;;
20.825;-0.5881246;1.4;;
20.826;-0.5881404;1.4;;
20.827;-0.5881404;1.4;;
20.827;-0.5881404;1.4;;
20.828;-0.5881404;1.4;;
20.8427239;;;-0.497759593056878;-0.259312890360732
20.846;-0.6351991;1.4;;
20.846;-0.6356215;1.4;;
20.847;-0.6363986;1.4;;
20.848;-0.6365107;1.4;;
20.87;-0.6872422;1.4;;
20.871;-0.6876474;1.4;;
20.871;-0.687833;1.4;;
20.872;-0.687833;1.4;;
20.892;-0.7332476;1.4;;
20.892;-0.7334607;1.4;;
20.894;-0.7347839;1.4;;
20.894;-0.7348469;1.4;;
20.913;-0.7824297;1.4;;
20.914;-0.783564;1.4;;
20.915;-0.7842965;1.4;;
20.916;-0.7842965;1.4;;
20.936;-0.8321149;1.4;;
20.937;-0.8329889;1.4;;
20.938;-0.833286;1.4;;
20.939;-0.833286;1.4;;
20.959;-0.8809279;1.4;;
20.96;-0.8815428;1.4;;
20.961;-0.8819808;1.4;;
20.961;-0.8820555;1.4;;
20.981;-0.9298201;1.4;;
20.982;-0.9309524;1.4;;
20.984;-0.9315858;1.4;;
20.984;-0.9315858;1.4;;
20.985;-0.9315858;1.4;;
21.004;-0.9802381;1.4;;
21.005;-0.9807432;1.4;;
21.005;-0.9808298;1.4;;
21.027;-1.029747;1.4;;
21.027;-1.03011;1.4;;
21.029;-1.030305;1.4;;
21.029;-1.030305;1.4;;
21.029;-1.030305;1.4;;
21.049;-1.079384;1.4;;
21.05;-1.0798;1.4;;
21.05;-1.079817;1.4;;
21.07;-1.126872;1.4;;
21.071;-1.127596;1.4;;
21.072;-1.127951;1.4;;
21.073;-1.128008;1.4;;
21.093;-1.176764;1.4;;
21.094;-1.177212;1.4;;
21.094;-1.177387;1.4;;
21.095;-1.177387;1.4;;
21.115;-1.225184;1.4;;
21.116;-1.22597;1.4;;
21.117;-1.226385;1.4;;
21.118;-1.226385;1.4;;
21.137;-1.275336;1.4;;
21.138;-1.275336;1.4;;
21.139;-1.275336;1.4;;
21.139;-1.275336;1.4;;
21.14;-1.275336;1.4;;
21.1445252;;;-0.498372628541135;-0.274228412963017
21.115;-1.225184;1.4;;
21.116;-1.22597;1.4;;
21.117;-1.226385;1.4;;
21.118;-1.226385;1.4;;
21.137;-1.275336;1.4;;
21.138;-1.275336;1.4;;
21.139;-1.275336;1.4;;
21.139;-1.275336;1.4;;
21.14;-1.275336;1.4;;
21.16;-1.324606;1.4;;
21.161;-1.324606;1.4;;
21.161;-1.324606;1.4;;
21.182;-1.372737;1.4;;
21.183;-1.373371;1.4;;
21.184;-1.373767;1.4;;
21.184;-1.373835;1.4;;
21.204;-1.422541;1.4;;
21.205;-1.42305;1.4;;
21.206;-1.42312;1.4;;
21.206;-1.423132;1.4;;
21.227;-1.470618;1.4;;
21.234;-1.471691;1.4;;
21.235;-1.496772;1.4;;
21.236;-1.496772;1.4;;
21.249;-1.522591;1.4;;
21.25;-1.52319;1.4;;
21.251;-1.523447;1.4;;
21.251;-1.523469;1.4;;
21.252;-1.523563;1.4;;
21.271;-1.570324;1.4;;
21.272;-1.570324;1.4;;
21.273;-1.570324;1.4;;
21.293;-1.618504;1.4;;
21.293;-1.618752;1.4;;
21.294;-1.619054;1.4;;
21.295;-1.619101;1.4;;
21.315;-1.667244;1.4;;
21.316;-1.66843;1.4;;
21.317;-1.668967;1.4;;
21.337;-1.717172;1.4;;
21.338;-1.717652;1.4;;
21.338;-1.717733;1.4;;
21.339;-1.717768;1.4;;
21.359;-1.76675;1.4;;
21.36;-1.767176;1.4;;
21.36;-1.76738;1.4;;
21.38;-1.815416;1.4;;
21.381;-1.815902;1.4;;
21.382;-1.815994;1.4;;
21.383;-1.816011;1.4;;
21.402;-1.864678;1.4;;
21.403;-1.865136;1.4;;
21.403;-1.865316;1.4;;
21.404;-1.865316;1.4;;
21.4460031;;;-0.498437313452399;-0.497833612980182
21.475;-2.012241;1.4;;
21.477;-2.012695;1.4;;
21.478;-2.012735;1.4;;
21.48;-2.034254;1.4;;
21.481;-2.036719;1.4;;
21.482;-2.037073;1.4;;
21.483;-2.037161;1.4;;
21.484;-2.037173;1.4;;
21.485;-2.037177;1.4;;
21.5;-2.062293;1.4;;
21.501;-2.06264;1.4;;
21.522;-2.110383;1.4;;
21.546;-2.160149;1.4;;
21.547;-2.177095;1.4;;
21.548;-2.182611;1.4;;
21.567;-2.209647;1.4;;
21.568;-2.209943;1.4;;
21.588;-2.258977;1.4;;
21.589;-2.258977;1.4;;
21.59;-2.258977;1.4;;
21.61;-2.307349;1.4;;
21.631;-2.356546;1.4;;
21.632;-2.35703;1.4;;
21.654;-2.405405;1.4;;
21.655;-2.406264;1.4;;
21.655;-2.406411;1.4;;
21.675;-2.454643;1.4;;
21.676;-2.455114;1.4;;
21.697;-2.50341;1.4;;
21.698;-2.504406;1.4;;
21.719;-2.552738;1.4;;
21.73;-2.576356;1.4;;
21.7478044;;;0.30590296601083;-0.297166642259895
21.764;-2.650416;1.4;;
21.765;-2.651584;1.4;;
21.785;-2.700364;1.4;;
21.83;-2.79797;1.4;;
21.832;-2.798922;1.4;;
21.854;-2.848539;1.4;;
21.875;-2.897439;1.4;;
21.876;-2.897439;1.4;;
21.897;-2.945071;1.4;;
21.898;-2.946529;1.4;;
21.919;-2.995133;1.4;;
21.92;-2.995609;1.4;;
21.921;-2.995689;1.4;;
21.941;-2.999945;1.4;;
21.942;-2.99999;1.4;;
21.963;-2.951592;1.4;;
21.964;-2.951172;1.4;;
21.964;-2.951115;1.4;;
21.984;-2.902486;1.4;;
21.985;-2.902038;1.4;;
22.006;-2.853085;1.4;;
22.007;-2.852592;1.4;;
22.028;-2.804089;1.4;;
22.029;-2.803643;1.4;;
22.03;-2.803537;1.4;;
22.031;-2.803512;1.4;;
22.0496049;;;0.104863333022767;-0.146510910739984
22.05;-2.754986;1.4;;
22.051;-2.754954;1.4;;
22.051;-2.754593;1.4;;
22.052;-2.754341;1.4;;
22.072;-2.705355;1.4;;
22.073;-2.705355;1.4;;
22.073;-2.705355;1.4;;
22.074;-2.705355;1.4;;
22.094;-2.656299;1.4;;
22.095;-2.655809;1.4;;
22.095;-2.655727;1.4;;
22.096;-2.65569;1.4;;
22.117;-2.607543;1.4;;
22.118;-2.607143;1.4;;
22.118;-2.607119;1.4;;
22.119;-2.606987;1.4;;
22.12;-2.606966;1.4;;
22.139;-2.55901;1.4;;
22.14;-2.558209;1.4;;
22.141;-2.557734;1.4;;
22.161;-2.53259;1.4;;
22.162;-2.515454;1.4;;
22.162;-2.512956;1.4;;
22.163;-2.508872;1.4;;
22.163;-2.508872;1.4;;
22.183;-2.484367;1.4;;
22.184;-2.472243;1.4;;
22.185;-2.462745;1.4;;
22.186;-2.460274;1.4;;
22.206;-2.412974;1.4;;
22.207;-2.411832;1.4;;
22.209;-2.410159;1.4;;
22.237;-2.361555;1.4;;
22.239;-2.361228;1.4;;
22.239;-2.361209;1.4;;
22.24;-2.361138;1.4;;
22.241;-2.340228;1.4;;
22.251;-2.310244;1.4;;
22.252;-2.308665;1.4;;
22.272;-2.263407;1.4;;
22.273;-2.262934;1.4;;
22.274;-2.262865;1.4;;
22.275;-2.262855;1.4;;
22.276;-2.262853;1.4;;
22.277;-2.262853;1.4;;
22.296;-2.213954;1.4;;
22.297;-2.21351;1.4;;
22.298;-2.213364;1.4;;
22.298;-2.21336;1.4;;
22.318;-2.164898;1.4;;
22.319;-2.164407;1.4;;
22.32;-2.164314;1.4;;
22.34;-2.115944;1.4;;
22.341;-2.115451;1.4;;
22.342;-2.115373;1.4;;
22.342;-2.115342;1.4;;
22.343;-2.115342;1.4;;
22.3514057;;;-0.462563924477345;-0.137558734724037
22.34;-2.115944;1.4;;
22.341;-2.115451;1.4;;
22.342;-2.115373;1.4;;
22.342;-2.115342;1.4;;
22.343;-2.115342;1.4;;
22.364;-2.090495;1.4;;
22.365;-2.090495;1.4;;
22.385;-2.018987;1.4;;
22.386;-2.017677;1.4;;
22.388;-2.017238;1.4;;
22.388;-2.017238;1.4;;
22.389;-2.017238;1.4;;
22.39;-2.017238;1.4;;
22.408;-1.970548;1.4;;
22.409;-1.969216;1.4;;
22.41;-1.968158;1.4;;
22.411;-1.968004;1.4;;
22.43;-1.921792;1.4;;
22.432;-1.920002;1.4;;
22.434;-1.918942;1.4;;
22.453;-1.870568;1.4;;
22.454;-1.870037;1.4;;
22.476;-1.821021;1.4;;
22.476;-1.820652;1.4;;
22.477;-1.820501;1.4;;
22.478;-1.82047;1.4;;
22.478;-1.820465;1.4;;
22.498;-1.773024;1.4;;
22.499;-1.772157;1.4;;
22.5;-1.771951;1.4;;
22.501;-1.771822;1.4;;
22.521;-1.72257;1.4;;
22.522;-1.721685;1.4;;
22.523;-1.721418;1.4;;
22.544;-1.672953;1.4;;
22.545;-1.672379;1.4;;
22.546;-1.672379;1.4;;
22.566;-1.623702;1.4;;
22.567;-1.623702;1.4;;
22.568;-1.623702;1.4;;
22.568;-1.623702;1.4;;
22.569;-1.623702;1.4;;
22.589;-1.574712;1.4;;
22.589;-1.574712;1.4;;
22.59;-1.574712;1.4;;
22.61;-1.524346;1.4;;
22.611;-1.523725;1.4;;
22.612;-1.523725;1.4;;
22.612;-1.523725;1.4;;
22.613;-1.523725;1.4;;
22.632;-1.476871;1.4;;
22.633;-1.476357;1.4;;
22.634;-1.476285;1.4;;
22.635;-1.47627;1.4;;
22.6527053;;;-0.489429733352515;-0.135306839699066
22.654;-1.427364;1.4;;
22.655;-1.426734;1.4;;
22.656;-1.426734;1.4;;
22.677;-1.376616;1.4;;
22.677;-1.37657;1.4;;
22.678;-1.376004;1.4;;
22.679;-1.376004;1.4;;
22.679;-1.376004;1.4;;
22.699;-1.329328;1.4;;
22.7;-1.328746;1.4;;
22.701;-1.328746;1.4;;
22.701;-1.328746;1.4;;
22.721;-1.280425;1.4;;
22.722;-1.279982;1.4;;
22.722;-1.27992;1.4;;
22.723;-1.279839;1.4;;
22.742;-1.231948;1.4;;
22.743;-1.231431;1.4;;
22.744;-1.231323;1.4;;
22.766;-1.181507;1.4;;
22.766;-1.181507;1.4;;
22.767;-1.181507;1.4;;
22.768;-1.181507;1.4;;
22.788;-1.132518;1.4;;
22.788;-1.132518;1.4;;
22.789;-1.132518;1.4;;
22.789;-1.132518;1.4;;
22.79;-1.132518;1.4;;
22.81;-1.083113;1.4;;
22.811;-1.083113;1.4;;
22.812;-1.083113;1.4;;
22.832;-1.03526;1.4;;
22.833;-1.034786;1.4;;
22.833;-1.034705;1.4;;
22.834;-1.034668;1.4;;
22.835;-1.03466;1.4;;
22.854;-0.9857441;1.4;;
22.855;-0.9852281;1.4;;
22.855;-0.9851416;1.4;;
22.876;-0.9365721;1.4;;
22.877;-0.9361748;1.4;;
22.878;-0.9360502;1.4;;
22.879;-0.9359937;1.4;;
22.899;-0.8865647;1.4;;
22.9;-0.8865647;1.4;;
22.9;-0.8865647;1.4;;
22.901;-0.8865647;1.4;;
22.901;-0.8865647;1.4;;
22.921;-0.8372425;1.4;;
22.922;-0.8372425;1.4;;
22.943;-0.7892047;1.4;;
22.944;-0.7886376;1.4;;
22.945;-0.7886376;1.4;;
22.945;-0.7886376;1.4;;
22.946;-0.7886376;1.4;;
22.946;-0.7886376;1.4;;
22.9540051;;;-0.469885314075961;-0.329253909720763
22.943;-0.7892047;1.4;;
22.944;-0.7886376;1.4;;
22.945;-0.7886376;1.4;;
22.945;-0.7886376;1.4;;
22.946;-0.7886376;1.4;;
22.946;-0.7886376;1.4;;
22.967;-0.7394964;1.4;;
22.967;-0.7394964;1.4;;
22.968;-0.7394964;1.4;;
22.969;-0.7394964;1.4;;
22.989;-0.6891394;1.4;;
22.989;-0.6891394;1.4;;
22.99;-0.6891394;1.4;;
23.011;-0.6410628;1.4;;
23.011;-0.6410628;1.4;;
23.012;-0.6410628;1.4;;
23.012;-0.6410628;1.4;;
23.013;-0.6410628;1.4;;
23.033;-0.5915602;1.4;;
23.034;-0.5915602;1.4;;
23.055;-0.5433257;1.4;;
23.056;-0.5428631;1.4;;
23.057;-0.5427501;1.4;;
23.057;-0.5427501;1.4;;
23.058;-0.5427501;1.4;;
23.059;-0.5427501;1.4;;
23.078;-0.4939449;1.4;;
23.079;-0.4934844;1.4;;
23.1;-0.4447397;1.4;;
23.101;-0.4443136;1.4;;
23.101;-0.4442526;1.4;;
23.102;-0.4441666;1.4;;
23.103;-0.4441531;1.4;;
23.129;-0.3961027;1.4;;
23.13;-0.395755;1.4;;
23.131;-0.395665;1.4;;
23.133;-0.3956378;1.4;;
23.134;-0.3763799;1.4;;
23.146;-0.3472377;1.4;;
23.148;-0.3459302;1.4;;
23.169;-0.2985235;1.4;;
23.171;-0.2970527;1.4;;
23.172;-0.2968512;1.4;;
23.172;-0.2968512;1.4;;
23.193;-0.2473031;1.4;;
23.194;-0.2473031;1.4;;
23.214;-0.1987371;1.4;;
23.215;-0.1981265;1.4;;
23.238;-0.1500141;1.4;;
23.2558056;;;-0.49664827392151;-0.479631811456833
24.054;0.1212014;1.4;;
24.055;0.1212014;1.4;;
24.055;0.1212014;1.4;;
24.075;0.1212014;1.4;;
24.076;0.1212014;1.4;;
24.097;0.1212014;1.4;;
24.117;0.1212014;1.4;;
24.118;0.1212014;1.4;;
24.139;0.1212014;1.4;;
24.14;0.1212014;1.4;;
24.16;0.1212014;1.4;;
24.161;0.1212014;1.4;;
24.181;0.1212014;1.4;;
24.182;0.1212014;1.4;;
24.183;0.1212014;1.4;;
24.31;0.1212014;1.4;;
24.33;0.1212014;1.4;;
24.331;0.1212014;1.4;;
24.332;0.1212014;1.4;;
24.333;0.1212014;1.4;;
24.333;0.1212014;1.4;;
24.3425797;;;0;-0.363990830337497
24.31;0.1212014;1.4;;
24.33;0.1212014;1.4;;
24.331;0.1212014;1.4;;
24.332;0.1212014;1.4;;
24.333;0.1212014;1.4;;
24.333;0.1212014;1.4;;
24.352;0.1449763;1.4;;
24.352;0.1451618;1.4;;
24.353;0.1452629;1.4;;
24.373;0.9119967;1.4;;
24.374;0.9216489;1.4;;
24.375;0.9216489;1.4;;
24.375;0.9216489;1.4;;
24.396;0.9696705;1.4;;
24.396;0.9696705;1.4;;
24.397;0.9696705;1.4;;
24.398;0.9696705;1.4;;
24.418;1.017876;1.4;;
24.419;1.018297;1.4;;
24.419;1.018495;1.4;;
24.441;1.06761;1.4;;
24.442;1.06761;1.4;;
24.443;1.06761;1.4;;
24.465;1.116431;1.4;;
24.466;1.116872;1.4;;
24.467;1.116965;1.4;;
24.467;1.116981;1.4;;
24.468;1.116988;1.4;;
24.494;1.165423;1.4;;
24.494;1.165462;1.4;;
24.495;1.165813;1.4;;
24.51;1.215776;1.4;;
24.511;1.216607;1.4;;
24.512;1.216607;1.4;;
24.512;1.216607;1.4;;
24.512;1.216607;1.4;;
24.532;1.265085;1.4;;
24.533;1.265527;1.4;;
24.533;1.265705;1.4;;
24.555;1.313052;1.4;;
24.556;1.313052;1.4;;
24.557;1.313052;1.4;;
24.557;1.313052;1.4;;
24.558;1.313052;1.4;;
24.577;1.36311;1.4;;
24.578;1.36311;1.4;;
24.579;1.36311;1.4;;
24.599;1.412498;1.4;;
24.601;1.412498;1.4;;
24.6521917;;;-0.375913418212189;-0.335611751552415
24.599;1.412498;1.4;;
24.601;1.412498;1.4;;
24.886;2.026305;1.4;;
24.9534915;;;0;-0.218140423033425
24.599;1.412498;1.4;;
24.601;1.412498;1.4;;
24.886;2.026305;1.4;;
25.2547911;;;0;-0.0939783545530472
25.403;2.85216;1.4;;
25.404;2.852501;1.4;;
25.405;2.85256;1.4;;
25.425;2.804218;1.4;;
25.427;2.803693;1.4;;
25.448;2.754127;1.4;;
25.449;2.754127;1.4;;
25.469;2.705053;1.4;;
25.47;2.704425;1.4;;
25.49;2.655653;1.4;;
25.492;2.655653;1.4;;
25.512;2.607226;1.4;;
25.513;2.606625;1.4;;
25.533;2.582412;1.4;;
25.535;2.560224;1.4;;
25.558;2.535814;1.4;;
25.5626081;;;0.206783444672765;-0.0422824933848559
25.563;2.5081;1.4;;
25.576;2.470754;1.4;;
25.577;2.470754;1.4;;
25.597;2.435008;1.4;;
25.619;2.385824;1.4;;
25.62;2.385824;1.4;;
25.621;2.385824;1.4;;
25.64;2.336209;1.4;;
25.661;2.287645;1.4;;
25.662;2.287224;1.4;;
25.682;2.238463;1.4;;
25.683;2.237964;1.4;;
25.707;2.188789;1.4;;
25.708;2.188789;1.4;;
25.729;2.140254;1.4;;
25.73;2.139776;1.4;;
25.751;2.091468;1.4;;
25.752;2.091018;1.4;;
25.773;2.042745;1.4;;
25.774;2.041773;1.4;;
25.795;1.992421;1.4;;
25.795;1.992421;1.4;;
25.817;1.943826;1.4;;
25.818;1.943441;1.4;;
25.838;1.894512;1.4;;
25.839;1.894072;1.4;;
25.859;1.845406;1.4;;
25.86;1.844908;1.4;;
25.8694218;;;-0.494864046769776;-0.0720201505242528
25.881;1.79583;1.4;;
25.882;1.795349;1.4;;
25.904;1.747262;1.4;;
25.905;1.74681;1.4;;
25.925;1.697966;1.4;;
25.926;1.69746;1.4;;
25.947;1.672372;1.4;;
25.948;1.648607;1.4;;
25.949;1.648607;1.4;;
25.949;1.648607;1.4;;
25.968;1.623354;1.4;;
25.969;1.623091;1.4;;
25.989;1.574784;1.4;;
25.99;1.5743;1.4;;
26.011;1.526052;1.4;;
26.012;1.525477;1.4;;
26.013;1.525477;1.4;;
26.013;1.525477;1.4;;
26.033;1.476544;1.4;;
26.062;1.427198;1.4;;
26.063;1.409156;1.4;;
26.075;1.370813;1.4;;
26.075;1.369993;1.4;;
26.096;1.329314;1.4;;
26.097;1.328913;1.4;;
26.098;1.328854;1.4;;
26.117;1.280295;1.4;;
26.118;1.279812;1.4;;
26.118;1.279728;1.4;;
26.119;1.279666;1.4;;
26.138;1.230932;1.4;;
26.139;1.230441;1.4;;
26.139;1.230356;1.4;;
26.14;1.230302;1.4;;
26.16;1.181443;1.4;;
26.16;1.181443;1.4;;
26.161;1.181443;1.4;;
26.162;1.181443;1.4;;
26.1712234;;;-0.497831238393863;-0.196477960122719
26.16;1.181443;1.4;;
26.16;1.181443;1.4;;
26.161;1.181443;1.4;;
26.162;1.181443;1.4;;
26.182;1.156296;1.4;;
26.183;1.139999;1.4;;
26.184;1.134568;1.4;;
26.204;1.107355;1.4;;
26.205;1.087726;1.4;;
26.206;1.084526;1.4;;
26.206;1.084234;1.4;;
26.207;1.083451;1.4;;
26.227;1.058399;1.4;;
26.227;1.033285;1.4;;
26.249;1.008743;1.4;;
26.25;0.9912512;1.4;;
26.25;0.9848288;1.4;;
26.251;0.9848288;1.4;;
26.252;0.9848288;1.4;;
26.252;0.9848288;1.4;;
26.271;0.9601135;1.4;;
26.272;0.9598663;1.4;;
26.272;0.9478525;1.4;;
26.294;0.9104407;1.4;;
26.295;0.8977426;1.4;;
26.295;0.8914176;1.4;;
26.296;0.8861749;1.4;;
26.316;0.8370275;1.4;;
26.317;0.8370275;1.4;;
26.318;0.8370275;1.4;;
26.318;0.8370275;1.4;;
26.319;0.8370275;1.4;;
26.339;0.7877548;1.4;;
26.34;0.7877548;1.4;;
26.341;0.7877548;1.4;;
26.361;0.7397662;1.4;;
26.362;0.7385461;1.4;;
26.363;0.7385461;1.4;;
26.363;0.7385461;1.4;;
26.364;0.7385461;1.4;;
26.383;0.713998;1.4;;
26.384;0.6972942;1.4;;
26.385;0.6919758;1.4;;
26.405;0.6415076;1.4;;
26.406;0.6407266;1.4;;
26.407;0.6403492;1.4;;
26.408;0.6402791;1.4;;
26.429;0.5917196;1.4;;
26.43;0.5912927;1.4;;
26.431;0.591175;1.4;;
26.431;0.5911574;1.4;;
26.432;0.5911352;1.4;;
26.452;0.5426707;1.4;;
26.452;0.542055;1.4;;
26.453;0.542055;1.4;;
26.454;0.542055;1.4;;
26.4730242;;;-0.497186016715371;-0.320774464301561
26.473;0.4936796;1.4;;
26.474;0.4936489;1.4;;
26.475;0.4936347;1.4;;
26.476;0.4936078;1.4;;
26.5;0.4453009;1.4;;
26.501;0.4432244;1.4;;
26.506;0.4369618;1.4;;
26.518;0.3905572;1.4;;
26.519;0.3895788;1.4;;
26.52;0.3895788;1.4;;
26.569;0.2963012;1.4;;
26.593;0.2478209;1.4;;
26.594;0.2474583;1.4;;
26.619;0.1747646;1.4;;
26.642;0.1248526;1.4;;
26.643;0.1243137;1.4;;
26.665;0.07588416;1.4;;
26.666;0.0754282;1.4;;
26.687;0.02691156;1.4;;
26.688;0.02646166;1.4;;
26.708;-0.02190017;1.4;;
26.71;-0.02249441;1.4;;
26.732;-0.0717559;1.4;;
26.732;-0.0717559;1.4;;
26.733;-0.0717559;1.4;;
26.734;-0.0717559;1.4;;
26.754;-0.1208049;1.4;;
26.755;-0.1208049;1.4;;
26.756;-0.1208049;1.4;;
26.7743243;;;-0.272777778882429;-0.44066477019036
26.798;-0.2184914;1.4;;
26.799;-0.2189638;1.4;;
26.82;-0.2676301;1.4;;
26.821;-0.2680632;1.4;;
26.841;-0.3163693;1.4;;
26.863;-0.3661801;1.4;;
26.931;-0.5134327;1.4;;
27.065;-0.8096868;1.4;;
27.066;-0.8101531;1.4;;
27.067;-0.81022;1.4;;
27.077;-0.8102393;1.4;;
27.078;-0.8102397;1.4;;
27.0791327;;;-0.454442291565469;-0.430559331389283
27.065;-0.8096868;1.4;;
27.066;-0.8101531;1.4;;
27.067;-0.81022;1.4;;
27.077;-0.8102393;1.4;;
27.078;-0.8102397;1.4;;
27.079;-0.8299801;1.4;;
27.08;-0.8327667;1.4;;
27.081;-0.8333825;1.4;;
27.082;-0.8335182;1.4;;
27.092;-0.8644491;1.4;;
27.093;-0.8650817;1.4;;
27.094;-0.8651767;1.4;;
27.095;-0.8651898;1.4;;
27.117;-0.9074624;1.4;;
27.118;-0.9078466;1.4;;
27.118;-0.9079111;1.4;;
27.119;-0.9079443;1.4;;
27.12;-0.9079443;1.4;;
27.144;-0.9807956;1.4;;
27.145;-0.9807956;1.4;;
27.145;-0.9807956;1.4;;
27.146;-0.9807956;1.4;;
27.169;-1.030277;1.4;;
27.169;-1.030456;1.4;;
27.17;-1.030826;1.4;;
27.17;-1.030826;1.4;;
27.171;-1.030826;1.4;;
27.19;-1.079087;1.4;;
27.191;-1.079087;1.4;;
27.212;-1.128605;1.4;;
27.213;-1.128605;1.4;;
27.234;-1.17774;1.4;;
27.235;-1.17774;1.4;;
27.256;-1.226996;1.4;;
27.257;-1.226996;1.4;;
27.323;-1.374515;1.4;;
27.344;-1.423286;1.4;;
27.3884537;;;-0.39479621759077;-0.40480057618851
27.412;-1.57056;1.4;;
27.434;-1.619642;1.4;;
27.434;-1.619642;1.4;;
27.436;-1.619642;1.4;;
27.456;-1.669044;1.4;;
27.457;-1.669044;1.4;;
27.479;-1.718474;1.4;;
27.48;-1.718474;1.4;;
27.501;-1.767402;1.4;;
27.503;-1.767402;1.4;;
27.524;-1.816259;1.4;;
27.525;-1.816259;1.4;;
27.546;-1.865594;1.4;;
27.569;-1.929546;1.4;;
27.59;-1.964205;1.4;;
27.592;-1.964205;1.4;;
27.592;-1.964205;1.4;;
27.613;-2.013068;1.4;;
27.635;-2.062474;1.4;;
27.657;-2.110559;1.4;;
27.679;-2.159953;1.4;;
27.6902543;;;0.277098100537067;-0.2112295468754
27.746;-2.307375;1.4;;
27.748;-2.307868;1.4;;
27.768;-2.356117;1.4;;
27.769;-2.356612;1.4;;
27.77;-2.356688;1.4;;
27.791;-2.40607;1.4;;
27.792;-2.406556;1.4;;
27.814;-2.45465;1.4;;
27.815;-2.455075;1.4;;
27.836;-2.503693;1.4;;
27.837;-2.504188;1.4;;
27.859;-2.553465;1.4;;
27.881;-2.602249;1.4;;
27.882;-2.602631;1.4;;
27.904;-2.651439;1.4;;
27.904;-2.651566;1.4;;
27.905;-2.651873;1.4;;
27.905;-2.651904;1.4;;
27.925;-2.700695;1.4;;
27.926;-2.701205;1.4;;
27.927;-2.701286;1.4;;
27.947;-2.750055;1.4;;
27.948;-2.750556;1.4;;
27.949;-2.750643;1.4;;
27.97;-2.799136;1.4;;
27.97;-2.799427;1.4;;
27.971;-2.799673;1.4;;
27.972;-2.79971;1.4;;
27.973;-2.799722;1.4;;
27.992;-2.82391;1.4;;
27.9920556;;;0.460926731788853;-0.0278034192075801
27.992;-2.82391;1.4;;
27.993;-2.848119;1.4;;
28.014;-2.897162;1.4;;
28.015;-2.897813;1.4;;
28.016;-2.898002;1.4;;
28.017;-2.898002;1.4;;
28.036;-2.946138;1.4;;
28.037;-2.94664;1.4;;
28.038;-2.946747;1.4;;
28.038;-2.946766;1.4;;
28.066;-2.995922;1.4;;
28.066;-2.995924;1.4;;
28.067;-2.99637;1.4;;
28.067;-2.99637;1.4;;
28.082;-2.999938;1.4;;
28.083;-2.999981;1.4;;
28.104;-2.951022;1.4;;
28.105;-2.950611;1.4;;
28.106;-2.95049;1.4;;
28.106;-2.950475;1.4;;
28.126;-2.902239;1.4;;
28.127;-2.901745;1.4;;
28.128;-2.901667;1.4;;
28.129;-2.901646;1.4;;
28.148;-2.853421;1.4;;
28.149;-2.852899;1.4;;
28.15;-2.85282;1.4;;
28.15;-2.852807;1.4;;
28.171;-2.804018;1.4;;
28.171;-2.803707;1.4;;
28.172;-2.803475;1.4;;
28.193;-2.755242;1.4;;
28.193;-2.755065;1.4;;
28.194;-2.754067;1.4;;
28.214;-2.705921;1.4;;
28.215;-2.705419;1.4;;
28.216;-2.705343;1.4;;
28.217;-2.705332;1.4;;
28.238;-2.655727;1.4;;
28.239;-2.655257;1.4;;
28.26;-2.60723;1.4;;
28.261;-2.606834;1.4;;
28.261;-2.606821;1.4;;
28.262;-2.6067;1.4;;
28.281;-2.58287;1.4;;
28.282;-2.567448;1.4;;
28.2933554;;;-0.40991461662675;-0.0166715004729001
28.281;-2.58287;1.4;;
28.282;-2.567448;1.4;;
28.305;-2.508565;1.4;;
28.306;-2.508565;1.4;;
28.326;-2.484083;1.4;;
28.327;-2.459447;1.4;;
28.328;-2.459447;1.4;;
28.351;-2.410159;1.4;;
28.352;-2.410159;1.4;;
28.373;-2.360966;1.4;;
28.396;-2.312321;1.4;;
28.417;-2.263229;1.4;;
28.418;-2.26274;1.4;;
28.419;-2.262668;1.4;;
28.42;-2.262655;1.4;;
28.441;-2.213585;1.4;;
28.484;-2.115548;1.4;;
28.485;-2.115548;1.4;;
28.506;-2.066438;1.4;;
28.507;-2.066005;1.4;;
28.507;-2.065938;1.4;;
28.529;-2.017646;1.4;;
28.53;-2.017231;1.4;;
28.537;-2.017094;1.4;;
28.551;-1.96933;1.4;;
28.552;-1.96867;1.4;;
28.573;-1.919172;1.4;;
28.574;-1.918712;1.4;;
28.575;-1.918577;1.4;;
28.575;-1.918577;1.4;;
28.576;-1.918577;1.4;;
28.576;-1.918577;1.4;;
28.5946549;;;-0.482175055721022;-0.0385162100054629
28.595;-1.869527;1.4;;
28.596;-1.869527;1.4;;
28.596;-1.870718;1.4;;
28.597;-1.869887;1.4;;
28.618;-1.821251;1.4;;
28.619;-1.820315;1.4;;
28.62;-1.820123;1.4;;
28.62;-1.82009;1.4;;
28.64;-1.771936;1.4;;
28.641;-1.771333;1.4;;
28.642;-1.771333;1.4;;
28.642;-1.771333;1.4;;
28.662;-1.722245;1.4;;
28.663;-1.721816;1.4;;
28.664;-1.721687;1.4;;
28.664;-1.721673;1.4;;
28.684;-1.673299;1.4;;
28.685;-1.672805;1.4;;
28.686;-1.672727;1.4;;
28.687;-1.672705;1.4;;
28.706;-1.648355;1.4;;
28.706;-1.637385;1.4;;
28.707;-1.626066;1.4;;
28.708;-1.624114;1.4;;
28.729;-1.574901;1.4;;
28.73;-1.57432;1.4;;
28.731;-1.57432;1.4;;
28.731;-1.57432;1.4;;
28.751;-1.550081;1.4;;
28.752;-1.531188;1.4;;
28.753;-1.526767;1.4;;
28.753;-1.526008;1.4;;
28.773;-1.5007;1.4;;
28.774;-1.481665;1.4;;
28.775;-1.477442;1.4;;
28.775;-1.476716;1.4;;
28.796;-1.427189;1.4;;
28.797;-1.42661;1.4;;
28.798;-1.42661;1.4;;
28.799;-1.42661;1.4;;
28.819;-1.37824;1.4;;
28.82;-1.377756;1.4;;
28.821;-1.377675;1.4;;
28.821;-1.377674;1.4;;
28.841;-1.329216;1.4;;
28.842;-1.328787;1.4;;
28.842;-1.328595;1.4;;
28.843;-1.328595;1.4;;
28.863;-1.279385;1.4;;
28.864;-1.279385;1.4;;
28.864;-1.279385;1.4;;
28.865;-1.279385;1.4;;
28.885;-1.255057;1.4;;
28.886;-1.236606;1.4;;
28.886;-1.23377;1.4;;
28.887;-1.230476;1.4;;
28.8964552;;;-0.49779178447618;-0.232238681258775
28.908;-1.205575;1.4;;
28.909;-1.187591;1.4;;
28.91;-1.183033;1.4;;
28.93;-1.132877;1.4;;
28.931;-1.132241;1.4;;
28.932;-1.132241;1.4;;
28.952;-1.107484;1.4;;
28.953;-1.086546;1.4;;
28.954;-1.082673;1.4;;
28.975;-1.034265;1.4;;
28.983;-1.033715;1.4;;
28.997;-0.9851041;1.4;;
28.999;-0.9842623;1.4;;
29.019;-0.9359795;1.4;;
29.021;-0.93546;1.4;;
29.041;-0.9110186;1.4;;
29.042;-0.886248;1.4;;
29.064;-0.8380585;1.4;;
29.065;-0.8376101;1.4;;
29.085;-0.8128952;1.4;;
29.087;-0.7909535;1.4;;
29.108;-0.7631636;1.4;;
29.109;-0.7425579;1.4;;
29.131;-0.713519;1.4;;
29.132;-0.6946315;1.4;;
29.152;-0.6651672;1.4;;
29.153;-0.6441383;1.4;;
29.175;-0.6158758;1.4;;
29.176;-0.5949842;1.4;;
29.196;-0.5675446;1.4;;
29.1982565;;;-0.460235722864225;-0.462529294922044
29.196;-0.5675446;1.4;;
29.198;-0.5449706;1.4;;
29.218;-0.5179159;1.4;;
29.219;-0.5174595;1.4;;
29.239;-0.4691014;1.4;;
29.26;-0.4198849;1.4;;
29.261;-0.4193019;1.4;;
29.261;-0.4193019;1.4;;
29.282;-0.3709705;1.4;;
29.303;-0.3212022;1.4;;
29.305;-0.3212022;1.4;;
29.326;-0.2719447;1.4;;
29.347;-0.2224258;1.4;;
29.348;-0.2224258;1.4;;
29.37;-0.1741513;1.4;;
29.371;-0.1737135;1.4;;
29.371;-0.1736396;1.4;;
29.372;-0.1735999;1.4;;
29.392;-0.1250776;1.4;;
29.393;-0.1246564;1.4;;
29.414;-0.07618909;1.4;;
29.414;-0.0760475;1.4;;
29.415;-0.07568332;1.4;;
29.416;-0.07562438;1.4;;
29.435;-0.02695983;1.4;;
29.436;-0.02650229;1.4;;
29.437;-0.0263727;1.4;;
29.437;-0.02635447;1.4;;
29.456;0.02198231;1.4;;
29.457;0.02261361;1.4;;
29.458;0.02261361;1.4;;
29.458;0.02261361;1.4;;
29.479;0.07230172;1.4;;
29.479;0.07230172;1.4;;
29.48;0.07230172;1.4;;
29.48;0.07230172;1.4;;
29.4995561;;;-0.496570398434574;-0.484193240374
29.503;0.1144113;1.4;;
29.504;0.1146538;1.4;;
29.505;0.1147688;1.4;;
29.509;0.1212018;1.4;;
29.522;0.1830287;1.4;;
29.522;0.183744;1.4;;
29.523;0.1841574;1.4;;
29.543;0.1947267;1.4;;
29.544;0.1948286;1.4;;
29.545;0.2138002;1.4;;
29.565;0.2444187;1.4;;
29.566;0.2447248;1.4;;
29.566;0.2447762;1.4;;
29.567;0.2638767;1.4;;
29.568;0.2677509;1.4;;
29.587;0.2935774;1.4;;
29.588;0.293816;1.4;;
29.588;0.2938317;1.4;;
29.608;0.3419325;1.4;;
29.609;0.3423555;1.4;;
29.609;0.3424054;1.4;;
29.61;0.3424956;1.4;;
29.61;0.3425063;1.4;;
29.629;0.390794;1.4;;
29.63;0.3912514;1.4;;
29.63;0.3913182;1.4;;
29.65;0.4403023;1.4;;
29.651;0.4407511;1.4;;
29.651;0.4409102;1.4;;
29.652;0.4409102;1.4;;
29.672;0.4901402;1.4;;
29.672;0.4901402;1.4;;
29.673;0.4901402;1.4;;
29.693;0.5388548;1.4;;
29.693;0.5388548;1.4;;
29.694;0.5388548;1.4;;
29.695;0.5388548;1.4;;
29.715;0.5876004;1.4;;
29.716;0.5880785;1.4;;
29.716;0.5881607;1.4;;
29.737;0.6363801;1.4;;
29.738;0.6368603;1.4;;
29.739;0.6369263;1.4;;
29.74;0.6369439;1.4;;
29.761;0.686157;1.4;;
29.762;0.686157;1.4;;
29.782;0.7351138;1.4;;
29.784;0.7356416;1.4;;
29.7903285;;;-0.496261119683005;-0.487714756364496
29.807;0.7845026;1.4;;
29.808;0.7848891;1.4;;
29.851;0.8825122;1.4;;
29.874;0.932089;1.4;;
29.874;0.932089;1.4;;
29.895;0.9803981;1.4;;
29.897;0.9809745;1.4;;
29.917;1.029809;1.4;;
29.918;1.030241;1.4;;
29.918;1.030434;1.4;;
29.938;1.079831;1.4;;
29.938;1.079831;1.4;;
29.939;1.079831;1.4;;
29.94;1.079831;1.4;;
29.959;1.128445;1.4;;
29.96;1.128445;1.4;;
29.967;1.128445;1.4;;
29.968;1.128445;1.4;;
29.981;1.177213;1.4;;
29.982;1.177928;1.4;;
29.982;1.178046;1.4;;
30.002;1.202137;1.4;;
30.003;1.220816;1.4;;
30.003;1.223996;1.4;;
30.004;1.226085;1.4;;
30.024;1.251447;1.4;;
30.068;1.349684;1.4;;
30.07;1.371778;1.4;;
30.091;1.398825;1.4;;
30.0917744;;;0.313030105489465;-0.285009283873085
30.091;1.398825;1.4;;
30.092;1.418926;1.4;;
30.113;1.448152;1.4;;
30.114;1.448553;1.4;;
30.135;1.497348;1.4;;
30.176;1.594986;1.4;;
30.177;1.595431;1.4;;
30.198;1.643849;1.4;;
30.199;1.644294;1.4;;
30.219;1.693257;1.4;;
30.22;1.693766;1.4;;
30.241;1.742467;1.4;;
30.262;1.791779;1.4;;
30.263;1.792271;1.4;;
30.284;1.840973;1.4;;
30.285;1.84144;1.4;;
30.305;1.889971;1.4;;
30.306;1.890463;1.4;;
30.326;1.939073;1.4;;
30.327;1.93957;1.4;;
30.347;1.964025;1.4;;
30.369;2.01368;1.4;;
30.37;2.014111;1.4;;
30.3930737;;;0;-0.169950353157029
30.484;2.258364;1.4;;
30.497;2.311059;1.4;;
30.498;2.311059;1.4;;
30.583;2.504438;1.4;;
30.605;2.554053;1.4;;
30.606;2.554608;1.4;;
30.607;2.554608;1.4;;
30.608;2.554608;1.4;;
30.627;2.578738;1.4;;
30.649;2.627754;1.4;;
30.651;2.649212;1.4;;
30.672;2.677037;1.4;;
30.673;2.696869;1.4;;
30.674;2.700641;1.4;;
30.694875;;;-0.274336796726033;-0.114391952729893
30.695;2.750216;1.4;;
30.696;2.750637;1.4;;
30.697;2.750757;1.4;;
30.697;2.750773;1.4;;
30.717;2.774593;1.4;;
30.718;2.79361;1.4;;
30.74;2.848823;1.4;;
30.762;2.897702;1.4;;
30.763;2.898131;1.4;;
30.764;2.898264;1.4;;
30.765;2.898264;1.4;;
30.765;2.898264;1.4;;
30.785;2.946762;1.4;;
30.785;2.947125;1.4;;
30.807;2.996262;1.4;;
30.808;2.996262;1.4;;
30.828;3.020769;1.4;;
30.829;3.004229;1.4;;
30.83;3.000858;1.4;;
30.85;2.975352;1.4;;
30.852;2.954412;1.4;;
30.873;2.926286;1.4;;
30.895;2.87761;1.4;;
30.896;2.877202;1.4;;
30.896;2.867571;1.4;;
30.897;2.855109;1.4;;
30.917;2.828003;1.4;;
30.918;2.827747;1.4;;
30.919;2.809357;1.4;;
30.94;2.779089;1.4;;
30.941;2.760358;1.4;;
30.942;2.75432;1.4;;
30.943;2.75432;1.4;;
30.943;2.75432;1.4;;
30.963;2.706601;1.4;;
30.984;2.680215;1.4;;
30.986;2.658036;1.4;;
30.9966756;;;-0.139683524785862;-0.0252475540056075
31.008;2.63138;1.4;;
31.009;2.631126;1.4;;
31.01;2.631088;1.4;;
31.028;2.572209;1.4;;
31.052;2.533538;1.4;;
31.053;2.508407;1.4;;
31.054;2.508407;1.4;;
31.073;2.484057;1.4;;
31.074;2.483795;1.4;;
31.096;2.435093;1.4;;
31.117;2.385366;1.4;;
31.118;2.384878;1.4;;
31.119;2.364677;1.4;;
31.138;2.336696;1.4;;
31.139;2.336391;1.4;;
31.14;2.336342;1.4;;
31.141;2.336334;1.4;;
31.16;2.287771;1.4;;
31.161;2.287141;1.4;;
31.162;2.287141;1.4;;
31.162;2.287141;1.4;;
31.181;2.238965;1.4;;
31.183;2.238414;1.4;;
31.183;2.238369;1.4;;
31.205;2.188753;1.4;;
31.205;2.188753;1.4;;
31.225;2.140723;1.4;;
31.226;2.140314;1.4;;
31.226;2.140122;1.4;;
31.227;2.140122;1.4;;
31.247;2.09063;1.4;;
31.247;2.09063;1.4;;
31.248;2.09063;1.4;;
31.249;2.09063;1.4;;
31.268;2.042439;1.4;;
31.269;2.041807;1.4;;
31.29;1.993162;1.4;;
31.29;1.992573;1.4;;
31.2979751;;;-0.497245654183669;-0.227816493923891
31.311;1.944211;1.4;;
31.332;1.894995;1.4;;
31.333;1.894542;1.4;;
31.333;1.894464;1.4;;
31.354;1.845979;1.4;;
31.376;1.796269;1.4;;
31.377;1.795714;1.4;;
31.398;1.771473;1.4;;
31.399;1.751709;1.4;;
31.4;1.747729;1.4;;
31.42;1.722267;1.4;;
31.442;1.673099;1.4;;
31.443;1.672643;1.4;;
31.444;1.653209;1.4;;
31.464;1.623173;1.4;;
31.486;1.574537;1.4;;
31.488;1.574058;1.4;;
31.508;1.525989;1.4;;
31.509;1.525492;1.4;;
31.531;1.476995;1.4;;
31.532;1.476438;1.4;;
31.552;1.427332;1.4;;
31.553;1.426729;1.4;;
31.574;1.378322;1.4;;
31.574;1.377947;1.4;;
31.575;1.377743;1.4;;
31.583;1.377743;1.4;;
31.596;1.315275;1.4;;
31.597;1.315275;1.4;;
31.597;1.315275;1.4;;
31.598;1.315275;1.4;;
31.5997759;;;-0.498790052557606;-0.352514007063292
31.583;1.377743;1.4;;
31.596;1.315275;1.4;;
31.597;1.315275;1.4;;
31.597;1.315275;1.4;;
31.598;1.315275;1.4;;
31.617;1.279734;1.4;;
31.618;1.279734;1.4;;
31.618;1.279734;1.4;;
31.619;1.279734;1.4;;
31.638;1.231013;1.4;;
31.639;1.230557;1.4;;
31.639;1.230494;1.4;;
31.64;1.230409;1.4;;
31.659;1.181909;1.4;;
31.66;1.181432;1.4;;
31.66;1.181358;1.4;;
31.661;1.181285;1.4;;
31.68;1.133282;1.4;;
31.681;1.132815;1.4;;
31.681;1.132657;1.4;;
31.682;1.132657;1.4;;
31.702;1.082975;1.4;;
31.702;1.082975;1.4;;
31.722;1.034552;1.4;;
31.723;1.034049;1.4;;
31.724;1.03397;1.4;;
31.725;1.033959;1.4;;
31.745;0.9852303;1.4;;
31.746;0.984749;1.4;;
31.746;0.9846667;1.4;;
31.767;0.9366217;1.4;;
31.768;0.9361423;1.4;;
31.769;0.9360775;1.4;;
31.769;0.9360666;1.4;;
31.79;0.8870807;1.4;;
31.791;0.8866739;1.4;;
31.791;0.8864824;1.4;;
31.792;0.8864824;1.4;;
31.793;0.8864824;1.4;;
31.812;0.8380379;1.4;;
31.813;0.8375788;1.4;;
31.813;0.8375262;1.4;;
31.835;0.7883884;1.4;;
31.836;0.7880023;1.4;;
31.836;0.7879879;1.4;;
31.837;0.7878718;1.4;;
31.837;0.787816;1.4;;
31.857;0.7389289;1.4;;
31.857;0.7389289;1.4;;
31.858;0.7389289;1.4;;
31.879;0.69008;1.4;;
31.88;0.69008;1.4;;
31.881;0.69008;1.4;;
31.882;0.69008;1.4;;
31.9009431;;;-0.492831878775372;-0.407137777575627
31.902;0.6411762;1.4;;
31.903;0.6411464;1.4;;
31.903;0.6405538;1.4;;
31.904;0.6405538;1.4;;
31.905;0.6405538;1.4;;
31.924;0.5925821;1.4;;
31.925;0.5921004;1.4;;
31.926;0.5919805;1.4;;
31.946;0.5428434;1.4;;
31.947;0.5423797;1.4;;
31.948;0.5422705;1.4;;
31.948;0.5422518;1.4;;
31.949;0.5422406;1.4;;
31.968;0.4940773;1.4;;
31.969;0.4935802;1.4;;
31.97;0.4934694;1.4;;
31.99;0.4448238;1.4;;
31.991;0.444316;1.4;;
31.992;0.4442273;1.4;;
31.993;0.4442273;1.4;;
32.013;0.3954188;1.4;;
32.014;0.3949301;1.4;;
32.014;0.3948483;1.4;;
32.021;0.3948084;1.4;;
32.022;0.3948068;1.4;;
32.035;0.3704824;1.4;;
32.036;0.3507721;1.4;;
32.037;0.3469793;1.4;;
32.058;0.296715;1.4;;
32.059;0.296715;1.4;;
32.059;0.296715;1.4;;
32.06;0.296715;1.4;;
32.061;0.296715;1.4;;
32.08;0.2485713;1.4;;
32.081;0.2480529;1.4;;
32.082;0.2479721;1.4;;
32.103;0.1986681;1.4;;
32.103;0.1986681;1.4;;
32.104;0.1986681;1.4;;
32.105;0.1986681;1.4;;
32.127;0.1499012;1.4;;
32.127;0.1495985;1.4;;
32.128;0.1493403;1.4;;
32.129;0.1493403;1.4;;
32.129;0.1493403;1.4;;
32.148;0.1009878;1.4;;
32.149;0.1003621;1.4;;
32.15;0.1003621;1.4;;
32.17;0.05140735;1.4;;
32.171;0.05093556;1.4;;
32.172;0.05083352;1.4;;
32.172;0.05081607;1.4;;
32.173;0.05080551;1.4;;
32.192;0.002113964;1.4;;
32.192;0.002113965;1.4;;
32.2027444;;;-0.49767872703066;-0.496636578136827
32.192;0.002113964;1.4;;
32.192;0.002113965;1.4;;
32.214;-0.04665856;1.4;;
32.215;-0.04710492;1.4;;
32.237;-0.0957938;1.4;;
32.237;-0.09593801;1.4;;
32.258;-0.1450673;1.4;;
32.26;-0.1455732;1.4;;
32.281;-0.1944902;1.4;;
32.282;-0.1944902;1.4;;
32.283;-0.1944902;1.4;;
32.303;-0.2431136;1.4;;
32.325;-0.2926885;1.4;;
32.327;-0.2931785;1.4;;
32.347;-0.3170297;1.4;;
32.348;-0.3382682;1.4;;
32.37;-0.3672245;1.4;;
32.371;-0.3862731;1.4;;
32.392;-0.4151154;1.4;;
32.393;-0.4404361;1.4;;
32.415;-0.489015;1.4;;
32.416;-0.4894141;1.4;;
32.438;-0.5382724;1.4;;
32.439;-0.5386665;1.4;;
32.461;-0.587299;1.4;;
32.462;-0.5877104;1.4;;
32.482;-0.6364343;1.4;;
32.484;-0.6369615;1.4;;
32.5045457;;;-0.481478826974702;-0.492694871334585
32.505;-0.6855404;1.4;;
32.506;-0.685567;1.4;;
32.506;-0.685871;1.4;;
32.513;-0.6861169;1.4;;
32.526;-0.7387788;1.4;;
32.527;-0.739614;1.4;;
32.528;-0.7397687;1.4;;
32.529;-0.7397687;1.4;;
32.548;-0.7593817;1.4;;
32.549;-0.7806103;1.4;;
32.55;-0.7835616;1.4;;
32.551;-0.7841963;1.4;;
32.571;-0.8324546;1.4;;
32.572;-0.8329595;1.4;;
32.573;-0.8330328;1.4;;
32.574;-0.8330427;1.4;;
32.596;-0.8821384;1.4;;
32.597;-0.8825286;1.4;;
32.668;-1.029999;1.4;;
32.669;-1.030431;1.4;;
32.67;-1.030504;1.4;;
32.673;-1.052811;1.4;;
32.691;-1.07944;1.4;;
32.692;-1.079717;1.4;;
32.692;-1.079765;1.4;;
32.693;-1.079805;1.4;;
32.694;-1.079805;1.4;;
32.712;-1.128475;1.4;;
32.713;-1.128475;1.4;;
32.713;-1.128475;1.4;;
32.714;-1.128475;1.4;;
32.733;-1.176704;1.4;;
32.734;-1.177192;1.4;;
32.735;-1.177327;1.4;;
32.755;-1.22677;1.4;;
32.755;-1.22677;1.4;;
32.755;-1.22677;1.4;;
32.756;-1.22677;1.4;;
32.757;-1.22677;1.4;;
32.776;-1.275441;1.4;;
32.777;-1.275956;1.4;;
32.798;-1.324093;1.4;;
32.799;-1.324915;1.4;;
32.8;-1.325224;1.4;;
32.801;-1.325224;1.4;;
32.8063463;;;0.47372433845252;-0.249566273582053
32.821;-1.373825;1.4;;
32.821;-1.374042;1.4;;
32.822;-1.374373;1.4;;
32.823;-1.374425;1.4;;
32.842;-1.422925;1.4;;
32.843;-1.422925;1.4;;
32.843;-1.422925;1.4;;
32.844;-1.422925;1.4;;
32.844;-1.422925;1.4;;
32.863;-1.472481;1.4;;
32.864;-1.472481;1.4;;
32.865;-1.472481;1.4;;
32.884;-1.52118;1.4;;
32.885;-1.521662;1.4;;
32.886;-1.521777;1.4;;
32.886;-1.521797;1.4;;
32.907;-1.570454;1.4;;
32.908;-1.570908;1.4;;
32.908;-1.570986;1.4;;
32.909;-1.571027;1.4;;
32.929;-1.619069;1.4;;
32.93;-1.619545;1.4;;
32.93;-1.619626;1.4;;
32.931;-1.619666;1.4;;
32.951;-1.668413;1.4;;
32.951;-1.668815;1.4;;
32.952;-1.668995;1.4;;
32.953;-1.669019;1.4;;
32.973;-1.692968;1.4;;
32.974;-1.708458;1.4;;
32.975;-1.714476;1.4;;
32.979;-1.716443;1.4;;
32.997;-1.769447;1.4;;
32.998;-1.769966;1.4;;
32.999;-1.770118;1.4;;
33.019;-1.815951;1.4;;
33.02;-1.816432;1.4;;
33.041;-1.864841;1.4;;
33.041;-1.865426;1.4;;
33.042;-1.865426;1.4;;
33.043;-1.865426;1.4;;
33.062;-1.889921;1.4;;
33.063;-1.908758;1.4;;
33.064;-1.914834;1.4;;
33.065;-1.914834;1.4;;
33.084;-1.939045;1.4;;
33.084;-1.939229;1.4;;
33.085;-1.959787;1.4;;
33.105;-1.988623;1.4;;
33.106;-1.988623;1.4;;
33.1076458;;;0.495611427163612;-0.00245544709730752
33.105;-1.988623;1.4;;
33.106;-1.988623;1.4;;
33.128;-2.037068;1.4;;
33.128;-2.037423;1.4;;
33.129;-2.037592;1.4;;
33.13;-2.056629;1.4;;
33.149;-2.086547;1.4;;
33.15;-2.086811;1.4;;
33.15;-2.086815;1.4;;
33.151;-2.086941;1.4;;
33.17;-2.135173;1.4;;
33.17;-2.135301;1.4;;
33.191;-2.184374;1.4;;
33.192;-2.18497;1.4;;
33.192;-2.18497;1.4;;
33.193;-2.18497;1.4;;
33.193;-2.18497;1.4;;
33.212;-2.233202;1.4;;
33.213;-2.233722;1.4;;
33.234;-2.283265;1.4;;
33.234;-2.283265;1.4;;
33.235;-2.283265;1.4;;
33.255;-2.332128;1.4;;
33.255;-2.332458;1.4;;
33.256;-2.3327;1.4;;
33.257;-2.332739;1.4;;
33.278;-2.381187;1.4;;
33.299;-2.430442;1.4;;
33.3;-2.431019;1.4;;
33.301;-2.431019;1.4;;
33.321;-2.479546;1.4;;
33.322;-2.479546;1.4;;
33.322;-2.479546;1.4;;
33.322;-2.479546;1.4;;
33.342;-2.503747;1.4;;
33.343;-2.520815;1.4;;
33.343;-2.521434;1.4;;
33.344;-2.527557;1.4;;
33.364;-2.553382;1.4;;
33.364;-2.553459;1.4;;
33.365;-2.573738;1.4;;
33.366;-2.577569;1.4;;
33.387;-2.627043;1.4;;
33.387;-2.627256;1.4;;
33.388;-2.627534;1.4;;
33.388;-2.627573;1.4;;
33.4094464;;;0.486909816447589;0.243691688772255
33.41;-2.676443;1.4;;
33.411;-2.676455;1.4;;
33.412;-2.676478;1.4;;
33.412;-2.67671;1.4;;
33.44;-2.724979;1.4;;
33.441;-2.725308;1.4;;
33.442;-2.725388;1.4;;
33.443;-2.725414;1.4;;
33.453;-2.749203;1.4;;
33.454;-2.771083;1.4;;
33.454;-2.774838;1.4;;
33.455;-2.777344;1.4;;
33.475;-2.799116;1.4;;
33.476;-2.820001;1.4;;
33.477;-2.823224;1.4;;
33.478;-2.82368;1.4;;
33.499;-2.872591;1.4;;
33.5;-2.873053;1.4;;
33.501;-2.873151;1.4;;
33.544;-2.97086;1.4;;
33.566;-3.020187;1.4;;
33.567;-3.020593;1.4;;
33.567;-3.020759;1.4;;
33.568;-3.020759;1.4;;
33.568;-3.020759;1.4;;
33.569;-3.020759;1.4;;
33.588;-2.976912;1.4;;
33.589;-2.976484;1.4;;
33.589;-2.976418;1.4;;
33.59;-2.97634;1.4;;
33.61;-2.927415;1.4;;
33.611;-2.926952;1.4;;
33.612;-2.926834;1.4;;
33.612;-2.926815;1.4;;
33.632;-2.902341;1.4;;
33.632;-2.889016;1.4;;
33.634;-2.877433;1.4;;
33.635;-2.877433;1.4;;
33.655;-2.828429;1.4;;
33.656;-2.828429;1.4;;
33.7;-2.730704;1.4;;
33.7107462;;;0.350927310111451;0.451793223043793
33.7;-2.730704;1.4;;
33.722;-2.681236;1.4;;
33.723;-2.680784;1.4;;
33.724;-2.680673;1.4;;
33.744;-2.632143;1.4;;
33.746;-2.63162;1.4;;
33.767;-2.583572;1.4;;
33.767;-2.583357;1.4;;
33.768;-2.583055;1.4;;
33.769;-2.583007;1.4;;
33.788;-2.55828;1.4;;
33.789;-2.537751;1.4;;
33.79;-2.534594;1.4;;
33.79;-2.534088;1.4;;
33.81;-2.508461;1.4;;
33.811;-2.508216;1.4;;
33.833;-2.460113;1.4;;
33.834;-2.441003;1.4;;
33.856;-2.38676;1.4;;
33.857;-2.386233;1.4;;
33.879;-2.337093;1.4;;
33.88;-2.336624;1.4;;
33.901;-2.288198;1.4;;
33.902;-2.287725;1.4;;
33.923;-2.239094;1.4;;
33.924;-2.238626;1.4;;
33.933;-2.238518;1.4;;
33.945;-2.187722;1.4;;
33.947;-2.186811;1.4;;
33.967;-2.140832;1.4;;
33.969;-2.140336;1.4;;
33.99;-2.116029;1.4;;
33.991;-2.097379;1.4;;
33.992;-2.092657;1.4;;
33.992;-2.091872;1.4;;
34.0120462;;;-0.440807482781472;0.223160267735295
34.012;-2.042491;1.4;;
34.013;-2.042463;1.4;;
34.014;-2.041882;1.4;;
34.035;-1.992628;1.4;;
34.036;-1.992628;1.4;;
34.036;-1.992628;1.4;;
34.057;-1.968124;1.4;;
34.058;-1.949142;1.4;;
34.059;-1.945067;1.4;;
34.079;-1.918898;1.4;;
34.079;-1.902945;1.4;;
34.101;-1.869877;1.4;;
34.102;-1.849887;1.4;;
34.124;-1.82036;1.4;;
34.125;-1.803012;1.4;;
34.146;-1.770283;1.4;;
34.147;-1.753907;1.4;;
34.147;-1.751511;1.4;;
34.148;-1.748315;1.4;;
34.149;-1.747814;1.4;;
34.169;-1.697024;1.4;;
34.169;-1.696378;1.4;;
34.17;-1.696378;1.4;;
34.213;-1.623399;1.4;;
34.215;-1.600156;1.4;;
34.215;-1.600156;1.4;;
34.235;-1.574945;1.4;;
34.257;-1.526396;1.4;;
34.258;-1.525957;1.4;;
34.259;-1.501565;1.4;;
34.26;-1.501565;1.4;;
34.26;-1.501565;1.4;;
34.28;-1.476446;1.4;;
34.281;-1.460392;1.4;;
34.281;-1.460088;1.4;;
34.282;-1.452483;1.4;;
34.302;-1.427488;1.4;;
34.303;-1.410724;1.4;;
34.303;-1.409133;1.4;;
34.3138465;;;-0.49698593462271;-0.0249890727112853
34.323;-1.378618;1.4;;
34.324;-1.378307;1.4;;
34.344;-1.329804;1.4;;
34.345;-1.329202;1.4;;
34.366;-1.280563;1.4;;
34.366;-1.279975;1.4;;
34.367;-1.279975;1.4;;
34.388;-1.231331;1.4;;
34.389;-1.231331;1.4;;
34.389;-1.231331;1.4;;
34.416;-1.158279;1.4;;
34.417;-1.157751;1.4;;
34.43;-1.129648;1.4;;
34.432;-1.129122;1.4;;
34.452;-1.084685;1.4;;
34.453;-1.084242;1.4;;
34.454;-1.084126;1.4;;
34.474;-1.034693;1.4;;
34.474;-1.034643;1.4;;
34.494;-0.9860931;1.4;;
34.495;-0.985671;1.4;;
34.495;-0.9854872;1.4;;
34.515;-0.9363976;1.4;;
34.537;-0.911687;1.4;;
34.537;-0.8873026;1.4;;
34.539;-0.8873026;1.4;;
34.56;-0.8387798;1.4;;
34.561;-0.838194;1.4;;
34.581;-0.8135366;1.4;;
34.582;-0.7945952;1.4;;
34.582;-0.7913498;1.4;;
34.604;-0.763883;1.4;;
34.605;-0.7397817;1.4;;
34.605;-0.7397817;1.4;;
34.6151471;;;-0.498081101277901;-0.271236802142658
34.625;-0.7146221;1.4;;
34.626;-0.7143135;1.4;;
34.627;-0.6959919;1.4;;
34.647;-0.665468;1.4;;
34.648;-0.665468;1.4;;
34.669;-0.6173696;1.4;;
34.689;-0.5680653;1.4;;
34.69;-0.5674503;1.4;;
34.691;-0.5674503;1.4;;
34.691;-0.5674503;1.4;;
34.711;-0.5193669;1.4;;
34.712;-0.5188631;1.4;;
34.733;-0.4696897;1.4;;
34.733;-0.4694183;1.4;;
34.734;-0.4691791;1.4;;
34.753;-0.4207259;1.4;;
34.754;-0.4200959;1.4;;
34.755;-0.4200959;1.4;;
34.756;-0.4200959;1.4;;
34.775;-0.3714369;1.4;;
34.775;-0.3714369;1.4;;
34.776;-0.3714369;1.4;;
34.776;-0.3714369;1.4;;
34.796;-0.3216724;1.4;;
34.796;-0.3216724;1.4;;
34.797;-0.3216724;1.4;;
34.798;-0.3216724;1.4;;
34.817;-0.2732688;1.4;;
34.818;-0.272737;1.4;;
34.819;-0.2726637;1.4;;
34.82;-0.2726441;1.4;;
34.84;-0.2231247;1.4;;
34.84;-0.2231247;1.4;;
34.841;-0.2231247;1.4;;
34.842;-0.2231247;1.4;;
34.861;-0.1739576;1.4;;
34.863;-0.1739576;1.4;;
34.864;-0.1739576;1.4;;
34.886;-0.1254229;1.4;;
34.894;-0.1248901;1.4;;
34.908;-0.07658857;1.4;;
34.909;-0.07594243;1.4;;
34.9169474;;;-0.491535211442518;-0.48185243253115
34.908;-0.07658857;1.4;;
34.909;-0.07594243;1.4;;
34.929;-0.02727707;1.4;;
34.93;-0.02676337;1.4;;
34.951;0.02120458;1.4;;
34.952;0.02178263;1.4;;
34.972;0.04700579;1.4;;
34.973;0.06593767;1.4;;
34.995;0.09646513;1.4;;
35.016;0.1446071;1.4;;
35.018;0.1669536;1.4;;
35.039;0.1939658;1.4;;
35.04;0.2188893;1.4;;
35.042;0.2188893;1.4;;
35.062;0.243377;1.4;;
35.083;0.2921706;1.4;;
35.085;0.3146625;1.4;;
35.086;0.3172891;1.4;;
35.107;0.3652132;1.4;;
35.129;0.3911126;1.4;;
35.13;0.4115651;1.4;;
35.151;0.4399261;1.4;;
35.153;0.4643063;1.4;;
35.153;0.4643063;1.4;;
35.173;0.4890571;1.4;;
35.196;0.5382907;1.4;;
35.197;0.5552289;1.4;;
35.198;0.562768;1.4;;
35.2188716;;;0.495698030060357;-0.247726054320693
35.219;0.6120706;1.4;;
35.239;0.635714;1.4;;
35.263;0.6861584;1.4;;
35.285;0.7343037;1.4;;
35.307;0.7841367;1.4;;
35.308;0.8045172;1.4;;
35.309;0.8076915;1.4;;
35.331;0.8566716;1.4;;
35.353;0.9062039;1.4;;
35.375;0.9554191;1.4;;
35.377;0.9559791;1.4;;
35.398;1.005031;1.4;;
35.421;1.054614;1.4;;
35.422;1.054614;1.4;;
35.443;1.103136;1.4;;
35.465;1.151636;1.4;;
35.466;1.152766;1.4;;
35.488;1.201897;1.4;;
35.488;1.201897;1.4;;
35.489;1.201897;1.4;;
35.509;1.250891;1.4;;
35.5201714;;;0.493019964388757;-0.000224579567826053
35.421;1.054614;1.4;;
35.422;1.054614;1.4;;
35.443;1.103136;1.4;;
35.465;1.151636;1.4;;
35.466;1.152766;1.4;;
35.488;1.201897;1.4;;
35.488;1.201897;1.4;;
35.489;1.201897;1.4;;
35.509;1.250891;1.4;;
35.531;1.27587;1.4;;
35.532;1.294906;1.4;;
35.533;1.299869;1.4;;
35.554;1.348645;1.4;;
35.576;1.398034;1.4;;
35.578;1.398519;1.4;;
35.599;1.447124;1.4;;
35.621;1.496529;1.4;;
35.643;1.521193;1.4;;
35.644;1.539892;1.4;;
35.645;1.544541;1.4;;
35.666;1.59396;1.4;;
35.688;1.644005;1.4;;
35.69;1.644578;1.4;;
35.709;1.668414;1.4;;
35.8219811;;;0.272685763320921;0.192467136581879
35.822;1.939032;1.4;;
35.823;1.939037;1.4;;
35.844;1.987911;1.4;;
35.866;2.036791;1.4;;
35.868;2.037274;1.4;;
35.89;2.086683;1.4;;
35.898;2.086683;1.4;;
35.912;2.137213;1.4;;
35.913;2.137213;1.4;;
35.935;2.184574;1.4;;
35.936;2.185008;1.4;;
35.979;2.282526;1.4;;
35.98;2.283092;1.4;;
36.047;2.430052;1.4;;
36.118;2.577871;1.4;;
36.1237814;;;0.389691399910908;0.412773789420236
36.118;2.577871;1.4;;
36.14;2.62711;1.4;;
36.141;2.627508;1.4;;
36.141;2.627682;1.4;;
36.162;2.675976;1.4;;
36.163;2.676396;1.4;;
36.183;2.725114;1.4;;
36.205;2.773919;1.4;;
36.206;2.77433;1.4;;
36.207;2.774434;1.4;;
36.227;2.823365;1.4;;
36.249;2.872726;1.4;;
36.25;2.873165;1.4;;
36.336;2.975209;1.4;;
36.381;2.877628;1.4;;
36.4251364;;;-0.28221521262678;0.218295478748452
36.426;2.779327;1.4;;
36.448;2.724642;1.4;;
36.449;2.724642;1.4;;
36.47;2.680682;1.4;;
36.471;2.680145;1.4;;
36.493;2.632091;1.4;;
36.494;2.631712;1.4;;
36.495;2.631596;1.4;;
36.515;2.582662;1.4;;
36.516;2.582052;1.4;;
36.517;2.582052;1.4;;
36.537;2.533411;1.4;;
36.538;2.532912;1.4;;
36.56;2.484071;1.4;;
36.561;2.484071;1.4;;
36.561;2.484071;1.4;;
36.562;2.484071;1.4;;
36.581;2.45942;1.4;;
36.582;2.440573;1.4;;
36.583;2.436156;1.4;;
36.584;2.434809;1.4;;
36.604;2.385717;1.4;;
36.604;2.385717;1.4;;
36.605;2.385717;1.4;;
36.606;2.385717;1.4;;
36.627;2.336906;1.4;;
36.627;2.336534;1.4;;
36.628;2.336366;1.4;;
36.629;2.336322;1.4;;
36.648;2.311891;1.4;;
36.649;2.292295;1.4;;
36.649;2.289017;1.4;;
36.651;2.287602;1.4;;
36.67;2.238202;1.4;;
36.671;2.237677;1.4;;
36.672;2.237576;1.4;;
36.673;2.237559;1.4;;
36.693;2.21425;1.4;;
36.694;2.196462;1.4;;
36.694;2.194164;1.4;;
36.695;2.190124;1.4;;
36.715;2.140508;1.4;;
36.716;2.14;1.4;;
36.717;2.139891;1.4;;
36.718;2.139891;1.4;;
36.7264525;;;-0.484241499736312;-0.0260198872828157
36.715;2.140508;1.4;;
36.716;2.14;1.4;;
36.717;2.139891;1.4;;
36.718;2.139891;1.4;;
36.737;2.115582;1.4;;
36.738;2.095359;1.4;;
36.739;2.091253;1.4;;
36.74;2.091253;1.4;;
36.76;2.066633;1.4;;
36.76;2.053446;1.4;;
36.761;2.043964;1.4;;
36.762;2.042568;1.4;;
36.783;1.992858;1.4;;
36.784;1.992406;1.4;;
36.785;1.992304;1.4;;
36.785;1.992286;1.4;;
36.805;1.943896;1.4;;
36.806;1.94343;1.4;;
36.807;1.943329;1.4;;
36.807;1.943312;1.4;;
36.851;1.846286;1.4;;
36.852;1.845728;1.4;;
36.874;1.797103;1.4;;
36.875;1.796654;1.4;;
36.877;1.796565;1.4;;
36.897;1.746567;1.4;;
36.92;1.696671;1.4;;
36.921;1.69612;1.4;;
36.943;1.649272;1.4;;
36.944;1.648864;1.4;;
36.945;1.648733;1.4;;
36.964;1.600217;1.4;;
36.986;1.550771;1.4;;
36.987;1.550771;1.4;;
36.988;1.550771;1.4;;
37.008;1.501489;1.4;;
37.0277518;;;-0.491652457354798;-0.217104442451745
37.029;1.452668;1.4;;
37.03;1.452201;1.4;;
37.052;1.403648;1.4;;
37.074;1.353843;1.4;;
37.095;1.305304;1.4;;
37.141;1.206705;1.4;;
37.162;1.158023;1.4;;
37.185;1.132632;1.4;;
37.185;1.144151;1.4;;
37.207;1.060075;1.4;;
37.229;1.010804;1.4;;
37.231;1.010321;1.4;;
37.252;0.9614431;1.4;;
37.272;0.9359404;1.4;;
37.273;0.9359404;1.4;;
37.294;0.8868118;1.4;;
37.296;0.8863051;1.4;;
37.315;0.8379964;1.4;;
37.3300539;;;-0.496785084717527;-0.438723563608854
37.337;0.7887675;1.4;;
37.337;0.7887675;1.4;;
37.358;0.7395307;1.4;;
37.379;0.690852;1.4;;
37.402;0.6411022;1.4;;
37.429;0.593153;1.4;;
37.443;0.5435654;1.4;;
37.466;0.4943263;1.4;;
37.467;0.4938875;1.4;;
37.488;0.4450057;1.4;;
37.509;0.3959801;1.4;;
37.532;0.3466867;1.4;;
37.533;0.3466867;1.4;;
37.596;0.2234279;1.4;;
37.599;0.2012585;1.4;;
37.623;0.1501725;1.4;;
37.624;0.1497927;1.4;;
37.6313542;;;0.170908484842074;-0.325442639241641
37.645;0.1010558;1.4;;
37.646;0.1006299;1.4;;
37.666;0.05221754;1.4;;
37.667;0.05176408;1.4;;
37.688;0.002924632;1.4;;
37.689;0.002443932;1.4;;
37.71;-0.0462423;1.4;;
37.711;-0.0467343;1.4;;
37.731;-0.07113132;1.4;;
37.753;-0.1201884;1.4;;
37.754;-0.1394614;1.4;;
37.774;-0.1694663;1.4;;
37.775;-0.1697808;1.4;;
37.795;-0.2188817;1.4;;
37.796;-0.2188817;1.4;;
37.817;-0.2671585;1.4;;
37.839;-0.3163955;1.4;;
37.839;-0.3169657;1.4;;
37.84;-0.3169657;1.4;;
37.86;-0.365799;1.4;;
37.881;-0.4147022;1.4;;
37.882;-0.4151838;1.4;;
37.903;-0.4634992;1.4;;
37.904;-0.4639884;1.4;;
37.925;-0.5138952;1.4;;
37.933;-0.5144755;1.4;;
37.9336557;;;0.498663362225384;-0.0797164237512169
37.903;-0.4634992;1.4;;
37.904;-0.4639884;1.4;;
37.925;-0.5138952;1.4;;
37.933;-0.5144755;1.4;;
37.946;-0.564015;1.4;;
37.967;-0.6112393;1.4;;
37.968;-0.6118033;1.4;;
37.968;-0.6118033;1.4;;
37.989;-0.6600884;1.4;;
37.99;-0.6606769;1.4;;
38.01;-0.6853306;1.4;;
38.012;-0.706744;1.4;;
38.076;-0.8329605;1.4;;
38.077;-0.8329605;1.4;;
38.098;-0.8819377;1.4;;
38.099;-0.8823923;1.4;;
38.12;-0.9320855;1.4;;
38.141;-0.9797465;1.4;;
38.163;-1.028902;1.4;;
38.163;-1.029474;1.4;;
38.164;-1.029474;1.4;;
38.184;-1.078029;1.4;;
38.2344543;;;0.475390638536661;0.162044350221648
