Timestamp;Name;smoothCorrel;speed;task;selected;correlationToIntendedObject
0;1;0;45;0;;
0;2;0;2;0;;
0;3;0;2;0;;
63628064790.7065;1;0;45;0;;
63628064790.7065;2;0;2;0;;
63628064790.7065;3;0;2;0;;
0.1218227;1;0;45;0;;
0.1218227;2;0;2;0;;
0.1218227;3;0;2;0;;
0.1303457;1;0;45;0;;
0.1303457;2;0;2;0;;
0.1303457;3;0;2;0;;
0.1343558;1;0;45;0;;
0.1343558;2;0;2;0;;
0.1343558;3;0;2;0;;
0.1403717;1;0;45;0;;
0.1403717;2;0;2;0;;
0.1403717;3;0;2;0;;
0.1514008;1;0;45;0;;
0.1514008;2;0;2;0;;
0.1514008;3;0;2;0;;
0.1654379;1;0;45;0;;
0.1654379;2;0;2;0;;
0.1654379;3;0;2;0;;
0.1734591;1;0;45;0;;
0.1734591;2;0;2;0;;
0.1734591;3;0;2;0;;
0.1844884;1;0;45;0;;
0.1844884;2;0;2;0;;
0.1844884;3;0;2;0;;
0.1960188;1;0;45;0;;
0.1960188;2;0;2;0;;
0.1960188;3;0;2;0;;
0.2080506;1;0;45;0;;
0.2080506;2;0;2;0;;
0.2080506;3;0;2;0;;
0.2180771;1;0;45;0;;
0.2180771;2;0;2;0;;
0.2180771;3;0;2;0;;
0.229608;1;0;45;0;;
0.229608;2;0;2;0;;
0.229608;3;0;2;0;;
0.2406373;1;0;45;0;;
0.2406373;2;0;2;0;;
0.2406373;3;0;2;0;;
0.2521674;1;0;45;0;;
0.2521674;2;0;2;0;;
0.2521674;3;0;2;0;;
0.2631967;1;0;45;0;;
0.2631967;2;0;2;0;;
0.2631967;3;0;2;0;;
0.274226;1;0;45;0;;
0.274226;2;0;2;0;;
0.274226;3;0;2;0;;
0.2852553;1;0;45;0;;
0.2852553;2;0;2;0;;
0.2852553;3;0;2;0;;
0.2967856;1;0;45;0;;
0.2967856;2;0;2;0;;
0.2967856;3;0;2;0;;
0.3078152;1;0;45;0;;
0.3078152;2;0;2;0;;
0.3078152;3;0;2;0;;
0.3188438;1;0;45;0;;
0.3188438;2;0;2;0;;
0.3188438;3;0;2;0;;
0.3303761;1;0;45;0;;
0.3303761;2;0;2;0;;
0.3303761;3;0;2;0;;
0.3409021;1;0;45;0;;
0.3409021;2;0;2;0;;
0.3409021;3;0;2;0;;
0.3529347;1;0;45;0;;
0.3529347;2;0;2;0;;
0.3529347;3;0;2;0;;
0.3634623;1;0;45;0;;
0.3634623;2;0;2;0;;
0.3634623;3;0;2;0;;
0.3744916;1;0;45;0;;
0.3744916;2;0;2;0;;
0.3744916;3;0;2;0;;
0.3855204;1;0;45;0;;
0.3855204;2;0;2;0;;
0.3855204;3;0;2;0;;
0.3970515;1;0;45;0;;
0.3970515;2;0;2;0;;
0.3970515;3;0;2;0;;
0.40808;1;0;45;0;;
0.40808;2;0;2;0;;
0.40808;3;0;2;0;;
0.4191096;1;0;45;0;;
0.4191096;2;0;2;0;;
0.4191096;3;0;2;0;;
0.4306399;1;0;45;0;;
0.4306399;2;0;2;0;;
0.4306399;3;0;2;0;;
0.4416698;1;0;45;0;;
0.4416698;2;0;2;0;;
0.4416698;3;0;2;0;;
0.4526983;1;0;45;0;;
0.4526983;2;0;2;0;;
0.4526983;3;0;2;0;;
0.4642292;1;0;45;0;;
0.4642292;2;0;2;0;;
0.4642292;3;0;2;0;;
0.4752577;1;0;45;0;;
0.4752577;2;0;2;0;;
0.4752577;3;0;2;0;;
0.4862873;1;0;45;0;;
0.4862873;2;0;2;0;;
0.4862873;3;0;2;0;;
0.4973166;1;0;45;0;;
0.4973166;2;0;2;0;;
0.4973166;3;0;2;0;;
0.5088474;1;0;45;0;;
0.5088474;2;0;2;0;;
0.5088474;3;0;2;0;;
0.519876;1;0;45;0;;
0.519876;2;0;2;0;;
0.519876;3;0;2;0;;
0.5309058;1;0;45;0;;
0.5309058;2;0;2;0;;
0.5309058;3;0;2;0;;
0.5424359;1;0;45;0;;
0.5424359;2;0;2;0;;
0.5424359;3;0;2;0;;
0.5534652;1;0;45;0;;
0.5534652;2;0;2;0;;
0.5534652;3;0;2;0;;
0.5644945;1;0;45;0;;
0.5644945;2;0;2;0;;
0.5644945;3;0;2;0;;
0.5760248;1;0;45;0;;
0.5760248;2;0;2;0;;
0.5760248;3;0;2;0;;
0.5870539;1;0;45;0;;
0.5870539;2;0;2;0;;
0.5870539;3;0;2;0;;
0.5980829;1;0;45;0;;
0.5980829;2;0;2;0;;
0.5980829;3;0;2;0;;
0.6091123;1;0;45;0;;
0.6091123;2;0;2;0;;
0.6091123;3;0;2;0;;
0.6201421;1;0;45;0;;
0.6201421;2;0;2;0;;
0.6201421;3;0;2;0;;
0.6311709;1;0;45;0;;
0.6311709;2;0;2;0;;
0.6311709;3;0;2;0;;
0.6427017;1;0;45;0;;
0.6427017;2;0;2;0;;
0.6427017;3;0;2;0;;
0.6537303;1;0;45;0;;
0.6537303;2;0;2;0;;
0.6537303;3;0;2;0;;
0.6657624;1;0;45;0;;
0.6657624;2;0;2;0;;
0.6657624;3;0;2;0;;
0.6762902;1;0;45;0;;
0.6762902;2;0;2;0;;
0.6762902;3;0;2;0;;
0.687319;1;0;45;0;;
0.687319;2;0;2;0;;
0.687319;3;0;2;0;;
0.6983483;1;0;45;0;;
0.6983483;2;0;2;0;;
0.6983483;3;0;2;0;;
0.7103799;1;0;45;0;;
0.7103799;2;0;2;0;;
0.7103799;3;0;2;0;;
0.7209079;1;0;45;0;;
0.7209079;2;0;2;0;;
0.7209079;3;0;2;0;;
0.7324388;1;0;45;0;;
0.7324388;2;0;2;0;;
0.7324388;3;0;2;0;;
0.7434678;1;0;45;0;;
0.7434678;2;0;2;0;;
0.7434678;3;0;2;0;;
0.7600113;1;0;45;0;;
0.7600113;2;0;2;0;;
0.7600113;3;0;2;0;;
0.7655259;1;0;45;0;;
0.7655259;2;0;2;0;;
0.7655259;3;0;2;0;;
0.7770568;1;0;45;0;;
0.7770568;2;0;2;0;;
0.7770568;3;0;2;0;;
0.7875846;1;0;45;0;;
0.7875846;2;0;2;0;;
0.7875846;3;0;2;0;;
0.7991149;1;0;45;0;;
0.7991149;2;0;2;0;;
0.7991149;3;0;2;0;;
0.810144;1;0;45;0;;
0.810144;2;0;2;0;;
0.810144;3;0;2;0;;
0.821173;1;0;45;0;;
0.821173;2;0;2;0;;
0.821173;3;0;2;0;;
0.8327041;1;0;45;0;;
0.8327041;2;0;2;0;;
0.8327041;3;0;2;0;;
0.8437339;1;0;45;0;;
0.8437339;2;0;2;0;;
0.8437339;3;0;2;0;;
0.8547622;1;0;45;0;;
0.8547622;2;0;2;0;;
0.8547622;3;0;2;0;;
0.8662926;1;0;45;0;;
0.8662926;2;0;2;0;;
0.8662926;3;0;2;0;;
0.8773219;1;0;45;0;;
0.8773219;2;0;2;0;;
0.8773219;3;0;2;0;;
0.8883509;1;0;45;0;;
0.8883509;2;0;2;0;;
0.8883509;3;0;2;0;;
0.8998815;1;0;45;0;;
0.8998815;2;0;2;0;;
0.8998815;3;0;2;0;;
0.9109108;1;0;45;0;;
0.9109108;2;0;2;0;;
0.9109108;3;0;2;0;;
0.9219399;1;0;45;0;;
0.9219399;2;0;2;0;;
0.9219399;3;0;2;0;;
0.9329692;1;0;45;0;;
0.9329692;2;0;2;0;;
0.9329692;3;0;2;0;;
0.9444998;1;0;45;0;;
0.9444998;2;0;2;0;;
0.9444998;3;0;2;0;;
0.9560304;1;0;45;0;;
0.9560304;2;0;2;0;;
0.9560304;3;0;2;0;;
0.9665584;1;0;45;0;;
0.9665584;2;0;2;0;;
0.9665584;3;0;2;0;;
0.978089;1;0;45;0;;
0.978089;2;0;2;0;;
0.978089;3;0;2;0;;
0.9891178;1;0;45;0;;
0.9891178;2;0;2;0;;
0.9891178;3;0;2;0;;
1.0001474;1;0;45;0;;
1.0001474;2;0;2;0;;
1.0001474;3;0;-2;0;;
1.0111764;1;0;45;0;;
1.0111764;2;0;2;0;;
1.0111764;3;0;-2;0;;
1.022707;1;0;45;0;;
1.022707;2;0;2;0;;
1.022707;3;0;-2;0;;
1.0392502;1;0;45;0;;
1.0392502;2;0;2;0;;
1.0392502;3;0;-2;0;;
1.0447651;1;0;45;0;;
1.0447651;2;0;2;0;;
1.0447651;3;0;-2;0;;
1.0562957;1;0;45;0;;
1.0562957;2;0;2;0;;
1.0562957;3;0;-2;0;;
1.0673255;1;0;45;0;;
1.0673255;2;0;2;0;;
1.0673255;3;0;-2;0;;
1.0783543;1;0;45;0;;
1.0783543;2;0;2;0;;
1.0783543;3;0;-2;0;;
1.0893831;1;0;45;0;;
1.0893831;2;0;2;0;;
1.0893831;3;0;-2;0;;
1.1014155;1;0;45;0;;
1.1014155;2;0;2;0;;
1.1014155;3;0;-2;0;;
1.111943;1;0;45;0;;
1.111943;2;0;2;0;;
1.111943;3;0;-2;0;;
1.1229721;1;0;45;0;;
1.1229721;2;0;2;0;;
1.1229721;3;0;-2;0;;
1.1340014;1;0;45;0;;
1.1340014;2;0;2;0;;
1.1340014;3;0;-2;0;;
1.1455317;1;0;45;0;;
1.1455317;2;0;2;0;;
1.1455317;3;0;-2;0;;
1.1565605;1;0;45;0;;
1.1565605;2;0;2;0;;
1.1565605;3;0;-2;0;;
1.1680916;1;0;45;0;;
1.1680916;2;0;2;0;;
1.1680916;3;0;-2;0;;
1.1786194;1;0;45;0;;
1.1786194;2;0;2;0;;
1.1786194;3;0;-2;0;;
1.1901498;1;0;45;0;;
1.1901498;2;0;2;0;;
1.1901498;3;0;-2;0;;
1.2011791;1;0;45;0;;
1.2011791;2;0;2;0;;
1.2011791;3;0;-2;0;;
1.2127094;1;0;45;0;;
1.2127094;2;0;2;0;;
1.2127094;3;0;-2;0;;
1.2232372;1;0;45;0;;
1.2232372;2;0;2;0;;
1.2232372;3;0;-2;0;;
1.2347688;1;0;45;0;;
1.2347688;2;0;2;0;;
1.2347688;3;0;-2;0;;
1.2457973;1;0;45;0;;
1.2457973;2;0;2;0;;
1.2457973;3;0;-2;0;;
1.2568264;1;0;45;0;;
1.2568264;2;0;2;0;;
1.2568264;3;0;-2;0;;
1.2678555;1;0;45;0;;
1.2678555;2;0;2;0;;
1.2678555;3;0;-2;0;;
1.2798876;1;0;45;0;;
1.2798876;2;0;2;0;;
1.2798876;3;0;-2;0;;
1.2904154;1;0;45;0;;
1.2904154;2;0;2;0;;
1.2904154;3;0;-2;0;;
1.3019459;1;0;45;0;;
1.3019459;2;0;2;0;;
1.3019459;3;0;-2;0;;
1.312975;1;0;45;0;;
1.312975;2;0;2;0;;
1.312975;3;0;-2;0;;
1.3245053;1;0;45;0;;
1.3245053;2;0;2;0;;
1.3245053;3;0;-2;0;;
1.3350331;1;0;45;0;;
1.3350331;2;0;2;0;;
1.3350331;3;0;-2;0;;
1.346564;1;0;45;0;;
1.346564;2;0;2;0;;
1.346564;3;0;-2;0;;
1.357593;1;0;45;0;;
1.357593;2;0;2;0;;
1.357593;3;0;-2;0;;
1.3691236;1;0;45;0;;
1.3691236;2;0;2;0;;
1.3691236;3;0;-2;0;;
1.3796514;1;0;45;0;;
1.3796514;2;0;2;0;;
1.3796514;3;0;-2;0;;
1.3911822;1;0;45;0;;
1.3911822;2;0;2;0;;
1.3911822;3;0;-2;0;;
1.402211;1;0;45;0;;
1.402211;2;0;2;0;;
1.402211;3;0;-2;0;;
1.4137419;1;0;45;0;;
1.4137419;2;0;2;0;;
1.4137419;3;0;-2;0;;
1.4247707;1;0;45;0;;
1.4247707;2;0;2;0;;
1.4247707;3;0;-2;0;;
1.4358008;1;0;45;0;;
1.4358008;2;0;2;0;;
1.4358008;3;0;-2;0;;
1.446829;1;0;45;0;;
1.446829;2;0;2;0;;
1.446829;3;0;-2;0;;
1.4583601;1;0;45;0;;
1.4583601;2;0;2;0;;
1.4583601;3;0;-2;0;;
1.4693887;1;0;45;0;;
1.4693887;2;0;2;0;;
1.4693887;3;0;-2;0;;
1.48092;1;0;45;0;;
1.48092;2;0;2;0;;
1.48092;3;0;-2;0;;
1.4914473;1;0;45;0;;
1.4914473;2;0;2;0;;
1.4914473;3;0;-2;0;;
1.5029779;1;0;45;0;;
1.5029779;2;0;2;0;;
1.5029779;3;0;-2;0;;
1.5140072;1;0;45;0;;
1.5140072;2;0;2;0;;
1.5140072;3;0;-2;0;;
1.5255378;1;0;45;0;;
1.5255378;2;0;2;0;;
1.5255378;3;0;-2;0;;
1.5360653;1;0;45;0;;
1.5360653;2;0;2;0;;
1.5360653;3;0;-2;0;;
1.5480969;1;0;45;0;;
1.5480969;2;0;2;0;;
1.5480969;3;0;-2;0;;
1.5586247;1;0;45;0;;
1.5586247;2;0;2;0;;
1.5586247;3;0;-2;0;;
1.5701558;1;0;45;0;;
1.5701558;2;0;2;0;;
1.5701558;3;0;-2;0;;
1.5806831;1;0;45;0;;
1.5806831;2;0;2;0;;
1.5806831;3;0;-2;0;;
1.5922144;1;0;45;0;;
1.5922144;2;0;2;0;;
1.5922144;3;0;-2;0;;
1.6027415;1;0;45;0;;
1.6027415;2;0;2;0;;
1.6027415;3;0;-2;0;;
1.6147738;1;0;45;0;;
1.6147738;2;0;2;0;;
1.6147738;3;0;-2;0;;
1.6258029;1;0;45;0;;
1.6258029;2;0;2;0;;
1.6258029;3;0;-2;0;;
1.6368319;1;0;45;0;;
1.6368319;2;0;2;0;;
1.6368319;3;0;-2;0;;
1.6478615;1;0;45;0;;
1.6478615;2;0;-2;0;;
1.6478615;3;0;-2;0;;
1.6593918;1;0;45;0;;
1.6593918;2;0;-2;0;;
1.6593918;3;0;-2;0;;
1.6704206;1;0;45;0;;
1.6704206;2;0;-2;0;;
1.6704206;3;0;-2;0;;
1.6814505;1;0;45;0;;
1.6814505;2;0;-2;0;;
1.6814505;3;0;-2;0;;
1.6929805;1;0;45;0;;
1.6929805;2;0;-2;0;;
1.6929805;3;0;-2;0;;
1.7035083;1;0;45;0;;
1.7035083;2;0;-2;0;;
1.7035083;3;0.006896552;-2;0;;
1.7150394;1;0;45;0;;
1.7150394;2;0;-2;0;;
1.7150394;3;0.01369863;-2;0;;
1.7260685;1;0;45;0;;
1.7260685;2;0;-2;0;;
1.7260685;3;0.02040816;-2;0;;
1.7375986;1;0;45;0;;
1.7375986;2;0;-2;0;;
1.7375986;3;0.02702703;-2;0;;
1.7486281;1;0;45;0;;
1.7486281;2;0;-2;0;;
1.7486281;3;0.03355705;-2;0;;
1.7601582;1;0;45;0;;
1.7601582;2;0;-2;0;;
1.7601582;3;0.04;-2;0;;
1.7711873;1;0;45;0;;
1.7711873;2;0;-2;0;;
1.7711873;3;0.04635762;-2;0;;
1.7827181;1;0;45;0;;
1.7827181;2;0;-2;0;;
1.7827181;3;0.05263158;-2;0;;
1.7937474;1;0;45;0;;
1.7937474;2;0;-2;0;;
1.7937474;3;0.05882353;-2;0;;
1.8047767;1;0;45;0;;
1.8047767;2;0;-2;0;;
1.8047767;3;0.06493507;-2;0;;
1.8158058;1;0;45;0;;
1.8158058;2;0;-2;0;;
1.8158058;3;0.07096774;-2;0;;
1.8273364;1;0;45;0;;
1.8273364;2;0;-2;0;;
1.8273364;3;0.07692308;-2;0;;
1.8383654;1;0;45;0;;
1.8383654;2;0;-2;0;;
1.8383654;3;0.08280255;-2;0;;
1.8498963;1;0;45;0;;
1.8498963;2;0;-2;0;;
1.8498963;3;0.08860759;-2;0;;
1.8609248;1;0;45;0;;
1.8609248;2;0;-2;0;;
1.8609248;3;0.09433962;-2;0;;
1.8724561;1;0;45;0;;
1.8724561;2;0;-2;0;;
1.8724561;3;0.1;-2;0;;
1.8829837;1;0;45;0;;
1.8829837;2;0;-2;0;;
1.8829837;3;0.1055901;-2;0;;
1.8945135;1;0;45;0;;
1.8945135;2;0;-2;0;;
1.8945135;3;0.1111111;-2;0;;
1.9050421;1;0;45;0;;
1.9050421;2;0;-2;0;;
1.9050421;3;0.1165644;-2;0;;
1.9160709;1;0;45;0;;
1.9160709;2;0;-2;0;;
1.9160709;3;0.1219512;-2;0;;
1.9270999;1;0;45;0;;
1.9270999;2;0;-2;0;;
1.9270999;3;0.1272727;-2;0;;
1.9381295;1;0;45;0;;
1.9381295;2;0;-2;0;;
1.9381295;3;0.1325301;-2;0;;
1.9496598;1;0;45;0;;
1.9496598;2;0;-2;0;;
1.9496598;3;0.1377245;-2;0;;
1.9606889;1;0;45;0;;
1.9606889;2;0;-2;0;;
1.9606889;3;0.1428571;-2;0;;
1.9717182;1;0;45;0;;
1.9717182;2;0;-2;0;;
1.9717182;3;0.147929;-2;0;;
1.9832485;1;0;45;0;;
1.9832485;2;0;-2;0;;
1.9832485;3;0.1529412;-2;0;;
1.9942778;1;0;45;0;;
1.9942778;2;0;-2;0;;
1.9942778;3;0.1578947;-2;0;;
2.0058082;1;0;45;0;;
2.0058082;2;0;-2;0;;
2.0058082;3;0.1627907;-2;0;;
2.016838;1;0;45;0;;
2.016838;2;0;-2;0;;
2.016838;3;0.1676301;-2;0;;
2.0273655;1;0;45;0;;
2.0273655;2;0;-2;0;;
2.0273655;3;0.1724138;-2;0;;
2.0388959;1;0;45;0;;
2.0388959;2;0;-2;0;;
2.0388959;3;0.1771429;-2;0;;
2.0499254;1;0;45;0;;
2.0499254;2;0;-2;0;;
2.0499254;3;0.1818182;-2;0;;
2.0614555;1;0;45;0;;
2.0614555;2;0;-2;0;;
2.0614555;3;0.1864407;-2;0;;
2.0724848;1;0;45;0;;
2.0724848;2;0;-2;0;;
2.0724848;3;0.1910112;-2;0;;
2.0845172;1;0;45;0;;
2.0845172;2;0;-2;0;;
2.0845172;3;0.1955307;-2;0;;
2.0950447;1;0;45;0;;
2.0950447;2;0;-2;0;;
2.0950447;3;0.2;-2;0;;
2.106074;1;0;45;0;;
2.106074;2;0;-2;0;;
2.106074;3;0.2044199;-2;0;;
2.1176046;1;0;45;0;;
2.1176046;2;0;-2;0;;
2.1176046;3;0.2087912;-2;0;;
2.1291352;1;0;45;0;;
2.1291352;2;0;-2;0;;
2.1291352;3;0.2131148;-2;0;;
2.139663;1;0;45;0;;
2.139663;2;0;-2;0;;
2.139663;3;0.2173913;-2;0;;
2.1511933;1;0;45;0;;
2.1511933;2;0;-2;0;;
2.1511933;3;0.2216216;-2;0;;
2.1617208;1;0;45;0;;
2.1617208;2;0;-2;0;;
2.1617208;3;0.2258064;-2;0;;
2.1737529;1;0;45;0;;
2.1737529;2;0;-2;0;;
2.1737529;3;0.2299465;-2;0;;
2.1842807;1;0;45;0;;
2.1842807;2;0;-2;0;;
2.1842807;3;0.2340426;-2;0;;
2.1958113;1;0;45;0;;
2.1958113;2;0;-2;0;;
2.1958113;3;0.2380952;-2;0;;
2.2063389;1;0;45;0;;
2.2063389;2;0;-2;0;;
2.2063389;3;0.2421053;-2;0;;
2.2178694;1;0;45;0;;
2.2178694;2;0;-2;0;;
2.2178694;3;0.2460733;-2;0;;
2.2294003;1;0;45;0;;
2.2294003;2;0;-2;0;;
2.2294003;3;0.25;-2;0;;
2.2404296;1;0;45;0;;
2.2404296;2;0;-2;0;;
2.2404296;3;0.253886;-2;0;;
2.2514584;1;0;45;0;;
2.2514584;2;0;-2;0;;
2.2514584;3;0.2577319;-2;0;;
2.2624875;1;0;45;0;;
2.2624875;2;0;-2;0;;
2.2624875;3;0.2615385;-2;0;;
2.2735173;1;0;45;0;;
2.2735173;2;0;-2;0;;
2.2735173;3;0.2653061;-2;0;;
2.2850476;1;0;45;0;;
2.2850476;2;0;-2;0;;
2.2850476;3;0.2690355;-2;0;;
2.2965782;1;0;45;0;;
2.2965782;2;0;-2;0;;
2.2965782;3;0.2727273;-2;0;;
2.307106;1;0;45;0;;
2.307106;2;0;-2;0;;
2.307106;3;0.2763819;-2;0;;
2.3186366;1;0;45;0;;
2.3186366;2;0;-2;0;;
2.3186366;3;0.28;-2;0;;
2.3296659;1;0;45;0;;
2.3296659;2;0;-2;0;;
2.3296659;3;0.2835821;-2;0;;
2.3406947;1;0;45;0;;
2.3406947;2;0;-2;0;;
2.3406947;3;0.2871287;-2;0;;
2.352727;1;0;45;0;;
2.352727;2;0;-2;0;;
2.352727;3;0.2906404;-2;0;;
2.3627531;1;0;45;0;;
2.3627531;2;0;-2;0;;
2.3627531;3;0.2941177;-2;0;;
2.3742836;1;0;45;0;;
2.3742836;2;0;-2;0;;
2.3742836;3;0.297561;-2;0;;
2.3863152;1;0;45;0;;
2.3863152;2;0;-2;0;;
2.3863152;3;0.3009709;-2;0;;
2.3963446;1;0;45;0;;
2.3963446;2;0;-2;0;;
2.3963446;3;0.3043478;-2;0;;
2.4083739;1;0;45;0;;
2.4083739;2;0;-2;0;;
2.4083739;3;0.3076923;-2;0;;
2.4189017;1;0;45;0;;
2.4189017;2;0;-2;0;;
2.4189017;3;0.3110048;-2;0;;
2.4304322;1;0;45;0;;
2.4304322;2;0;-2;0;;
2.4304322;3;0.3142857;-2;0;;
2.441461;1;0;45;0;;
2.441461;2;0;-2;0;;
2.441461;3;0.3175355;-2;0;;
2.4524904;1;0;45;0;;
2.4524904;2;0;-2;0;;
2.4524904;3;0.3207547;-2;0;;
2.4635197;1;0;45;0;;
2.4635197;2;0;-2;0;;
2.4635197;3;0.3239437;-2;0;;
2.4745492;1;0;45;0;;
2.4745492;2;0;-2;0;;
2.4745492;3;0.3271028;-2;0;;
2.4860793;1;0;45;0;;
2.4860793;2;0;-2;0;;
2.4860793;3;0.3302326;-2;0;;
2.4971094;1;0;45;0;;
2.4971094;2;0;-2;0;;
2.4971094;3;0.3333333;-2;0;;
2.5081382;1;0;45;0;;
2.5081382;2;0;-2;0;;
2.5081382;3;0.3364055;-2;0;;
2.5196683;1;0;45;0;;
2.5196683;2;0;-2;0;;
2.5196683;3;0.3394496;-2;0;;
2.5306978;1;0;45;0;;
2.5306978;2;0;-2;0;;
2.5306978;3;0.3424658;-2;0;;
2.5417266;1;0;45;0;;
2.5417266;2;0;-2;0;;
2.5417266;3;0.3454545;-2;0;;
2.5527557;1;0;45;0;;
2.5527557;2;0;-2;0;;
2.5527557;3;0.3484163;-2;0;;
2.564286;1;0;45;0;;
2.564286;2;0;-2;0;;
2.564286;3;0.3513514;-2;0;;
2.5753158;1;0;45;0;;
2.5753158;2;0;-2;0;;
2.5753158;3;0.3542601;-2;0;;
2.5863454;1;0;45;0;;
2.5863454;2;0;-2;0;;
2.5863454;3;0.3571429;-2;0;;
2.5978752;1;0;45;0;;
2.5978752;2;0;-2;0;;
2.5978752;3;0.36;-2;0;;
2.6089043;1;0;45;0;;
2.6089043;2;0;-2;0;;
2.6089043;3;0.3628319;-2;0;;
2.6204351;1;0;45;0;;
2.6204351;2;0;-2;0;;
2.6204351;3;0.3656388;-2;0;;
2.6309627;1;0;45;0;;
2.6309627;2;0;-2;0;;
2.6309627;3;0.368421;-2;0;;
2.6424932;1;0;45;0;;
2.6424932;2;0;-2;0;;
2.6424932;3;0.371179;-2;0;;
2.6535226;1;0;45;0;;
2.6535226;2;0;-2;0;;
2.6535226;3;0.373913;-2;0;;
2.6650534;1;0;45;0;;
2.6650534;2;0;-2;0;;
2.6650534;3;0.3766234;-2;0;;
2.6755809;1;0;45;0;;
2.6755809;2;0;-2;0;;
2.6755809;3;0.3793103;-2;0;;
2.6876135;1;0;45;0;;
2.6876135;2;0;-2;0;;
2.6876135;3;0.3819743;-2;0;;
2.6981406;1;0;45;0;;
2.6981406;2;0;-2;0;;
2.6981406;3;0.3846154;-2;0;;
2.7091699;1;0;45;0;;
2.7091699;2;0;-2;0;;
2.7091699;3;0.387234;-2;0;;
2.7207005;1;0;45;0;;
2.7207005;2;0;-2;0;;
2.7207005;3;0.3898305;-2;0;;
2.7317293;1;0;45;0;;
2.7317293;2;0;-2;0;;
2.7317293;3;0.3924051;-2;0;;
2.7427586;1;0;45;0;;
2.7427586;2;0;-2;0;;
2.7427586;3;0.394958;-2;0;;
2.7542889;1;0;45;0;;
2.7542889;2;0;-2;0;;
2.7542889;3;0.3974895;-2;0;;
2.7653187;1;0;45;0;;
2.7653187;2;0;-2;0;;
2.7653187;3;0.4;-2;0;;
2.7763476;1;0;45;0;;
2.7763476;2;0;-2;0;;
2.7763476;3;0.4024896;-2;0;;
2.7873766;1;0;45;0;;
2.7873766;2;0;-2;0;;
2.7873766;3;0.4049587;-2;0;;
2.7984059;1;0;45;0;;
2.7984059;2;0;-2;0;;
2.7984059;3;0.4074074;-2;0;;
2.8099363;1;0;45;0;;
2.8099363;2;0;-2;0;;
2.8099363;3;0.4098361;-2;0;;
2.8209661;1;0;45;0;;
2.8209661;2;0;-2;0;;
2.8209661;3;0.4122449;-2;0;;
2.8324964;1;0;45;0;;
2.8324964;2;0;-2;0;;
2.8324964;3;0.4146341;-2;0;;
2.8435252;1;0;45;0;;
2.8435252;2;0;-2;0;;
2.8435252;3;0.417004;-2;0;;
2.8545548;1;0;45;0;;
2.8545548;2;0;-2;0;;
2.8545548;3;0.4193548;-2;0;;
2.8655838;1;0;45;0;;
2.8655838;2;0;-2;0;;
2.8655838;3;0.4216867;-2;0;;
2.8771147;1;0;45;0;;
2.8771147;2;0;-2;0;;
2.8771147;3;0.424;-2;0;;
2.8881437;1;0;45;0;;
2.8881437;2;0;-2;0;;
2.8881437;3;0.4262948;-2;0;;
2.8991728;1;0;45;0;;
2.8991728;2;0;-2;0;;
2.8991728;3;0.4285714;-2;0;;
2.9102019;1;0;45;0;;
2.9102019;2;0;-2;0;;
2.9102019;3;0.43083;-2;0;;
2.9217322;1;0;45;0;;
2.9217322;2;0;-2;0;;
2.9217322;3;0.4330709;-2;0;;
2.9327612;1;0;45;0;;
2.9327612;2;0;-2;0;;
2.9327612;3;0.4352941;-2;0;;
2.950809;1;0;45;0;;
2.950809;2;0;-2;0;;
2.950809;3;0.4375;-2;0;;
2.9568254;1;0;45;0;;
2.9568254;2;0;-2;0;;
2.9568254;3;0.4396887;-2;0;;
2.9658492;1;0;45;0;;
2.9658492;2;0;-2;0;;
2.9658492;3;0.4418605;-2;0;;
2.97738;1;0;45;0;;
2.97738;2;0;-2;0;;
2.97738;3;0.4440154;-2;0;;
2.9884091;1;0;45;0;;
2.9884091;2;0;-2;0;;
2.9884091;3;0.4461538;-2;0;;
2.9994384;1;0;45;0;;
2.9994384;2;0;-2;0;;
2.9994384;3;0.4482759;-2;0;;
3.0114697;1;0;45;0;;
3.0114697;2;0;-2;0;;
3.0114697;3;0.4503817;-2;0;;
3.023;1;0;45;0;;
3.023;2;0;-2;0;;
3.023;3;0.4524715;-2;0;;
3.0330266;1;0;45;0;;
3.0330266;2;0;-2;0;;
3.0330266;3;0.4545455;-2;0;;
3.0440559;1;0;45;0;;
3.0440559;2;0;-2;0;;
3.0440559;3;0.4566038;-2;0;;
3.0555872;1;0;45;0;;
3.0555872;2;0;-2;0;;
3.0555872;3;0.4586466;-2;0;;
3.0666158;1;0;45;0;;
3.0666158;2;0;-2;0;;
3.0666158;3;0.4606742;-2;0;;
3.0776449;1;0;45;0;;
3.0776449;2;0;-2;0;;
3.0776449;3;0.4626866;-2;0;;
3.0891752;1;0;45;0;;
3.0891752;2;0;-2;0;;
3.0891752;3;0.464684;-2;0;;
3.1002045;1;0;45;0;;
3.1002045;2;0;-2;0;;
3.1002045;3;0.4666667;-2;0;;
3.1112341;1;0;45;0;;
3.1112341;2;0;-2;0;;
3.1112341;3;0.4686347;-2;0;;
3.1227644;1;0;45;0;;
3.1227644;2;0;-2;0;;
3.1227644;3;0.4705882;-2;0;;
3.1342952;1;0;45;0;;
3.1342952;2;0;-2;0;;
3.1342952;3;0.4725275;-2;0;;
3.1448228;1;0;45;0;;
3.1448228;2;0;-2;0;;
3.1448228;3;0.4744526;-2;0;;
3.1558518;1;0;45;0;;
3.1558518;2;0;-2;0;;
3.1558518;3;0.4763636;-2;0;;
3.1668811;1;0;45;0;;
3.1668811;2;0;-2;0;;
3.1668811;3;0.4782609;-2;0;;
3.178412;1;0;45;0;;
3.178412;2;0;-2;0;;
3.178412;3;0.4801444;-2;0;;
3.189942;1;0;45;0;;
3.189942;2;0;-2;0;;
3.189942;3;0.4820144;-2;0;;
3.2004704;1;0;45;0;;
3.2004704;2;0;-2;0;;
3.2004704;3;0.483871;-2;0;;
3.2120009;1;0;45;0;;
3.2120009;2;0;-2;0;;
3.2120009;3;0.4857143;-2;0;;
3.22303;1;0;45;0;;
3.22303;2;0;-2;0;;
3.22303;3;0.4875445;-2;0;;
3.2340585;1;0;45;0;;
3.2340585;2;0;-2;0;;
3.2340585;3;0.4893617;-2;0;;
3.2450879;1;0;45;0;;
3.2450879;2;0;-2;0;;
3.2450879;3;0.4911661;-2;0;;
3.2566189;1;0;45;0;;
3.2566189;2;0;-2;0;;
3.2566189;3;0.4929577;-2;0;;
3.2681493;1;0;45;0;;
3.2681493;2;0;-2;0;;
3.2681493;3;0.4947369;-2;0;;
3.2791788;1;0;45;0;;
3.2791788;2;0;-2;0;;
3.2791788;3;0.4965035;-2;0;;
3.2907092;1;0;45;0;;
3.2907092;2;0;-2;0;;
3.2907092;3;0.4982578;-2;0;;
3.3012367;1;0;45;0;;
3.3012367;2;0;-2;0;;
3.3012367;3;0.5;-2;0;;
3.3127675;1;0;45;0;;
3.3127675;2;0;-2;0;;
3.3127675;3;0.5017301;-2;0;;
3.3237963;1;0;45;0;;
3.3237963;2;0;-2;0;;
3.3237963;3;0.5034482;-2;0;;
3.3348254;1;0;45;0;;
3.3348254;2;0;-2;0;;
3.3348254;3;0.5051546;-2;0;;
3.3463568;1;0;45;0;;
3.3463568;2;0;-2;0;;
3.3463568;3;0.5068493;-2;0;;
3.356884;1;0;45;0;;
3.356884;2;0;-2;0;;
3.356884;3;0.5085324;-2;0;;
3.3689159;1;0;45;0;;
3.3689159;2;0;-2;0;;
3.3689159;3;0.5102041;-2;0;;
3.3799452;1;0;45;0;;
3.3799452;2;0;-2;0;;
3.3799452;3;0.5118644;-2;0;;
3.3909745;1;0;45;0;;
3.3909745;2;0;-2;0;;
3.3909745;3;0.5135135;-2;0;;
3.4020033;1;0;45;0;;
3.4020033;2;0;-2;0;;
3.4020033;3;0.5151515;-2;0;;
3.4130324;1;0;45;0;;
3.4130324;2;0;-2;0;;
3.4130324;3;0.5167785;-2;0;;
3.4240614;1;0;45;0;;
3.4240614;2;0;-2;0;;
3.4240614;3;0.5183946;-2;0;;
3.4350905;1;0;45;0;;
3.4350905;2;0;-2;0;;
3.4350905;3;0.52;-2;0;;
3.4461201;1;0;45;0;;
3.4461201;2;0;-2;0;;
3.4461201;3;0.5215947;-2;0;;
3.4571496;1;0;45;0;;
3.4571496;2;0;-2;0;;
3.4571496;3;0.5231788;-2;0;;
3.4686795;1;0;45;0;;
3.4686795;2;0;-2;0;;
3.4686795;3;0.5247525;-2;0;;
3.479709;1;0;45;0;;
3.479709;2;0;-2;0;;
3.479709;3;0.5263158;-2;0;;
3.4912393;1;0;45;0;;
3.4912393;2;0;-2;0;;
3.4912393;3;0.5278689;-2;0;;
3.5022692;1;0;45;0;;
3.5022692;2;0;-2;0;;
3.5022692;3;0.5294118;-2;0;;
3.513799;1;0;45;0;;
3.513799;2;0;-2;0;;
3.513799;3;0.5309446;-2;0;;
3.5253298;1;0;45;0;;
3.5253298;2;0;-2;0;;
3.5253298;3;0.5324675;-2;0;;
3.5358576;1;0;45;0;;
3.5358576;2;0;-2;0;;
3.5358576;3;0.5339806;-2;0;;
3.5468872;1;0;45;0;;
3.5468872;2;0;-2;0;;
3.5468872;3;0.5354839;-2;0;;
3.5584175;1;0;45;0;;
3.5584175;2;0;-2;0;;
3.5584175;3;0.5369775;-2;0;;
3.5694466;1;0;45;0;;
3.5694466;2;0;-2;0;;
3.5694466;3;0.5384616;-2;0;;
3.5804759;1;0;45;0;;
3.5804759;2;0;-2;0;;
3.5804759;3;0.5399361;-2;0;;
3.591505;1;0;45;0;;
3.591505;2;0;-2;0;;
3.591505;3;0.5414013;-2;0;;
3.6035368;1;0;45;0;;
3.6035368;2;0;-2;0;;
3.6035368;3;0.5428572;-2;0;;
3.6140648;1;0;45;0;;
3.6140648;2;0;-2;0;;
3.6140648;3;0.5443038;-2;0;;
3.6255954;1;0;45;0;;
3.6255954;2;0;-2;0;;
3.6255954;3;0.5457413;-2;0;;
3.6366245;1;0;45;0;;
3.6366245;2;0;-2;0;;
3.6366245;3;0.5471698;-2;0;;
3.6521654;1;0;45;0;;
3.6521654;2;0;-2;0;;
3.6521654;3;0.5485893;-2;0;;
3.6586826;1;0;45;0;;
3.6586826;2;0;-2;0;;
3.6586826;3;0.55;-2;0;;
3.6702134;1;0;45;0;;
3.6702134;2;0;-2;0;;
3.6702134;3;0.5514019;-2;0;;
3.6812428;1;0;45;0;;
3.6812428;2;0;-2;0;;
3.6812428;3;0.5527951;-2;0;;
3.6922716;1;0;45;0;;
3.6922716;2;0;-2;0;;
3.6922716;3;0.5541795;-2;0;;
3.7033009;1;0;45;0;;
3.7033009;2;0;-2;0;;
3.7033009;3;0.5555556;-2;0;;
3.7143299;1;0;45;0;;
3.7143299;2;0;-2;0;;
3.7143299;3;0.5569231;-2;0;;
3.7258605;1;0;45;0;;
3.7258605;2;0;-2;0;;
3.7258605;3;0.5582822;-2;0;;
3.7368898;1;0;45;0;;
3.7368898;2;0;-2;0;;
3.7368898;3;0.559633;-2;0;;
3.7484204;1;0;45;0;;
3.7484204;2;0;-2;0;;
3.7484204;3;0.5609756;-2;0;;
3.758948;1;0;45;0;;
3.758948;2;0;-2;0;;
3.758948;3;0.56231;-2;0;;
3.7704788;1;0;45;0;;
3.7704788;2;0;-2;0;;
3.7704788;3;0.5636364;-2;0;;
3.7815076;1;0;45;0;;
3.7815076;2;0;-2;0;;
3.7815076;3;0.5649547;-2;0;;
3.7930384;1;0;45;0;;
3.7930384;2;0;-2;0;;
3.7930384;3;0.566265;-2;0;;
3.8040675;1;0;45;0;;
3.8040675;2;0;-2;0;;
3.8040675;3;0.5675676;-2;0;;
3.8150965;1;0;45;0;;
3.8150965;2;0;-2;0;;
3.8150965;3;0.5688623;-2;0;;
3.8261259;1;0;45;0;;
3.8261259;2;0;-2;0;;
3.8261259;3;0.5701492;-2;0;;
3.8381577;1;0;45;0;;
3.8381577;2;0;-2;0;;
3.8381577;3;0.5714286;-2;0;;
3.8486855;1;0;45;0;;
3.8486855;2;0;-2;0;;
3.8486855;3;0.5727003;-2;0;;
3.8642267;1;0;45;0;;
3.8642267;2;0;-2;0;;
3.8642267;3;0.5739645;-2;0;;
3.8707439;1;0;45;0;;
3.8707439;2;0;-2;0;;
3.8707439;3;0.5752212;-2;0;;
3.8822747;1;0;45;0;;
3.8822747;2;0;-2;0;;
3.8822747;3;0.5764706;-2;0;;
3.8933033;1;0;45;0;;
3.8933033;2;0;-2;0;;
3.8933033;3;0.5777126;-2;0;;
3.9043326;1;0;45;0;;
3.9043326;2;0;-2;0;;
3.9043326;3;0.5789474;-2;0;;
3.9158634;1;0;45;0;;
3.9158634;2;0;-2;0;;
3.9158634;3;0.5801749;-2;0;;
3.9268927;1;0;45;0;;
3.9268927;2;0;-2;0;;
3.9268927;3;0.5813953;-2;0;;
3.9379215;1;0;45;0;;
3.9379215;2;0;-2;0;;
3.9379215;3;0.5826087;-2;0;;
3.9494521;1;0;45;0;;
3.9494521;2;0;-2;0;;
3.9494521;3;0.583815;-2;0;;
3.9604814;1;0;45;0;;
3.9604814;2;0;-2;0;;
3.9604814;3;0.5850144;-2;0;;
3.9715107;1;0;45;0;;
3.9715107;2;0;-2;0;;
3.9715107;3;0.5862069;-2;0;;
3.9825398;1;0;45;0;;
3.9825398;2;0;-2;0;;
3.9825398;3;0.5873926;-2;0;;
3.9940704;1;0;45;0;;
3.9940704;2;0;-2;0;;
3.9940704;3;0.5885714;-2;0;;
4.0051;1;0;45;0;;
4.0051;2;0;-2;0;;
4.0051;3;0.5897436;-2;0;;
4.0161285;1;0;45;0;;
4.0161285;2;0;-2;0;;
4.0161285;3;0.5909091;2;0;;
4.0276596;1;0;45;0;;
4.0276596;2;0;-2;0;;
4.0276596;3;0.592068;2;0;;
4.0381874;1;0;45;0;;
4.0381874;2;0;-2;0;;
4.0381874;3;0.5932204;2;0;;
4.0502192;1;0;45;0;;
4.0502192;2;0;-2;0;;
4.0502192;3;0.5943662;2;0;;
4.0612486;1;0;45;0;;
4.0612486;2;0;-2;0;;
4.0612486;3;0.5926966;2;0;;
4.0722776;1;0;45;0;;
4.0722776;2;0;-2;0;;
4.0722776;3;0.5910364;2;0;;
4.0833062;1;0;45;0;;
4.0833062;2;0;-2;0;;
4.0833062;3;0.5893854;2;0;;
4.0943355;1;0;45;0;;
4.0943355;2;0;-2;0;;
4.0943355;3;0.5877438;2;0;;
4.1058658;1;0;45;0;;
4.1058658;2;0;-2;0;;
4.1058658;3;0.5861111;2;0;;
4.1168951;1;0;45;0;;
4.1168951;2;0;-2;0;;
4.1168951;3;0.5844876;2;0;;
4.1279244;1;0;45;0;;
4.1279244;2;0;-2;0;;
4.1279244;3;0.5828729;2;0;;
4.1389537;1;0;45;0;;
4.1389537;2;0;-2;0;;
4.1389537;3;0.5812672;2;0;;
4.1499831;1;0;45;0;;
4.1499831;2;0;-2;0;;
4.1499831;3;0.5796703;2;0;;
4.1615136;1;0;45;0;;
4.1615136;2;0;-2;0;;
4.1615136;3;0.5780822;2;0;;
4.172543;1;0;45;0;;
4.172543;2;0;-2;0;;
4.172543;3;0.5765027;2;0;;
4.184073;1;0;45;0;;
4.184073;2;0;-2;0;;
4.184073;3;0.5749319;2;0;;
4.1946011;1;0;45;0;;
4.1946011;2;0;-2;0;;
4.1946011;3;0.5733696;2;0;;
4.2061319;1;0;45;0;;
4.2061319;2;0;-2;0;;
4.2061319;3;0.5718157;2;0;;
4.217161;1;0;45;0;;
4.217161;2;0;-2;0;;
4.217161;3;0.5702703;2;0;;
4.2286918;1;0;45;0;;
4.2286918;2;0;-2;0;;
4.2286918;3;0.5687332;2;0;;
4.2397204;1;0;45;0;;
4.2397204;2;0;-2;0;;
4.2397204;3;0.5672043;2;0;;
4.2512509;1;0;45;0;;
4.2512509;2;0;-2;0;;
4.2512509;3;0.5656837;2;0;;
4.2617785;1;0;45;0;;
4.2617785;2;0;-2;0;;
4.2617785;3;0.5641711;2;0;;
4.2733093;1;0;45;0;;
4.2733093;2;0;-2;0;;
4.2733093;3;0.5626667;2;0;;
4.2893515;1;0;45;0;;
4.2893515;2;0;-2;0;;
4.2893515;3;0.5611702;2;0;;
4.2958692;1;0;45;0;;
4.2958692;2;0;-2;0;;
4.2958692;3;0.5596817;2;0;;
4.306898;1;0;45;0;;
4.306898;2;0;-2;0;;
4.306898;3;0.5582011;2;0;;
4.3179276;1;0;45;0;;
4.3179276;2;0;-2;0;;
4.3179276;3;0.5567282;2;0;;
4.3289569;1;0;45;0;;
4.3289569;2;0;-2;0;;
4.3289569;3;0.5552632;2;0;;
4.3404875;1;0;45;0;;
4.3404875;2;0;-2;0;;
4.3404875;3;0.5538058;2;0;;
4.3510153;1;0;45;0;;
4.3510153;2;0;-2;0;;
4.3510153;3;0.552356;2;0;;
4.3630469;1;0;45;0;;
4.3630469;2;0;-2;0;;
4.3630469;3;0.5509138;2;0;;
4.3735752;1;0;45;0;;
4.3735752;2;0;-2;0;;
4.3735752;3;0.5494792;2;0;;
4.385105;1;0;45;0;;
4.385105;2;0;-2;0;;
4.385105;3;0.548052;2;0;;
4.3961343;1;0;45;0;;
4.3961343;2;0;-2;0;;
4.3961343;3;0.5466321;2;0;;
4.4076651;1;0;45;0;;
4.4076651;2;0;-2;0;;
4.4076651;3;0.5452197;2;0;;
4.4181929;1;0;45;0;;
4.4181929;2;0;-2;0;;
4.4181929;3;0.5438144;2;0;;
4.4297235;1;0;45;0;;
4.4297235;2;0;-2;0;;
4.4297235;3;0.5424165;2;0;;
4.4407523;1;0;45;0;;
4.4407523;2;0;-2;0;;
4.4407523;3;0.5410256;2;0;;
4.4522834;1;0;45;0;;
4.4522834;2;0;-2;0;;
4.4522834;3;0.5396419;2;0;;
4.4628107;1;0;45;0;;
4.4628107;2;0;-2;0;;
4.4628107;3;0.5382653;2;0;;
4.474341;1;0;45;0;;
4.474341;2;0;-2;0;;
4.474341;3;0.5368957;2;0;;
4.4853706;1;0;45;0;;
4.4853706;2;0;-2;0;;
4.4853706;3;0.535533;2;0;;
4.4999087;1;0;45;0;;
4.4999087;2;0;-2;0;;
4.4999087;3;0.5341772;2;0;;
4.5074287;1;0;45;0;;
4.5074287;2;0;-2;0;;
4.5074287;3;0.5328283;2;0;;
4.518959;1;0;45;0;;
4.518959;2;0;-2;0;;
4.518959;3;0.5314862;2;0;;
4.5299889;1;0;45;0;;
4.5299889;2;0;-2;0;;
4.5299889;3;0.5301508;2;0;;
4.5410177;1;0;45;0;;
4.5410177;2;0;-2;0;;
4.5410177;3;0.5288221;2;0;;
4.5525482;1;0;45;0;;
4.5525482;2;0;-2;0;;
4.5525482;3;0.5275;2;0;;
4.5635776;1;0;45;0;;
4.5635776;2;0;-2;0;;
4.5635776;3;0.5261846;2;0;;
4.5746066;1;0;45;0;;
4.5746066;2;0;-2;0;;
4.5746066;3;0.5248756;2;0;;
4.5856357;1;0;45;0;;
4.5856357;2;0;-2;0;;
4.5856357;3;0.5235732;2;0;;
4.5971665;1;0;45;0;;
4.5971665;2;0;-2;0;;
4.5971665;3;0.5222772;2;0;;
4.6081956;1;0;45;0;;
4.6081956;2;0;-2;0;;
4.6081956;3;0.5209876;2;0;;
4.6192246;1;0;45;0;;
4.6192246;2;0;-2;0;;
4.6192246;3;0.5197045;2;0;;
4.6302537;1;0;45;0;;
4.6302537;2;0;-2;0;;
4.6302537;3;0.5184275;2;0;;
4.6417845;1;0;45;0;;
4.6417845;2;0;-2;0;;
4.6417845;3;0.5171568;2;0;;
4.6533154;1;0;45;0;;
4.6533154;2;0;-2;0;;
4.6533154;3;0.5158924;2;0;;
4.6643447;1;0;45;0;;
4.6643447;2;0;2;0;;
4.6643447;3;0.5146341;2;0;;
4.6753732;1;0;45;0;;
4.6753732;2;0;2;0;;
4.6753732;3;0.513382;2;0;;
4.6869043;1;0;45;0;;
4.6869043;2;0;2;0;;
4.6869043;3;0.5121359;2;0;;
4.6974316;1;0;45;0;;
4.6974316;2;0;2;0;;
4.6974316;3;0.5108959;2;0;;
4.7094637;1;0;45;0;;
4.7094637;2;0;2;0;;
4.7094637;3;0.5096619;2;0;;
4.7199912;1;0;45;0;;
4.7199912;2;0;2;0;;
4.7199912;3;0.5084338;2;0;;
4.7310211;1;0;45;0;;
4.7310211;2;0;2;0;;
4.7310211;3;0.5072116;2;0;;
4.7420496;1;0;45;0;;
4.7420496;2;0;2;0;;
4.7420496;3;0.5059952;2;0;;
4.753581;1;0;45;0;;
4.753581;2;0;2;0;;
4.753581;3;0.5047847;2;0;;
4.76461;1;0;45;0;;
4.76461;2;0;2;0;;
4.76461;3;0.50358;2;0;;
4.7761401;1;0;45;0;;
4.7761401;2;0;2;0;;
4.7761401;3;0.502381;2;0;;
4.7866679;1;0;45;0;;
4.7866679;2;0;2;0;;
4.7866679;3;0.5011876;2;0;;
4.7981987;1;0;45;0;;
4.7981987;2;0;2;0;;
4.7981987;3;0.5;2;0;;
4.8092278;1;0;45;0;;
4.8092278;2;0;2;0;;
4.8092278;3;0.498818;2;0;;
4.8202568;1;0;45;0;;
4.8202568;2;0;2;0;;
4.8202568;3;0.4976415;2;0;;
4.8317872;1;0;45;0;;
4.8317872;2;0;2;0;;
4.8317872;3;0.4964706;2;0;;
4.8428165;1;0;45;0;;
4.8428165;2;0;2;0;;
4.8428165;3;0.4953052;2;0;;
4.8538455;1;0;45;0;;
4.8538455;2;0;2;0;;
4.8538455;3;0.4941452;2;0;;
4.8653766;1;0;45;0;;
4.8653766;2;0;2;0;;
4.8653766;3;0.4929906;2;0;;
4.8764054;1;0;45;0;;
4.8764054;2;0;2;0;;
4.8764054;3;0.4918415;2;0;;
4.8879363;1;0;45;0;;
4.8879363;2;0;2;0;;
4.8879363;3;0.4906977;2;0;;
4.8984638;1;0;45;0;;
4.8984638;2;0;2;0;;
4.8984638;3;0.4895592;2;0;;
4.9099949;1;0;45;0;;
4.9099949;2;0;2;0;;
4.9099949;3;0.4884259;2;0;;
4.9210235;1;0;45;0;;
4.9210235;2;0;2;0;;
4.9210235;3;0.4872979;2;0;;
4.9320535;1;0;45;0;;
4.9320535;2;0;2;0;;
4.9320535;3;0.4861751;2;0;;
4.9430818;1;0;45;0;;
4.9430818;2;0;2;0;;
4.9430818;3;0.4850575;2;0;;
4.9551139;1;0;45;0;;
4.9551139;2;0;2;0;;
4.9551139;3;0.483945;2;0;;
4.9656412;1;0;45;0;;
4.9656412;2;0;2;0;;
4.9656412;3;0.4828375;2;0;;
4.9766708;1;0;45;0;;
4.9766708;2;0;2;0;;
4.9766708;3;0.4817352;2;0;;
4.9882014;1;0;45;0;;
4.9882014;2;0;2;0;;
4.9882014;3;0.4806378;2;0;;
4.9987287;1;0;45;0;;
4.9987287;2;0;2;0;;
4.9987287;3;0.4795454;2;0;;
5.0102603;1;0;45;0;;
5.0102603;2;0;2;0;;
5.0102603;3;0.478458;2;0;;
5.0217901;1;0;45;0;;
5.0217901;2;0;2;0;;
5.0217901;3;0.4773756;2;0;;
5.0328191;1;0;45;0;;
5.0328191;2;0;2;0;;
5.0328191;3;0.476298;2;0;;
5.0433477;1;0;45;0;;
5.0433477;2;0;2;0;;
5.0433477;3;0.4752252;2;0;;
5.0548775;1;0;45;0;;
5.0548775;2;0;2;0;;
5.0548775;3;0.4741573;2;0;;
5.0664086;1;0;45;0;;
5.0664086;2;0;2;0;;
5.0664086;3;0.4730942;2;0;;
5.0774374;1;0;45;0;;
5.0774374;2;0;2;0;;
5.0774374;3;0.4720358;2;0;;
5.0884667;1;0;45;0;;
5.0884667;2;0;2;0;;
5.0884667;3;0.4709821;2;0;;
5.0994958;1;0;45;0;;
5.0994958;2;-0.002227172;2;0;;
5.0994958;3;0.4699332;2;0;;
5.1110266;1;0;45;0;;
5.1110266;2;-0.004444445;2;0;;
5.1110266;3;0.4688889;2;0;;
5.1220554;1;0;45;0;;
5.1220554;2;-0.006651885;2;0;;
5.1220554;3;0.4678492;2;0;;
5.1330845;1;0;45;0;;
5.1330845;2;-0.008849557;2;0;;
5.1330845;3;0.4668142;2;0;;
5.1441138;1;0;45;0;;
5.1441138;2;-0.01103753;2;0;;
5.1441138;3;0.4657837;2;0;;
5.160156;1;0;45;0;;
5.160156;2;-0.01321586;2;0;;
5.160156;3;0.4647577;2;0;;
5.1666734;1;0;45;0;;
5.1666734;2;-0.01538462;2;0;;
5.1666734;3;0.4637363;2;0;;
5.1782043;1;0;45;0;;
5.1782043;2;-0.01754386;2;0;;
5.1782043;3;0.4627193;2;0;;
5.1887321;1;0;45;0;;
5.1887321;2;-0.01969365;2;0;;
5.1887321;3;0.4617068;2;0;;
5.2002629;1;0;45;0;;
5.2002629;2;-0.02183406;2;0;;
5.2002629;3;0.4606987;2;0;;
5.2112917;1;0;45;0;;
5.2112917;2;-0.02396514;2;0;;
5.2112917;3;0.459695;2;0;;
5.2228223;1;0;45;0;;
5.2228223;2;-0.02608696;2;0;;
5.2228223;3;0.4586957;2;0;;
5.2338511;1;0;45;0;;
5.2338511;2;-0.02819957;2;0;;
5.2338511;3;0.4577006;2;0;;
5.2458832;1;0;45;0;;
5.2458832;2;-0.03030303;2;0;;
5.2458832;3;0.45671;2;0;;
5.25591;1;0;45;0;;
5.25591;2;-0.03239741;2;0;;
5.25591;3;0.4557236;2;0;;
5.26744;1;0;45;0;;
5.26744;2;-0.03448276;2;0;;
5.26744;3;0.4547414;2;0;;
5.2784694;1;0;45;0;;
5.2784694;2;-0.03655914;2;0;;
5.2784694;3;0.4537635;2;0;;
5.2900002;1;0;45;0;;
5.2900002;2;-0.03862661;2;0;;
5.2900002;3;0.4527897;2;0;;
5.3010298;1;0;45;0;;
5.3010298;2;-0.04068523;2;0;;
5.3010298;3;0.4518201;2;0;;
5.3120588;1;0;45;0;;
5.3120588;2;-0.04273504;2;0;;
5.3120588;3;0.4508547;2;0;;
5.3230876;1;0;45;0;;
5.3230876;2;-0.04477612;2;0;;
5.3230876;3;0.4498934;2;0;;
5.3341167;1;0;45;0;;
5.3341167;2;-0.04680851;2;0;;
5.3341167;3;0.4489362;2;0;;
5.3456473;1;0;45;0;;
5.3456473;2;-0.04883227;2;0;;
5.3456473;3;0.447983;2;0;;
5.3566761;1;0;45;0;;
5.3566761;2;-0.05084746;2;0;;
5.3566761;3;0.4470339;2;0;;
5.3677054;1;0;45;0;;
5.3677054;2;-0.05285412;2;0;;
5.3677054;3;0.4460888;2;0;;
5.3817425;1;0;45;0;;
5.3817425;2;-0.05485232;2;0;;
5.3817425;3;0.4451477;2;0;;
5.3902655;1;0;45;0;;
5.3902655;2;-0.0568421;2;0;;
5.3902655;3;0.4442105;2;0;;
5.4012943;1;0;45;0;;
5.4012943;2;-0.05882353;2;0;;
5.4012943;3;0.4432773;2;0;;
5.4123234;1;0;45;0;;
5.4123234;2;-0.06079664;2;0;;
5.4123234;3;0.442348;2;0;;
5.4233527;1;0;45;0;;
5.4233527;2;-0.06276151;2;0;;
5.4233527;3;0.4414226;2;0;;
5.4348833;1;0;45;0;;
5.4348833;2;-0.06471816;2;0;;
5.4348833;3;0.440501;2;0;;
5.4459126;1;0;45;0;;
5.4459126;2;-0.06666667;2;0;;
5.4459126;3;0.4395833;2;0;;
5.4569414;1;0;45;0;;
5.4569414;2;-0.06860707;2;0;;
5.4569414;3;0.4386694;2;0;;
5.467971;1;0;45;0;;
5.467971;2;-0.07053942;2;0;;
5.467971;3;0.4377593;2;0;;
5.4795021;1;0;45;0;;
5.4795021;2;-0.07246377;2;0;;
5.4795021;3;0.436853;2;0;;
5.4905306;1;0;45;0;;
5.4905306;2;-0.07438017;2;0;;
5.4905306;3;0.4359504;2;0;;
5.502062;1;0;45;0;;
5.502062;2;-0.07628866;2;0;;
5.502062;3;0.4350516;2;0;;
5.5130903;1;0;45;0;;
5.5130903;2;-0.0781893;2;0;;
5.5130903;3;0.4341564;2;0;;
5.5241198;1;0;45;0;;
5.5241198;2;-0.08008213;2;0;;
5.5241198;3;0.4332649;2;0;;
5.5351486;1;0;45;0;;
5.5351486;2;-0.08196721;2;0;;
5.5351486;3;0.432377;2;0;;
5.5466795;1;0;45;0;;
5.5466795;2;-0.08384458;2;0;;
5.5466795;3;0.4314928;2;0;;
5.5577083;1;0;45;0;;
5.5577083;2;-0.08571429;2;0;;
5.5577083;3;0.4306122;2;0;;
5.5687379;1;0;45;0;;
5.5687379;2;-0.08757637;2;0;;
5.5687379;3;0.4297352;2;0;;
5.57977;1;0;45;0;;
5.57977;2;-0.08739837;2;0;;
5.57977;3;0.4288618;2;0;;
5.5917988;1;0;45;0;;
5.5917988;2;-0.08722109;2;0;;
5.5917988;3;0.4279919;2;0;;
5.6023266;1;0;45;0;;
5.6023266;2;-0.08704454;2;0;;
5.6023266;3;0.4271255;2;0;;
5.6178672;1;0;45;0;;
5.6178672;2;-0.08686869;2;0;;
5.6178672;3;0.4262626;2;0;;
5.6243847;1;0;45;0;;
5.6243847;2;-0.08669355;2;0;;
5.6243847;3;0.4254032;2;0;;
5.6359153;1;0;45;0;;
5.6359153;2;-0.08651911;2;0;;
5.6359153;3;0.4245473;2;0;;
5.6469448;1;0;45;0;;
5.6469448;2;-0.08634538;2;0;;
5.6469448;3;0.4236948;2;0;;
5.6579739;1;0;45;0;;
5.6579739;2;-0.08617234;2;0;;
5.6579739;3;0.4228457;2;0;;
5.6695042;1;0;45;0;;
5.6695042;2;-0.086;2;0;;
5.6695042;3;0.422;2;0;;
5.6805333;1;0;45;0;;
5.6805333;2;-0.08582834;2;0;;
5.6805333;3;0.4211577;2;0;;
5.6915623;1;0;45;0;;
5.6915623;2;-0.08565737;2;0;;
5.6915623;3;0.4203187;2;0;;
5.7030929;1;0;45;0;;
5.7030929;2;-0.08548708;2;0;;
5.7030929;3;0.4194831;2;0;;
5.7141227;1;0;45;0;;
5.7141227;2;-0.08531746;2;0;;
5.7141227;3;0.4186508;2;0;;
5.7251515;1;0;45;0;;
5.7251515;2;-0.08514851;2;0;;
5.7251515;3;0.4178218;2;0;;
5.7366824;1;0;45;0;;
5.7366824;2;-0.08498023;2;0;;
5.7366824;3;0.4169961;2;0;;
5.7472097;1;0;45;0;;
5.7472097;2;-0.08678501;2;0;;
5.7472097;3;0.4161736;2;0;;
5.7587402;1;0;45;0;;
5.7587402;2;-0.08858268;2;0;;
5.7587402;3;0.4153543;2;0;;
5.7697696;1;0;45;0;;
5.7697696;2;-0.09037328;2;0;;
5.7697696;3;0.4145383;2;0;;
5.7807989;1;0;45;0;;
5.7807989;2;-0.09215686;2;0;;
5.7807989;3;0.4137255;2;0;;
5.7923292;1;0;45;0;;
5.7923292;2;-0.09393346;2;0;;
5.7923292;3;0.4129159;2;0;;
5.8033583;1;0;45;0;;
5.8033583;2;-0.09570313;2;0;;
5.8033583;3;0.4121094;2;0;;
5.8143878;1;0;45;0;;
5.8143878;2;-0.09746589;2;0;;
5.8143878;3;0.4113061;2;0;;
5.8254169;1;0;45;0;;
5.8254169;2;-0.09922179;2;0;;
5.8254169;3;0.4105058;2;0;;
5.8369472;1;0;45;0;;
5.8369472;2;-0.1009709;2;0;;
5.8369472;3;0.4097087;2;0;;
5.8484781;1;0;45;0;;
5.8484781;2;-0.1027132;2;0;;
5.8484781;3;0.4089147;2;0;;
5.8590056;1;0;45;0;;
5.8590056;2;-0.1044487;2;0;;
5.8590056;3;0.4081238;2;0;;
5.8700349;1;0;45;0;;
5.8700349;2;-0.1061776;2;0;;
5.8700349;3;0.4073359;2;0;;
5.8815657;1;0;45;0;;
5.8815657;2;-0.1078998;2;0;;
5.8815657;3;0.4084778;2;0;;
5.8930963;1;0;45;0;;
5.8930963;2;-0.1096154;2;0;;
5.8930963;3;0.4096154;2;0;;
5.9041254;1;0.0003818137;45;0;;
5.9041254;2;-0.1101993;2;0;;
5.9041254;3;0.4096223;2;0;;
5.9151544;1;0.0007621645;45;0;;
5.9151544;2;-0.110781;2;0;;
5.9151544;3;0.4096292;2;0;;
5.9261838;1;0.0008290703;45;0;;
5.9261838;2;-0.1113894;2;0;;
5.9261838;3;0.4096653;2;0;;
5.9377143;1;0.0009982145;45;0;;
5.9377143;2;-0.1118788;2;0;;
5.9377143;3;0.4095842;2;0;;
5.9487434;1;0.001261302;45;0;;
5.9487434;2;-0.1122396;2;0;;
5.9487434;3;0.4093764;2;0;;
5.9597727;1;0.001548309;45;0;;
5.9597727;2;-0.1124793;2;0;;
5.9597727;3;0.4090494;2;0;;
5.9708015;1;0.001834226;45;0;;
5.9708015;2;-0.1127181;2;0;;
5.9708015;3;0.4087236;2;0;;
5.9823324;1;0.002064495;45;0;;
5.9823324;2;-0.1127943;2;0;;
5.9823324;3;0.4082741;2;0;;
5.9933617;1;0.002293894;45;0;;
5.9933617;2;-0.1128703;2;0;;
5.9933617;3;0.4078262;2;0;;
6.0043905;1;0.002453827;45;0;;
6.0043905;2;-0.112805;2;0;;
6.0043905;3;0.4073028;2;0;;
6.0154203;1;0.002613158;45;0;;
6.0154203;2;-0.1127398;2;0;;
6.0154203;3;0.4067813;2;0;;
6.0264486;1;0.002726399;45;0;;
6.0264486;2;-0.1125423;2;0;;
6.0264486;3;0.4062195;2;0;;
6.0379794;1;0.002839216;45;0;;
6.0379794;2;-0.1123455;2;0;;
6.0379794;3;0.4056597;2;0;;
6.0490087;1;0.002852859;45;0;;
6.0490087;2;-0.1113873;2;0;;
6.0490087;3;0.404981;2;0;;
6.0600376;1;0.002866451;45;0;;
6.0600376;2;-0.1104327;2;0;;
6.0600376;3;0.4043047;2;0;;
6.0715681;1;0.002576376;45;0;;
6.0715681;2;-0.1093799;2;0;;
6.0715681;3;0.4038917;2;0;;
6.0825972;1;0.002287382;45;0;;
6.0825972;2;-0.108331;2;0;;
6.0825972;3;0.4034802;2;0;;
6.0936268;1;0.001779258;45;0;;
6.0936268;2;-0.1073349;2;0;;
6.0936268;3;0.4032732;2;0;;
6.1056586;1;0.00127302;45;0;;
6.1056586;2;-0.1063426;2;0;;
6.1056586;3;0.4030669;2;0;;
6.1161861;1;0.0007562561;45;0;;
6.1161861;2;-0.1053484;2;0;;
6.1161861;3;0.4028908;2;0;;
6.1272157;1;0.0002414024;45;0;;
6.1272157;2;-0.1043579;2;0;;
6.1272157;3;0.4027153;2;0;;
6.138746;1;-0.0002715515;45;0;;
6.138746;2;-0.103371;2;0;;
6.138746;3;0.4025405;2;0;;
6.1497751;1;-0.0007826161;45;0;;
6.1497751;2;-0.1023878;2;0;;
6.1497751;3;0.4023663;2;0;;
6.1608044;1;-0.001291802;45;0;;
6.1608044;2;-0.1014083;2;0;;
6.1608044;3;0.4021928;2;0;;
6.1723355;1;-0.001799119;45;0;;
6.1723355;2;-0.1004323;2;0;;
6.1723355;3;0.4020199;2;0;;
6.1833646;1;-0.002304578;45;0;;
6.1833646;2;-0.09945984;2;0;;
6.1833646;3;0.4018476;2;0;;
6.1943934;1;-0.002808188;45;0;;
6.1943934;2;-0.09849098;2;0;;
6.1943934;3;0.401676;2;0;;
6.2054229;1;-0.003309961;45;0;;
6.2054229;2;-0.09752564;2;0;;
6.2054229;3;0.401505;2;0;;
6.216953;1;-0.003809906;45;0;;
6.216953;2;-0.09656383;2;0;;
6.216953;3;0.4013346;2;0;;
6.2279823;1;-0.004308032;45;0;;
6.2279823;2;-0.09560551;2;0;;
6.2279823;3;0.4011648;2;0;;
6.2390116;1;-0.004804351;45;0;;
6.2390116;2;-0.09465069;2;0;;
6.2390116;3;0.4009957;2;0;;
6.2500407;1;-0.005298872;45;0;;
6.2500407;2;-0.09369931;2;0;;
6.2500407;3;0.4008271;2;0;;
6.2610698;1;-0.006390369;45;0;;
6.2610698;2;-0.09344739;2;0;;
6.2610698;3;0.4012985;2;0;;
6.2720991;1;-0.007477925;45;0;;
6.2720991;2;-0.09319638;2;0;;
6.2720991;3;0.4017681;2;0;;
6.2836294;1;-0.008615747;45;0;;
6.2836294;2;-0.09313604;2;0;;
6.2836294;3;0.4022421;2;0;;
6.2946587;1;-0.009749477;45;0;;
6.2946587;2;-0.09307592;2;0;;
6.2946587;3;0.4027144;2;0;;
6.306189;1;-0.01081768;45;0;;
6.306189;2;-0.09308476;2;0;;
6.306189;3;0.4031239;2;0;;
6.3172186;1;-0.01188206;45;0;;
6.3172186;2;-0.09309357;2;0;;
6.3172186;3;0.4035319;2;0;;
6.3282477;1;-0.01275457;45;0;;
6.3282477;2;-0.09317878;2;0;;
6.3282477;3;0.4037441;2;0;;
6.3397785;1;-0.01362395;45;0;;
6.3397785;2;-0.09326369;2;0;;
6.3397785;3;0.4039556;2;0;;
6.3503061;1;-0.01409853;45;0;;
6.3503061;2;-0.09342056;2;0;;
6.3503061;3;0.4037729;2;0;;
6.3618366;1;-0.01457141;45;0;;
6.3618366;2;-0.09357686;2;0;;
6.3618366;3;0.4035909;2;0;;
6.3728654;1;-0.01336189;45;0;;
6.3728654;2;-0.09370337;2;0;;
6.3728654;3;0.4016998;2;0;;
6.3843965;1;-0.01215665;45;0;;
6.3843965;2;-0.09382943;2;0;;
6.3843965;3;0.3998155;2;0;;
6.3954253;1;-0.01105485;45;0;;
6.3954253;2;-0.09382977;2;0;;
6.3954253;3;0.3980817;2;0;;
6.4064549;1;-0.009956944;45;0;;
6.4064549;2;-0.09383012;2;0;;
6.4064549;3;0.3963541;2;0;;
6.4174835;1;-0.008294253;45;0;;
6.4174835;2;-0.09369234;2;0;;
6.4174835;3;0.3940045;2;0;;
6.4295153;1;-0.006634046;45;0;;
6.4295153;2;-0.09354968;2;0;;
6.4295153;3;0.3916588;2;0;;
6.4400436;1;-0.004979674;45;0;;
6.4400436;2;-0.09340751;2;0;;
6.4400436;3;0.3893214;2;0;;
6.4510729;1;-0.003342638;45;0;;
6.4510729;2;-0.09325776;2;0;;
6.4510729;3;0.3870005;2;0;;
6.462603;1;-0.001713138;45;0;;
6.462603;2;-0.09310038;2;0;;
6.462603;3;0.3846978;2;0;;
6.4736323;1;-9.431419E-05;45;0;;
6.4736323;2;-0.09294393;2;0;;
6.4736323;3;0.3824048;2;0;;
6.4846614;1;0.001481611;45;0;;
6.4846614;2;-0.09276843;2;0;;
6.4846614;3;0.3801511;2;0;;
6.4961919;1;0.003052045;45;0;;
6.4961919;2;-0.09259354;2;0;;
6.4961919;3;0.3779052;2;0;;
6.5072213;1;0.004558678;45;0;;
6.5072213;2;-0.0923849;2;0;;
6.5072213;3;0.3757135;2;0;;
6.5182506;1;0.006060081;45;0;;
6.5182506;2;-0.092177;2;0;;
6.5182506;3;0.3735293;2;0;;
6.534293;1;0.007514523;45;0;;
6.534293;2;-0.09194032;2;0;;
6.534293;3;0.3713888;2;0;;
6.5413115;1;0.008963933;45;0;;
6.5413115;2;-0.09170447;2;0;;
6.5413115;3;0.3692556;2;0;;
6.5518393;1;0.01037713;45;0;;
6.5518393;2;-0.09145024;2;0;;
6.5518393;3;0.3671572;2;0;;
6.5633698;1;0.01178546;45;0;;
6.5633698;2;-0.09119689;2;0;;
6.5633698;3;0.3650661;2;0;;
6.5743997;1;0.01315531;45;0;;
6.5743997;2;-0.09091099;2;0;;
6.5743997;3;0.3630132;2;0;;
6.5854282;1;0.01452046;45;0;;
6.5854282;2;-0.09062607;2;0;;
6.5854282;3;0.3609675;2;0;;
6.5969585;1;0.01588092;45;0;;
6.5969585;2;-0.09034213;2;0;;
6.5969585;3;0.3589287;2;0;;
6.6079884;1;0.01688329;45;0;;
6.6079884;2;-0.08978655;2;0;;
6.6079884;3;0.3572456;2;0;;
6.6190169;1;0.01788224;45;0;;
6.6190169;2;-0.08923288;2;0;;
6.6190169;3;0.3555682;2;0;;
6.6300462;1;0.01887778;45;0;;
6.6300462;2;-0.0886811;2;0;;
6.6300462;3;0.3538966;2;0;;
6.6415771;1;0.01952131;45;0;;
6.6415771;2;-0.0876972;2;0;;
6.6415771;3;0.3525789;2;0;;
6.655614;1;0.02016265;45;0;;
6.655614;2;-0.08671664;2;0;;
6.655614;3;0.3512657;2;0;;
6.6636349;1;0.02080182;45;0;;
6.6636349;2;-0.08573942;2;0;;
6.6636349;3;0.3499569;2;0;;
6.6746643;1;0.02143882;45;0;;
6.6746643;2;-0.0847655;2;0;;
6.6746643;3;0.3486526;2;0;;
6.6856933;1;0.02207366;45;0;;
6.6856933;2;-0.08379488;2;0;;
6.6856933;3;0.3473527;2;0;;
6.6972242;1;0.02270636;45;0;;
6.6972242;2;-0.08282755;2;0;;
6.6972242;3;0.3460571;2;0;;
6.7082532;1;0.02333693;45;0;;
6.7082532;2;-0.08186347;2;0;;
6.7082532;3;0.344766;2;0;;
6.7192825;1;0.02396537;45;0;;
6.7192825;2;-0.08090264;2;0;;
6.7192825;3;0.3434792;2;0;;
6.7303116;1;0.02388884;45;0;;
6.7303116;2;-0.07919798;2;0;;
6.7303116;3;0.3429423;2;0;;
6.7418422;1;0.02381257;45;0;;
6.7418422;2;-0.07749903;2;0;;
6.7418422;3;0.3424072;2;0;;
6.7533727;1;0.02373656;45;0;;
6.7533727;2;-0.07580578;2;0;;
6.7533727;3;0.3418739;2;0;;
6.7639005;1;0.02370727;45;0;;
6.7639005;2;-0.07410033;2;0;;
6.7639005;3;0.3413012;2;0;;
6.7774362;1;0.02367809;45;0;;
6.7774362;2;-0.07240057;2;0;;
6.7774362;3;0.3407303;2;0;;
6.7864602;1;0.0236432;45;0;;
6.7864602;2;-0.07068493;2;0;;
6.7864602;3;0.3401634;2;0;;
6.7974892;1;0.02360843;45;0;;
6.7974892;2;-0.06897501;2;0;;
6.7974892;3;0.3395983;2;0;;
6.8090203;1;0.02356755;45;0;;
6.8090203;2;-0.06726216;2;0;;
6.8090203;3;0.3390359;2;0;;
6.8195476;1;0.02352681;45;0;;
6.8195476;2;-0.06555498;2;0;;
6.8195476;3;0.3384754;2;0;;
6.8310785;1;0.02348614;45;0;;
6.8310785;2;-0.06385409;2;0;;
6.8310785;3;0.3379149;2;0;;
6.8426088;1;0.02344774;45;0;;
6.8426088;2;-0.06216045;2;0;;
6.8426088;3;0.3373531;2;0;;
6.8546409;1;0.02341314;45;0;;
6.8546409;2;-0.06049439;2;0;;
6.8546409;3;0.3367879;2;0;;
6.8646677;1;0.0233722;45;0;;
6.8646677;2;-0.058844;2;0;;
6.8646677;3;0.3362309;2;0;;
6.876198;1;0.02332446;45;0;;
6.876198;2;-0.05720863;2;0;;
6.876198;3;0.3356823;2;0;;
6.8902351;1;0.0232775;45;0;;
6.8902351;2;-0.05557962;2;0;;
6.8902351;3;0.335135;2;0;;
6.8982564;1;0.02322357;45;0;;
6.8982564;2;-0.05395329;2;0;;
6.8982564;3;0.3345972;2;0;;
6.9092852;1;0.02316981;45;0;;
6.9092852;2;-0.05233228;2;0;;
6.9092852;3;0.3340612;2;0;;
6.9208157;1;0.02311623;45;0;;
6.9208157;2;-0.05071657;2;0;;
6.9208157;3;0.333527;2;0;;
6.9318451;1;0.02303457;45;0;;
6.9318451;2;-0.04912538;2;0;;
6.9318451;3;0.3330216;2;0;;
6.9423726;1;0.0229537;45;0;;
6.9423726;2;-0.04752587;2;0;;
6.9423726;3;0.33252;2;0;;
6.9539034;1;0.02287662;45;0;;
6.9539034;2;-0.04596828;2;0;;
6.9539034;3;0.3320195;2;0;;
6.9649325;1;0.0227141;45;0;;
6.9649325;2;-0.04441105;2;0;;
6.9649325;3;0.3316114;2;0;;
6.9759616;1;0.02255209;45;0;;
6.9759616;2;-0.04285887;2;0;;
6.9759616;3;0.3312045;2;0;;
6.9905005;1;0.02241657;45;0;;
6.9905005;2;-0.041287;2;0;;
6.9905005;3;0.3307728;2;0;;
6.9990227;1;0.02228148;45;0;;
6.9990227;2;-0.03972021;2;0;;
6.9990227;3;0.3303426;2;0;;
7.0100518;1;0.02217094;45;0;;
7.0100518;2;-0.03814132;2;0;;
7.0100518;3;0.32989;2;0;;
7.0205796;1;0.02206075;45;0;;
7.0205796;2;-0.03656751;2;0;;
7.0205796;3;0.3294388;2;0;;
7.0316092;1;0.02195091;45;0;;
7.0316092;2;-0.03499877;2;0;;
7.0316092;3;0.3289892;-2;0;;
7.043641;1;0.02185418;45;0;;
7.043641;2;-0.03343527;2;0;;
7.043641;3;0.3285267;-2;0;;
7.0546701;1;0.02179039;45;0;;
7.0546701;2;-0.03186448;2;0;;
7.0546701;3;0.328039;-2;0;;
7.0651981;1;0.02172681;45;0;;
7.0651981;2;-0.03029871;2;0;;
7.0651981;3;0.3275529;-2;0;;
7.0832456;1;0.02166343;45;0;;
7.0832456;2;-0.02873794;2;0;;
7.0832456;3;0.3270683;-2;0;;
7.0922699;1;0.02160026;45;0;;
7.0922699;2;-0.02718215;2;0;;
7.0922699;3;0.3265853;-2;0;;
7.1032987;1;0.02157009;45;0;;
7.1032987;2;-0.02564436;2;0;;
7.1032987;3;0.326081;-2;0;;
7.1118214;1;0.02157262;45;0;;
7.1118214;2;-0.02412059;2;0;;
7.1118214;3;0.3255668;-2;0;;
7.1213464;1;0.02157514;45;0;;
7.1213464;2;-0.02260166;2;0;;
7.1213464;3;0.3250542;-2;0;;
7.1323755;1;0.02157765;45;0;;
7.1323755;2;-0.02108755;2;0;;
7.1323755;3;0.3245432;-2;0;;
7.1439061;1;0.02158015;45;0;;
7.1439061;2;-0.01957822;2;0;;
7.1439061;3;0.3240338;-2;0;;
7.1549357;1;0.0216638;45;0;;
7.1549357;2;-0.01808837;2;0;;
7.1549357;3;0.3234532;-2;0;;
7.1659645;1;0.02174718;45;0;;
7.1659645;2;-0.01660321;2;0;;
7.1659645;3;0.3228744;-2;0;;
7.1810046;1;0.02183029;45;0;;
7.1810046;2;-0.01512274;2;0;;
7.1810046;3;0.3222974;-2;0;;
7.1890254;1;0.02191315;45;0;;
7.1890254;2;-0.01364692;2;0;;
7.1890254;3;0.3217223;-2;0;;
7.1995539;1;0.02209776;45;0;;
7.1995539;2;-0.01229604;2;0;;
7.1995539;3;0.3208462;-2;0;;
7.2105825;1;0.02225297;45;0;;
7.2105825;2;-0.01091323;2;0;;
7.2105825;3;0.3196653;-2;0;;
7.2221131;1;0.0224077;45;0;;
7.2221131;2;-0.009534743;2;0;;
7.2221131;3;0.3184882;-2;0;;
7.2331421;1;0.02256194;45;0;;
7.2331421;2;-0.008160567;2;0;;
7.2331421;3;0.3173147;-2;0;;
7.2441714;1;0.0227157;45;0;;
7.2441714;2;-0.006790678;2;0;;
7.2441714;3;0.3161449;-2;0;;
7.2552005;1;0.02286898;45;0;;
7.2552005;2;-0.005425058;2;0;;
7.2552005;3;0.3149787;-2;0;;
7.2667311;1;0.02302179;45;0;;
7.2667311;2;-0.004063685;2;0;;
7.2667311;3;0.3138162;-2;0;;
7.2777604;1;0.02317412;45;0;;
7.2777604;2;-0.00270654;2;0;;
7.2777604;3;0.3126573;-2;0;;
7.2897925;1;0.02331212;45;0;;
7.2897925;2;-0.001357051;2;0;;
7.2897925;3;0.3107926;-2;0;;
7.2998185;1;0.02344969;45;0;;
7.2998185;2;-1.174088E-05;2;0;;
7.2998185;3;0.3089337;-2;0;;
7.3113496;1;0.02357833;45;0;;
7.3113496;2;0.001338763;2;0;;
7.3113496;3;0.307102;-2;0;;
7.3218771;1;0.02370658;45;0;;
7.3218771;2;0.002685098;2;0;;
7.3218771;3;0.305276;-2;0;;
7.3334077;1;0.0239213;45;0;;
7.3334077;2;0.003949266;2;0;;
7.3334077;3;0.