circular0Timestamp;circular0XPos;circular0YPos;circular0newCorr;circular0smoothCorr
8.7230689;;;0;0
8.731;0;0;;
8.763;-1.932738;-3.128816;;
8.764;-1.945305;-3.149161;;
8.766;-1.944619;-3.153946;;
8.7891249;;;0.00103097965242094;0.000515489826210469
8.731;0;0;;
8.763;-1.932738;-3.128816;;
8.764;-1.945305;-3.149161;;
8.766;-1.944619;-3.153946;;
8.798;-1.939108;-3.156801;;
8.799;-1.939036;-3.156838;;
8.801;-1.939022;-3.156845;;
8.832;-1.931476;-3.160061;;
8.834;-1.921401;-3.164285;;
8.8735823;;;0.00159901903441401;0.000876666228944981
8.731;0;0;;
8.763;-1.932738;-3.128816;;
8.764;-1.945305;-3.149161;;
8.766;-1.944619;-3.153946;;
8.798;-1.939108;-3.156801;;
8.799;-1.939036;-3.156838;;
8.801;-1.939022;-3.156845;;
8.832;-1.931476;-3.160061;;
8.834;-1.921401;-3.164285;;
8.901;-1.876861;-3.182102;;
8.9630871;;;0.0717548600585024;0.0185962146863343
8.731;0;0;;
8.763;-1.932738;-3.128816;;
8.764;-1.945305;-3.149161;;
8.766;-1.944619;-3.153946;;
8.798;-1.939108;-3.156801;;
8.799;-1.939036;-3.156838;;
8.801;-1.939022;-3.156845;;
8.832;-1.931476;-3.160061;;
8.834;-1.921401;-3.164285;;
8.901;-1.876861;-3.182102;;
8.968;-1.842538;-3.194873;;
8.969;-1.842338;-3.194947;;
9.0525484;;;0.117523500359758;0.038381671821019
8.731;0;0;;
8.763;-1.932738;-3.128816;;
8.764;-1.945305;-3.149161;;
8.766;-1.944619;-3.153946;;
8.798;-1.939108;-3.156801;;
8.799;-1.939036;-3.156838;;
8.801;-1.939022;-3.156845;;
8.832;-1.931476;-3.160061;;
8.834;-1.921401;-3.164285;;
8.901;-1.876861;-3.182102;;
8.968;-1.842538;-3.194873;;
8.969;-1.842338;-3.194947;;
9.1420969;;;0.117523500359758;0.0515719765774755
8.731;0;0;;
8.763;-1.932738;-3.128816;;
8.764;-1.945305;-3.149161;;
8.766;-1.944619;-3.153946;;
8.798;-1.939108;-3.156801;;
8.799;-1.939036;-3.156838;;
8.801;-1.939022;-3.156845;;
8.832;-1.931476;-3.160061;;
8.834;-1.921401;-3.164285;;
8.901;-1.876861;-3.182102;;
8.968;-1.842538;-3.194873;;
8.969;-1.842338;-3.194947;;
9.2315305;;;0.117523500359758;0.0609936228320873
8.731;0;0;;
8.763;-1.932738;-3.128816;;
8.764;-1.945305;-3.149161;;
8.766;-1.944619;-3.153946;;
8.798;-1.939108;-3.156801;;
8.799;-1.939036;-3.156838;;
8.801;-1.939022;-3.156845;;
8.832;-1.931476;-3.160061;;
8.834;-1.921401;-3.164285;;
8.901;-1.876861;-3.182102;;
8.968;-1.842538;-3.194873;;
8.969;-1.842338;-3.194947;;
9.3205314;;;0.117523500359758;0.0680598575230461
8.731;0;0;;
8.763;-1.932738;-3.128816;;
8.764;-1.945305;-3.149161;;
8.766;-1.944619;-3.153946;;
8.798;-1.939108;-3.156801;;
8.799;-1.939036;-3.156838;;
8.801;-1.939022;-3.156845;;
8.832;-1.931476;-3.160061;;
8.834;-1.921401;-3.164285;;
8.901;-1.876861;-3.182102;;
8.968;-1.842538;-3.194873;;
8.969;-1.842338;-3.194947;;
9.4100232;;;0.117523500359758;0.0735558178382363
8.731;0;0;;
8.763;-1.932738;-3.128816;;
8.764;-1.945305;-3.149161;;
8.766;-1.944619;-3.153946;;
8.798;-1.939108;-3.156801;;
8.799;-1.939036;-3.156838;;
8.801;-1.939022;-3.156845;;
8.832;-1.931476;-3.160061;;
8.834;-1.921401;-3.164285;;
8.901;-1.876861;-3.182102;;
8.968;-1.842538;-3.194873;;
8.969;-1.842338;-3.194947;;
9.499156;;;0.117523500359758;0.0779525860903884
8.731;0;0;;
8.763;-1.932738;-3.128816;;
8.764;-1.945305;-3.149161;;
8.766;-1.944619;-3.153946;;
8.798;-1.939108;-3.156801;;
8.799;-1.939036;-3.156838;;
8.801;-1.939022;-3.156845;;
8.832;-1.931476;-3.160061;;
8.834;-1.921401;-3.164285;;
8.901;-1.876861;-3.182102;;
8.968;-1.842538;-3.194873;;
8.969;-1.842338;-3.194947;;
9.5886491;;;0.117523500359758;0.0815499419330584
8.731;0;0;;
8.763;-1.932738;-3.128816;;
8.764;-1.945305;-3.149161;;
8.766;-1.944619;-3.153946;;
8.798;-1.939108;-3.156801;;
8.799;-1.939036;-3.156838;;
8.801;-1.939022;-3.156845;;
8.832;-1.931476;-3.160061;;
8.834;-1.921401;-3.164285;;
8.901;-1.876861;-3.182102;;
8.968;-1.842538;-3.194873;;
8.969;-1.842338;-3.194947;;
9.6781071;;;0.117523500359758;0.0922338965112182
8.798;-1.939108;-3.156801;;
8.799;-1.939036;-3.156838;;
8.801;-1.939022;-3.156845;;
8.832;-1.931476;-3.160061;;
8.834;-1.921401;-3.164285;;
8.901;-1.876861;-3.182102;;
8.968;-1.842538;-3.194873;;
8.969;-1.842338;-3.194947;;
9.756011;;;0.379365161563389;0.126627913048579
8.901;-1.876861;-3.182102;;
8.968;-1.842538;-3.194873;;
8.969;-1.842338;-3.194947;;
9.8455909;;;0.319395827887856;0.155518532035255
9.922;-1.334717;-3.295951;;
9.9351595;;;0;0.148995362939028
9.922;-1.334717;-3.295951;;
9.991;-1.292034;-3.297466;;
10.0245563;;;1;0.229220499269959
9.922;-1.334717;-3.295951;;
9.991;-1.292034;-3.297466;;
10.026;-1.273581;-3.29779;;
10.06;-1.255223;-3.297918;;
10.1136766;;;0.869720289435163;0.297602025549541
9.922;-1.334717;-3.295951;;
9.991;-1.292034;-3.297466;;
10.026;-1.273581;-3.29779;;
10.06;-1.255223;-3.297918;;
10.196;-1.182029;-3.296499;;
10.2030902;;;0.538480769351505;0.335870868185155
9.991;-1.292034;-3.297466;;
10.026;-1.273581;-3.29779;;
10.06;-1.255223;-3.297918;;
10.196;-1.182029;-3.296499;;
10.231;-1.163591;-3.295658;;
10.264;-1.14533;-3.294631;;
10.266;-1.145209;-3.294624;;
10.2926829;;;-0.0918570392848601;0.316836273672008
9.991;-1.292034;-3.297466;;
10.026;-1.273581;-3.29779;;
10.06;-1.255223;-3.297918;;
10.196;-1.182029;-3.296499;;
10.231;-1.163591;-3.295658;;
10.264;-1.14533;-3.294631;;
10.266;-1.145209;-3.294624;;
10.3725444;;;-0.0918570392848601;0.297801679158861
9.991;-1.292034;-3.297466;;
10.026;-1.273581;-3.29779;;
10.06;-1.255223;-3.297918;;
10.196;-1.182029;-3.296499;;
10.231;-1.163591;-3.295658;;
10.264;-1.14533;-3.294631;;
10.266;-1.145209;-3.294624;;
10.4600774;;;-0.0918570392848601;0.278767084645714
10.264;-1.14533;-3.294631;;
10.266;-1.145209;-3.294624;;
10.535;-0.9994196;-3.279457;;
10.536;-0.9993135;-3.279446;;
10.536;-0.9992953;-3.279444;;
10.5495909;;;0.0107579422372627;0.269061124816396
10.535;-0.9994196;-3.279457;;
10.536;-0.9993135;-3.279446;;
10.536;-0.9992953;-3.279444;;
10.57;-0.9812129;-3.276692;;
10.571;-0.9811134;-3.276677;;
10.572;-0.9810888;-3.276673;;
10.573;-0.9765832;-3.275955;;
10.574;-0.9751161;-3.275721;;
10.605;-0.9629599;-3.273717;;
10.606;-0.9583698;-3.272936;;
10.638;-0.9451115;-3.270614;;
10.638527;;;0.552987055779837;0.308648720763676
10.535;-0.9994196;-3.279457;;
10.536;-0.9993135;-3.279446;;
10.536;-0.9992953;-3.279444;;
10.57;-0.9812129;-3.276692;;
10.571;-0.9811134;-3.276677;;
10.572;-0.9810888;-3.276673;;
10.573;-0.9765832;-3.275955;;
10.574;-0.9751161;-3.275721;;
10.605;-0.9629599;-3.273717;;
10.606;-0.9583698;-3.272936;;
10.638;-0.9451115;-3.270614;;
10.672;-0.9270911;-3.267287;;
10.674;-0.9217653;-3.266266;;
10.707;-0.9031242;-3.262557;;
10.707;-0.9030396;-3.262541;;
10.708;-0.9029903;-3.262531;;
10.709;-0.9029827;-3.262529;;
10.7180891;;;0.081368577427034;0.281558122205825
10.535;-0.9994196;-3.279457;;
10.536;-0.9993135;-3.279446;;
10.536;-0.9992953;-3.279444;;
10.57;-0.9812129;-3.276692;;
10.571;-0.9811134;-3.276677;;
10.572;-0.9810888;-3.276673;;
10.573;-0.9765832;-3.275955;;
10.574;-0.9751161;-3.275721;;
10.605;-0.9629599;-3.273717;;
10.606;-0.9583698;-3.272936;;
10.638;-0.9451115;-3.270614;;
10.672;-0.9270911;-3.267287;;
10.674;-0.9217653;-3.266266;;
10.707;-0.9031242;-3.262557;;
10.707;-0.9030396;-3.262541;;
10.708;-0.9029903;-3.262531;;
10.709;-0.9029827;-3.262529;;
10.741;-0.8851103;-3.258772;;
10.742;-0.8850046;-3.258749;;
10.744;-0.8849834;-3.258745;;
10.745;-0.8849691;-3.258742;;
10.746;-0.8849691;-3.258742;;
10.775;-0.8671673;-3.254804;;
10.775;-0.8671673;-3.254804;;
10.776;-0.8671673;-3.254804;;
10.7951016;;;0.112186286226146;0.26272089114567
10.57;-0.9812129;-3.276692;;
10.571;-0.9811134;-3.276677;;
10.572;-0.9810888;-3.276673;;
10.573;-0.9765832;-3.275955;;
10.574;-0.9751161;-3.275721;;
10.605;-0.9629599;-3.273717;;
10.606;-0.9583698;-3.272936;;
10.638;-0.9451115;-3.270614;;
10.672;-0.9270911;-3.267287;;
10.674;-0.9217653;-3.266266;;
10.707;-0.9031242;-3.262557;;
10.707;-0.9030396;-3.262541;;
10.708;-0.9029903;-3.262531;;
10.709;-0.9029827;-3.262529;;
10.741;-0.8851103;-3.258772;;
10.742;-0.8850046;-3.258749;;
10.744;-0.8849834;-3.258745;;
10.745;-0.8849691;-3.258742;;
10.746;-0.8849691;-3.258742;;
10.775;-0.8671673;-3.254804;;
10.775;-0.8671673;-3.254804;;
10.776;-0.8671673;-3.254804;;
10.808;-0.8493934;-3.250675;;
10.81;-0.8492723;-3.250647;;
10.811;-0.8492582;-3.250643;;
10.843;-0.8316777;-3.246365;;
10.844;-0.8315411;-3.246331;;
10.8735059;;;0.14073706119209;0.27551516943586
10.672;-0.9270911;-3.267287;;
10.674;-0.9217653;-3.266266;;
10.707;-0.9031242;-3.262557;;
10.707;-0.9030396;-3.262541;;
10.708;-0.9029903;-3.262531;;
10.709;-0.9029827;-3.262529;;
10.741;-0.8851103;-3.258772;;
10.742;-0.8850046;-3.258749;;
10.744;-0.8849834;-3.258745;;
10.745;-0.8849691;-3.258742;;
10.746;-0.8849691;-3.258742;;
10.775;-0.8671673;-3.254804;;
10.775;-0.8671673;-3.254804;;
10.776;-0.8671673;-3.254804;;
10.808;-0.8493934;-3.250675;;
10.81;-0.8492723;-3.250647;;
10.811;-0.8492582;-3.250643;;
10.843;-0.8316777;-3.246365;;
10.844;-0.8315411;-3.246331;;
10.878;-0.8137287;-3.241797;;
10.879;-0.8137287;-3.241797;;
10.879;-0.8137287;-3.241797;;
10.885;-0.8137287;-3.241797;;
10.886;-0.8137287;-3.241797;;
10.911;-0.7944172;-3.236653;;
10.913;-0.7942491;-3.236608;;
10.914;-0.7942314;-3.236603;;
10.914;-0.7942413;-3.236606;;
10.914;-0.7942261;-3.236602;;
10.916;-0.7942261;-3.236602;;
10.916;-0.7942261;-3.236602;;
10.946;-0.7784141;-3.232211;;
10.947;-0.7783154;-3.232183;;
10.947;-0.7782987;-3.232179;;
10.95153;;;0.281302161896679;0.210179002335558
10.741;-0.8851103;-3.258772;;
10.742;-0.8850046;-3.258749;;
10.744;-0.8849834;-3.258745;;
10.745;-0.8849691;-3.258742;;
10.746;-0.8849691;-3.258742;;
10.775;-0.8671673;-3.254804;;
10.775;-0.8671673;-3.254804;;
10.776;-0.8671673;-3.254804;;
10.808;-0.8493934;-3.250675;;
10.81;-0.8492723;-3.250647;;
10.811;-0.8492582;-3.250643;;
10.843;-0.8316777;-3.246365;;
10.844;-0.8315411;-3.246331;;
10.878;-0.8137287;-3.241797;;
10.879;-0.8137287;-3.241797;;
10.879;-0.8137287;-3.241797;;
10.885;-0.8137287;-3.241797;;
10.886;-0.8137287;-3.241797;;
10.911;-0.7944172;-3.236653;;
10.913;-0.7942491;-3.236608;;
10.914;-0.7942314;-3.236603;;
10.914;-0.7942413;-3.236606;;
10.914;-0.7942261;-3.236602;;
10.916;-0.7942261;-3.236602;;
10.916;-0.7942261;-3.236602;;
10.946;-0.7784141;-3.232211;;
10.947;-0.7783154;-3.232183;;
10.947;-0.7782987;-3.232179;;
10.979;-0.7608355;-3.22714;;
10.98;-0.7607217;-3.227108;;
10.981;-0.7607001;-3.227101;;
10.982;-0.7607001;-3.227101;;
10.982;-0.7607001;-3.227101;;
10.983;-0.7607001;-3.227101;;
10.983;-0.7607001;-3.227101;;
11.014;-0.7432376;-3.221864;;
11.015;-0.7430952;-3.221821;;
11.016;-0.7430952;-3.221821;;
11.0295498;;;0.0222020934991701;0.133131893614104
10.808;-0.8493934;-3.250675;;
10.81;-0.8492723;-3.250647;;
10.811;-0.8492582;-3.250643;;
10.843;-0.8316777;-3.246365;;
10.844;-0.8315411;-3.246331;;
10.878;-0.8137287;-3.241797;;
10.879;-0.8137287;-3.241797;;
10.879;-0.8137287;-3.241797;;
10.885;-0.8137287;-3.241797;;
10.886;-0.8137287;-3.241797;;
10.911;-0.7944172;-3.236653;;
10.913;-0.7942491;-3.236608;;
10.914;-0.7942314;-3.236603;;
10.914;-0.7942413;-3.236606;;
10.914;-0.7942261;-3.236602;;
10.916;-0.7942261;-3.236602;;
10.916;-0.7942261;-3.236602;;
10.946;-0.7784141;-3.232211;;
10.947;-0.7783154;-3.232183;;
10.947;-0.7782987;-3.232179;;
10.979;-0.7608355;-3.22714;;
10.98;-0.7607217;-3.227108;;
10.981;-0.7607001;-3.227101;;
10.982;-0.7607001;-3.227101;;
10.982;-0.7607001;-3.227101;;
10.983;-0.7607001;-3.227101;;
10.983;-0.7607001;-3.227101;;
11.014;-0.7432376;-3.221864;;
11.015;-0.7430952;-3.221821;;
11.016;-0.7430952;-3.221821;;
11.049;-0.7256351;-3.216383;;
11.05;-0.7256351;-3.216383;;
11.051;-0.7256351;-3.216383;;
11.083;-0.7081259;-3.210726;;
11.083;-0.7081259;-3.210726;;
11.084;-0.7081259;-3.210726;;
11.085;-0.7081259;-3.210726;;
11.086;-0.7032058;-3.209099;;
11.1077091;;;-0.486113352825859;0.0399869734161618
10.878;-0.8137287;-3.241797;;
10.879;-0.8137287;-3.241797;;
10.879;-0.8137287;-3.241797;;
10.885;-0.8137287;-3.241797;;
10.886;-0.8137287;-3.241797;;
10.911;-0.7944172;-3.236653;;
10.913;-0.7942491;-3.236608;;
10.914;-0.7942314;-3.236603;;
10.914;-0.7942413;-3.236606;;
10.914;-0.7942261;-3.236602;;
10.916;-0.7942261;-3.236602;;
10.916;-0.7942261;-3.236602;;
10.946;-0.7784141;-3.232211;;
10.947;-0.7783154;-3.232183;;
10.947;-0.7782987;-3.232179;;
10.979;-0.7608355;-3.22714;;
10.98;-0.7607217;-3.227108;;
10.981;-0.7607001;-3.227101;;
10.982;-0.7607001;-3.227101;;
10.982;-0.7607001;-3.227101;;
10.983;-0.7607001;-3.227101;;
10.983;-0.7607001;-3.227101;;
11.014;-0.7432376;-3.221864;;
11.015;-0.7430952;-3.221821;;
11.016;-0.7430952;-3.221821;;
11.049;-0.7256351;-3.216383;;
11.05;-0.7256351;-3.216383;;
11.051;-0.7256351;-3.216383;;
11.083;-0.7081259;-3.210726;;
11.083;-0.7081259;-3.210726;;
11.084;-0.7081259;-3.210726;;
11.085;-0.7081259;-3.210726;;
11.086;-0.7032058;-3.209099;;
11.125;-0.6851314;-3.202985;;
11.126;-0.6850373;-3.202953;;
11.16;-0.6678103;-3.196917;;
11.186119;;;-0.219705997423222;0.0183458925128798
10.979;-0.7608355;-3.22714;;
10.98;-0.7607217;-3.227108;;
10.981;-0.7607001;-3.227101;;
10.982;-0.7607001;-3.227101;;
10.982;-0.7607001;-3.227101;;
10.983;-0.7607001;-3.227101;;
10.983;-0.7607001;-3.227101;;
11.014;-0.7432376;-3.221864;;
11.015;-0.7430952;-3.221821;;
11.016;-0.7430952;-3.221821;;
11.049;-0.7256351;-3.216383;;
11.05;-0.7256351;-3.216383;;
11.051;-0.7256351;-3.216383;;
11.083;-0.7081259;-3.210726;;
11.083;-0.7081259;-3.210726;;
11.084;-0.7081259;-3.210726;;
11.085;-0.7081259;-3.210726;;
11.086;-0.7032058;-3.209099;;
11.125;-0.6851314;-3.202985;;
11.126;-0.6850373;-3.202953;;
11.16;-0.6678103;-3.196917;;
11.186;-0.6505544;-3.190667;;
11.188;-0.6505456;-3.190664;;
11.189;-0.6505376;-3.190661;;
11.221;-0.632599;-3.183944;;
11.222;-0.6324915;-3.183904;;
11.222;-0.6324732;-3.183897;;
11.224;-0.6324595;-3.183892;;
11.252;-0.6162813;-3.177638;;
11.256;-0.6161469;-3.177586;;
11.2645893;;;-0.580372701874671;-0.0223637460362711
11.049;-0.7256351;-3.216383;;
11.05;-0.7256351;-3.216383;;
11.051;-0.7256351;-3.216383;;
11.083;-0.7081259;-3.210726;;
11.083;-0.7081259;-3.210726;;
11.084;-0.7081259;-3.210726;;
11.085;-0.7081259;-3.210726;;
11.086;-0.7032058;-3.209099;;
11.125;-0.6851314;-3.202985;;
11.126;-0.6850373;-3.202953;;
11.16;-0.6678103;-3.196917;;
11.186;-0.6505544;-3.190667;;
11.188;-0.6505456;-3.190664;;
11.189;-0.6505376;-3.190661;;
11.221;-0.632599;-3.183944;;
11.222;-0.6324915;-3.183904;;
11.222;-0.6324732;-3.183897;;
11.224;-0.6324595;-3.183892;;
11.252;-0.6162813;-3.177638;;
11.256;-0.6161469;-3.177586;;
11.293;-0.5991848;-3.170828;;
11.325;-0.5823244;-3.163905;;
11.34269;;;-0.201723567187299;-0.031519290028141
11.049;-0.7256351;-3.216383;;
11.05;-0.7256351;-3.216383;;
11.051;-0.7256351;-3.216383;;
11.083;-0.7081259;-3.210726;;
11.083;-0.7081259;-3.210726;;
11.084;-0.7081259;-3.210726;;
11.085;-0.7081259;-3.210726;;
11.086;-0.7032058;-3.209099;;
11.125;-0.6851314;-3.202985;;
11.126;-0.6850373;-3.202953;;
11.16;-0.6678103;-3.196917;;
11.186;-0.6505544;-3.190667;;
11.188;-0.6505456;-3.190664;;
11.189;-0.6505376;-3.190661;;
11.221;-0.632599;-3.183944;;
11.222;-0.6324915;-3.183904;;
11.222;-0.6324732;-3.183897;;
11.224;-0.6324595;-3.183892;;
11.252;-0.6162813;-3.177638;;
11.256;-0.6161469;-3.177586;;
11.293;-0.5991848;-3.170828;;
11.325;-0.5823244;-3.163905;;
11.4210844;;;-0.201723567187299;-0.0406748340200109
11.221;-0.632599;-3.183944;;
11.222;-0.6324915;-3.183904;;
11.222;-0.6324732;-3.183897;;
11.224;-0.6324595;-3.183892;;
11.252;-0.6162813;-3.177638;;
11.256;-0.6161469;-3.177586;;
11.293;-0.5991848;-3.170828;;
11.325;-0.5823244;-3.163905;;
11.428;-0.5318567;-3.141931;;
11.43;-0.5317469;-3.141883;;
11.462;-0.5151781;-3.134248;;
11.496;-0.498682;-3.126438;;
11.497;-0.4985904;-3.126394;;
11.498;-0.4985673;-3.126383;;
11.4989994;;;0.167258365587769;-0.0276331320741354
11.252;-0.6162813;-3.177638;;
11.256;-0.6161469;-3.177586;;
11.293;-0.5991848;-3.170828;;
11.325;-0.5823244;-3.163905;;
11.428;-0.5318567;-3.141931;;
11.43;-0.5317469;-3.141883;;
11.462;-0.5151781;-3.134248;;
11.496;-0.498682;-3.126438;;
11.497;-0.4985904;-3.126394;;
11.498;-0.4985673;-3.126383;;
11.53;-0.482171;-3.118406;;
11.531;-0.4820622;-3.118353;;
11.5766133;;;0.185800670637655;-0.0582319975026506
11.428;-0.5318567;-3.141931;;
11.43;-0.5317469;-3.141883;;
11.462;-0.5151781;-3.134248;;
11.496;-0.498682;-3.126438;;
11.497;-0.4985904;-3.126394;;
11.498;-0.4985673;-3.126383;;
11.53;-0.482171;-3.118406;;
11.531;-0.4820622;-3.118353;;
11.6;-0.4445254;-3.099271;;
11.603;-0.4440655;-3.099037;;
11.634;-0.4280629;-3.090546;;
11.6540749;;;0.195935724838874;-0.0486847352183306
11.428;-0.5318567;-3.141931;;
11.43;-0.5317469;-3.141883;;
11.462;-0.5151781;-3.134248;;
11.496;-0.498682;-3.126438;;
11.497;-0.4985904;-3.126394;;
11.498;-0.4985673;-3.126383;;
11.53;-0.482171;-3.118406;;
11.531;-0.4820622;-3.118353;;
11.6;-0.4445254;-3.099271;;
11.603;-0.4440655;-3.099037;;
11.634;-0.4280629;-3.090546;;
11.668;-0.4115675;-3.081573;;
11.703;-0.3957701;-3.072757;;
11.704;-0.3955786;-3.072651;;
11.706;-0.3955407;-3.072629;;
11.7335044;;;-0.15048465499594;-0.0705739803201711
11.496;-0.498682;-3.126438;;
11.497;-0.4985904;-3.126394;;
11.498;-0.4985673;-3.126383;;
11.53;-0.482171;-3.118406;;
11.531;-0.4820622;-3.118353;;
11.6;-0.4445254;-3.099271;;
11.603;-0.4440655;-3.099037;;
11.634;-0.4280629;-3.090546;;
11.668;-0.4115675;-3.081573;;
11.703;-0.3957701;-3.072757;;
11.704;-0.3955786;-3.072651;;
11.706;-0.3955407;-3.072629;;
11.77;-0.3641596;-3.054462;;
11.78;-0.3589062;-3.05134;;
11.781;-0.358686;-3.051209;;
11.8117212;;;-0.233239472664612;-0.101738691474896
11.6;-0.4445254;-3.099271;;
11.603;-0.4440655;-3.099037;;
11.634;-0.4280629;-3.090546;;
11.668;-0.4115675;-3.081573;;
11.703;-0.3957701;-3.072757;;
11.704;-0.3955786;-3.072651;;
11.706;-0.3955407;-3.072629;;
11.77;-0.3641596;-3.054462;;
11.78;-0.3589062;-3.05134;;
11.781;-0.358686;-3.051209;;
11.838;-0.3325549;-3.035275;;
11.871;-0.3170246;-3.025505;;
11.872;-0.3169058;-3.02543;;
11.8900118;;;-0.447326507612407;-0.16245774726732
11.703;-0.3957701;-3.072757;;
11.704;-0.3955786;-3.072651;;
11.706;-0.3955407;-3.072629;;
11.77;-0.3641596;-3.054462;;
11.78;-0.3589062;-3.05134;;
11.781;-0.358686;-3.051209;;
11.838;-0.3325549;-3.035275;;
11.871;-0.3170246;-3.025505;;
11.872;-0.3169058;-3.02543;;
11.905;-0.3017783;-3.015688;;
11.906;-0.3015856;-3.015564;;
11.938;-0.2864837;-3.005613;;
11.94;-0.2862704;-3.005472;;
11.972;-0.2710778;-2.995228;;
11.9790015;;;0.0680543373484878;-0.158636726946544
11.77;-0.3641596;-3.054462;;
11.78;-0.3589062;-3.05134;;
11.781;-0.358686;-3.051209;;
11.838;-0.3325549;-3.035275;;
11.871;-0.3170246;-3.025505;;
11.872;-0.3169058;-3.02543;;
11.905;-0.3017783;-3.015688;;
11.906;-0.3015856;-3.015564;;
11.938;-0.2864837;-3.005613;;
11.94;-0.2862704;-3.005472;;
11.972;-0.2710778;-2.995228;;
12.005;-0.2560333;-2.984855;;
12.007;-0.255931;-2.984785;;
12.042;-0.2410584;-2.974296;;
12.043;-0.2409745;-2.974236;;
12.0572086;;;-0.157615404706107;-0.131261897936564
11.838;-0.3325549;-3.035275;;
11.871;-0.3170246;-3.025505;;
11.872;-0.3169058;-3.02543;;
11.905;-0.3017783;-3.015688;;
11.906;-0.3015856;-3.015564;;
11.938;-0.2864837;-3.005613;;
11.94;-0.2862704;-3.005472;;
11.972;-0.2710778;-2.995228;;
12.005;-0.2560333;-2.984855;;
12.007;-0.255931;-2.984785;;
12.042;-0.2410584;-2.974296;;
12.043;-0.2409745;-2.974236;;
12.073;-0.2261629;-2.963555;;
12.074;-0.2260591;-2.96348;;
12.075;-0.2260408;-2.963467;;
12.109;-0.2113204;-2.952614;;
12.109;-0.2113204;-2.952614;;
12.11;-0.2113204;-2.952614;;
12.1355968;;;-0.153081882575867;-0.125709888365951
11.938;-0.2864837;-3.005613;;
11.94;-0.2862704;-3.005472;;
11.972;-0.2710778;-2.995228;;
12.005;-0.2560333;-2.984855;;
12.007;-0.255931;-2.984785;;
12.042;-0.2410584;-2.974296;;
12.043;-0.2409745;-2.974236;;
12.073;-0.2261629;-2.963555;;
12.074;-0.2260591;-2.96348;;
12.075;-0.2260408;-2.963467;;
12.109;-0.2113204;-2.952614;;
12.109;-0.2113204;-2.952614;;
12.11;-0.2113204;-2.952614;;
12.142;-0.196693;-2.941589;;
12.143;-0.1965958;-2.941516;;
12.144;-0.1965807;-2.941504;;
12.177;-0.1822256;-2.930446;;
12.179;-0.1821306;-2.930373;;
12.18;-0.1784448;-2.927492;;
12.211;-0.1678144;-2.919103;;
12.2136828;;;0.0551264919477923;-0.0727516222140794
12.005;-0.2560333;-2.984855;;
12.007;-0.255931;-2.984785;;
12.042;-0.2410584;-2.974296;;
12.043;-0.2409745;-2.974236;;
12.073;-0.2261629;-2.963555;;
12.074;-0.2260591;-2.96348;;
12.075;-0.2260408;-2.963467;;
12.109;-0.2113204;-2.952614;;
12.109;-0.2113204;-2.952614;;
12.11;-0.2113204;-2.952614;;
12.142;-0.196693;-2.941589;;
12.143;-0.1965958;-2.941516;;
12.144;-0.1965807;-2.941504;;
12.177;-0.1822256;-2.930446;;
12.179;-0.1821306;-2.930373;;
12.18;-0.1784448;-2.927492;;
12.211;-0.1678144;-2.919103;;
12.244;-0.1538202;-2.907847;;
12.254;-0.1489335;-2.903863;;
12.283;-0.1346115;-2.892011;;
12.283;-0.1346115;-2.892011;;
12.2921553;;;0.201720227907838;-0.0391313059561514
12.073;-0.2261629;-2.963555;;
12.074;-0.2260591;-2.96348;;
12.075;-0.2260408;-2.963467;;
12.109;-0.2113204;-2.952614;;
12.109;-0.2113204;-2.952614;;
12.11;-0.2113204;-2.952614;;
12.142;-0.196693;-2.941589;;
12.143;-0.1965958;-2.941516;;
12.144;-0.1965807;-2.941504;;
12.177;-0.1822256;-2.930446;;
12.179;-0.1821306;-2.930373;;
12.18;-0.1784448;-2.927492;;
12.211;-0.1678144;-2.919103;;
12.244;-0.1538202;-2.907847;;
12.254;-0.1489335;-2.903863;;
12.283;-0.1346115;-2.892011;;
12.283;-0.1346115;-2.892011;;
12.312;-0.1254542;-2.884294;;
12.346;-0.1114013;-2.872243;;
12.3699922;;;0.223979678561302;-0.00365603547710129
12.142;-0.196693;-2.941589;;
12.143;-0.1965958;-2.941516;;
12.144;-0.1965807;-2.941504;;
12.177;-0.1822256;-2.930446;;
12.179;-0.1821306;-2.930373;;
12.18;-0.1784448;-2.927492;;
12.211;-0.1678144;-2.919103;;
12.244;-0.1538202;-2.907847;;
12.254;-0.1489335;-2.903863;;
12.283;-0.1346115;-2.892011;;
12.283;-0.1346115;-2.892011;;
12.312;-0.1254542;-2.884294;;
12.346;-0.1114013;-2.872243;;
12.415;-0.07969698;-2.844069;;
12.4485237;;;0.117235808938554;-0.00782458186453586
12.244;-0.1538202;-2.907847;;
12.254;-0.1489335;-2.903863;;
12.283;-0.1346115;-2.892011;;
12.283;-0.1346115;-2.892011;;
12.312;-0.1254542;-2.884294;;
12.346;-0.1114013;-2.872243;;
12.415;-0.07969698;-2.844069;;
12.484;-0.05265071;-2.81892;;
12.521;-0.03942146;-2.806221;;
12.5266557;;;0.599983948538924;0.0266906912939032
12.312;-0.1254542;-2.884294;;
12.346;-0.1114013;-2.872243;;
12.415;-0.07969698;-2.844069;;
12.484;-0.05265071;-2.81892;;
12.521;-0.03942146;-2.806221;;
12.552;-0.02638942;-2.793443;;
12.554;-0.02620455;-2.793262;;
12.555;-0.02618512;-2.793243;;
12.555;-0.02618178;-2.79324;;
12.585;-0.01337841;-2.780416;;
12.586;-0.01329901;-2.780337;;
12.587;-0.01328128;-2.780319;;
12.588;-0.01327234;-2.78031;;
12.589;-0.01327234;-2.78031;;
12.59;-0.01327234;-2.78031;;
12.615963;;;0.0690483088084154;0.0161167399580317
12.415;-0.07969698;-2.844069;;
12.484;-0.05265071;-2.81892;;
12.521;-0.03942146;-2.806221;;
12.552;-0.02638942;-2.793443;;
12.554;-0.02620455;-2.793262;;
12.555;-0.02618512;-2.793243;;
12.555;-0.02618178;-2.79324;;
12.585;-0.01337841;-2.780416;;
12.586;-0.01329901;-2.780337;;
12.587;-0.01328128;-2.780319;;
12.588;-0.01327234;-2.78031;;
12.589;-0.01327234;-2.78031;;
12.59;-0.01327234;-2.78031;;
12.62;-0.0003709896;-2.767113;;
12.621;-0.0003709894;-2.767113;;
12.622;-0.0003709893;-2.767113;;
12.623;-0.0003709893;-2.767113;;
12.624;-0.0003709893;-2.767113;;
12.624;-0.0003709893;-2.767113;;
12.654;0.0123179;-2.753856;;
12.654;0.0123179;-2.753856;;
12.655;0.0123179;-2.753856;;
12.655;0.0123179;-2.753856;;
12.656;0.0123179;-2.753856;;
12.656;0.0123179;-2.753856;;
12.688;0.02482431;-2.740512;;
12.689;0.02482431;-2.740512;;
12.69;0.02482431;-2.740512;;
12.69;0.02482431;-2.740512;;
12.691;0.02482431;-2.740512;;
12.691;0.02482431;-2.740512;;
12.692;0.02482431;-2.740512;;
12.6940627;;;0.0308297364087807;0.0312262725750917
12.484;-0.05265071;-2.81892;;
12.521;-0.03942146;-2.806221;;
12.552;-0.02638942;-2.793443;;
12.554;-0.02620455;-2.793262;;
12.555;-0.02618512;-2.793243;;
12.555;-0.02618178;-2.79324;;
12.585;-0.01337841;-2.780416;;
12.586;-0.01329901;-2.780337;;
12.587;-0.01328128;-2.780319;;
12.588;-0.01327234;-2.78031;;
12.589;-0.01327234;-2.78031;;
12.59;-0.01327234;-2.78031;;
12.62;-0.0003709896;-2.767113;;
12.621;-0.0003709894;-2.767113;;
12.622;-0.0003709893;-2.767113;;
12.623;-0.0003709893;-2.767113;;
12.624;-0.0003709893;-2.767113;;
12.624;-0.0003709893;-2.767113;;
12.654;0.0123179;-2.753856;;
12.654;0.0123179;-2.753856;;
12.655;0.0123179;-2.753856;;
12.655;0.0123179;-2.753856;;
12.656;0.0123179;-2.753856;;
12.656;0.0123179;-2.753856;;
12.688;0.02482431;-2.740512;;
12.689;0.02482431;-2.740512;;
12.69;0.02482431;-2.740512;;
12.69;0.02482431;-2.740512;;
12.691;0.02482431;-2.740512;;
12.691;0.02482431;-2.740512;;
12.692;0.02482431;-2.740512;;
12.721;0.03690379;-2.727348;;
12.722;0.03707118;-2.727166;;
12.723;0.03721284;-2.727011;;
12.724;0.03721284;-2.727011;;
12.724;0.03721284;-2.727011;;
12.755;0.04938155;-2.713467;;
12.756;0.04946323;-2.713377;;
12.757;0.04947525;-2.713363;;
12.758;0.04947902;-2.713359;;
12.759;0.04947902;-2.713359;;
12.759;0.04947902;-2.713359;;
12.76;0.04947902;-2.713359;;
12.7720917;;;0.0668350100155906;0.0562324794651086
12.552;-0.02638942;-2.793443;;
12.554;-0.02620455;-2.793262;;
12.555;-0.02618512;-2.793243;;
12.555;-0.02618178;-2.79324;;
12.585;-0.01337841;-2.780416;;
12.586;-0.01329901;-2.780337;;
12.587;-0.01328128;-2.780319;;
12.588;-0.01327234;-2.78031;;
12.589;-0.01327234;-2.78031;;
12.59;-0.01327234;-2.78031;;
12.62;-0.0003709896;-2.767113;;
12.621;-0.0003709894;-2.767113;;
12.622;-0.0003709893;-2.767113;;
12.623;-0.0003709893;-2.767113;;
12.624;-0.0003709893;-2.767113;;
12.624;-0.0003709893;-2.767113;;
12.654;0.0123179;-2.753856;;
12.654;0.0123179;-2.753856;;
12.655;0.0123179;-2.753856;;
12.655;0.0123179;-2.753856;;
12.656;0.0123179;-2.753856;;
12.656;0.0123179;-2.753856;;
12.688;0.02482431;-2.740512;;
12.689;0.02482431;-2.740512;;
12.69;0.02482431;-2.740512;;
12.69;0.02482431;-2.740512;;
12.691;0.02482431;-2.740512;;
12.691;0.02482431;-2.740512;;
12.692;0.02482431;-2.740512;;
12.721;0.03690379;-2.727348;;
12.722;0.03707118;-2.727166;;
12.723;0.03721284;-2.727011;;
12.724;0.03721284;-2.727011;;
12.724;0.03721284;-2.727011;;
12.755;0.04938155;-2.713467;;
12.756;0.04946323;-2.713377;;
12.757;0.04947525;-2.713363;;
12.758;0.04947902;-2.713359;;
12.759;0.04947902;-2.713359;;
12.759;0.04947902;-2.713359;;
12.76;0.04947902;-2.713359;;
12.79;0.06153836;-2.699648;;
12.791;0.06162275;-2.699552;;
12.792;0.06163716;-2.699536;;
12.793;0.06164012;-2.699532;;
12.793;0.06164012;-2.699532;;
12.83;0.07750779;-2.681038;;
12.831;0.07750779;-2.681038;;
12.832;0.07750779;-2.681038;;
12.833;0.07750779;-2.681038;;
12.8501343;;;0.124059853709013;0.103848009575227
12.62;-0.0003709896;-2.767113;;
12.621;-0.0003709894;-2.767113;;
12.622;-0.0003709893;-2.767113;;
12.623;-0.0003709893;-2.767113;;
12.624;-0.0003709893;-2.767113;;
12.624;-0.0003709893;-2.767113;;
12.654;0.0123179;-2.753856;;
12.654;0.0123179;-2.753856;;
12.655;0.0123179;-2.753856;;
12.655;0.0123179;-2.753856;;
12.656;0.0123179;-2.753856;;
12.656;0.0123179;-2.753856;;
12.688;0.02482431;-2.740512;;
12.689;0.02482431;-2.740512;;
12.69;0.02482431;-2.740512;;
12.69;0.02482431;-2.740512;;
12.691;0.02482431;-2.740512;;
12.691;0.02482431;-2.740512;;
12.692;0.02482431;-2.740512;;
12.721;0.03690379;-2.727348;;
12.722;0.03707118;-2.727166;;
12.723;0.03721284;-2.727011;;
12.724;0.03721284;-2.727011;;
12.724;0.03721284;-2.727011;;
12.755;0.04938155;-2.713467;;
12.756;0.04946323;-2.713377;;
12.757;0.04947525;-2.713363;;
12.758;0.04947902;-2.713359;;
12.759;0.04947902;-2.713359;;
12.759;0.04947902;-2.713359;;
12.76;0.04947902;-2.713359;;
12.79;0.06153836;-2.699648;;
12.791;0.06162275;-2.699552;;
12.792;0.06163716;-2.699536;;
12.793;0.06164012;-2.699532;;
12.793;0.06164012;-2.699532;;
12.83;0.07750779;-2.681038;;
12.831;0.07750779;-2.681038;;
12.832;0.07750779;-2.681038;;
12.833;0.07750779;-2.681038;;
12.864;0.08525725;-2.671812;;
12.866;0.08535474;-2.671696;;
12.867;0.08537151;-2.671676;;
12.898;0.102416;-2.650909;;
12.9;0.1026288;-2.65065;;
12.9173098;;;0.966595239929472;0.178726418123642
12.654;0.0123179;-2.753856;;
12.654;0.0123179;-2.753856;;
12.655;0.0123179;-2.753856;;
12.655;0.0123179;-2.753856;;
12.656;0.0123179;-2.753856;;
12.656;0.0123179;-2.753856;;
12.688;0.02482431;-2.740512;;
12.689;0.02482431;-2.740512;;
12.69;0.02482431;-2.740512;;
12.69;0.02482431;-2.740512;;
12.691;0.02482431;-2.740512;;
12.691;0.02482431;-2.740512;;
12.692;0.02482431;-2.740512;;
12.721;0.03690379;-2.727348;;
12.722;0.03707118;-2.727166;;
12.723;0.03721284;-2.727011;;
12.724;0.03721284;-2.727011;;
12.724;0.03721284;-2.727011;;
12.755;0.04938155;-2.713467;;
12.756;0.04946323;-2.713377;;
12.757;0.04947525;-2.713363;;
12.758;0.04947902;-2.713359;;
12.759;0.04947902;-2.713359;;
12.759;0.04947902;-2.713359;;
12.76;0.04947902;-2.713359;;
12.79;0.06153836;-2.699648;;
12.791;0.06162275;-2.699552;;
12.792;0.06163716;-2.699536;;
12.793;0.06164012;-2.699532;;
12.793;0.06164012;-2.699532;;
12.83;0.07750779;-2.681038;;
12.831;0.07750779;-2.681038;;
12.832;0.07750779;-2.681038;;
12.833;0.07750779;-2.681038;;
12.864;0.08525725;-2.671812;;
12.866;0.08535474;-2.671696;;
12.867;0.08537151;-2.671676;;
12.898;0.102416;-2.650909;;
12.9;0.1026288;-2.65065;;
12.936;0.1122742;-2.638601;;
12.938;0.1123931;-2.638452;;
12.939;0.1124046;-2.638438;;
12.941;0.1156625;-2.634315;;
12.9955246;;;0.966210093206555;0.272378542949698
12.755;0.04938155;-2.713467;;
12.756;0.04946323;-2.713377;;
12.757;0.04947525;-2.713363;;
12.758;0.04947902;-2.713359;;
12.759;0.04947902;-2.713359;;
12.759;0.04947902;-2.713359;;
12.76;0.04947902;-2.713359;;
12.79;0.06153836;-2.699648;;
12.791;0.06162275;-2.699552;;
12.792;0.06163716;-2.699536;;
12.793;0.06164012;-2.699532;;
12.793;0.06164012;-2.699532;;
12.83;0.07750779;-2.681038;;
12.831;0.07750779;-2.681038;;
12.832;0.07750779;-2.681038;;
12.833;0.07750779;-2.681038;;
12.864;0.08525725;-2.671812;;
12.866;0.08535474;-2.671696;;
12.867;0.08537151;-2.671676;;
12.898;0.102416;-2.650909;;
12.9;0.1026288;-2.65065;;
12.936;0.1122742;-2.638601;;
12.938;0.1123931;-2.638452;;
12.939;0.1124046;-2.638438;;
12.941;0.1156625;-2.634315;;
13.009;0.1348804;-2.609477;;
13.01;0.1348804;-2.609477;;
13.012;0.1348804;-2.609477;;
13.037;0.1478388;-2.592188;;
13.039;0.1479518;-2.592037;;
13.04;0.1492725;-2.59025;;
13.0627024;;;0.883507731253815;0.358761010768838
12.83;0.07750779;-2.681038;;
12.831;0.07750779;-2.681038;;
12.832;0.07750779;-2.681038;;
12.833;0.07750779;-2.681038;;
12.864;0.08525725;-2.671812;;
12.866;0.08535474;-2.671696;;
12.867;0.08537151;-2.671676;;
12.898;0.102416;-2.650909;;
12.9;0.1026288;-2.65065;;
12.936;0.1122742;-2.638601;;
12.938;0.1123931;-2.638452;;
12.939;0.1124046;-2.638438;;
12.941;0.1156625;-2.634315;;
13.009;0.1348804;-2.609477;;
13.01;0.1348804;-2.609477;;
13.012;0.1348804;-2.609477;;
13.037;0.1478388;-2.592188;;
13.039;0.1479518;-2.592037;;
13.04;0.1492725;-2.59025;;
13.077;0.1567105;-2.580092;;
13.078;0.1567508;-2.580037;;
13.109;0.172327;-2.558252;;
13.111;0.172327;-2.558252;;
13.112;0.172327;-2.558252;;
13.113;0.172327;-2.558252;;
13.1294705;;;0.596033360613719;0.403836583157665
12.898;0.102416;-2.650909;;
12.9;0.1026288;-2.65065;;
12.936;0.1122742;-2.638601;;
12.938;0.1123931;-2.638452;;
12.939;0.1124046;-2.638438;;
12.941;0.1156625;-2.634315;;
13.009;0.1348804;-2.609477;;
13.01;0.1348804;-2.609477;;
13.012;0.1348804;-2.609477;;
13.037;0.1478388;-2.592188;;
13.039;0.1479518;-2.592037;;
13.04;0.1492725;-2.59025;;
13.077;0.1567105;-2.580092;;
13.078;0.1567508;-2.580037;;
13.109;0.172327;-2.558252;;
13.111;0.172327;-2.558252;;
13.112;0.172327;-2.558252;;
13.113;0.172327;-2.558252;;
13.142;0.1814437;-2.545164;;
13.144;0.1814984;-2.545085;;
13.145;0.181514;-2.545063;;
13.177;0.1917039;-2.530123;;
13.178;0.1917654;-2.530032;;
13.179;0.1917797;-2.530011;;
13.2080329;;;0.51536748967613;0.429973854971689
13.009;0.1348804;-2.609477;;
13.01;0.1348804;-2.609477;;
13.012;0.1348804;-2.609477;;
13.037;0.1478388;-2.592188;;
13.039;0.1479518;-2.592037;;
13.04;0.1492725;-2.59025;;
13.077;0.1567105;-2.580092;;
13.078;0.1567508;-2.580037;;
13.109;0.172327;-2.558252;;
13.111;0.172327;-2.558252;;
13.112;0.172327;-2.558252;;
13.113;0.172327;-2.558252;;
13.142;0.1814437;-2.545164;;
13.144;0.1814984;-2.545085;;
13.145;0.181514;-2.545063;;
13.177;0.1917039;-2.530123;;
13.178;0.1917654;-2.530032;;
13.179;0.1917797;-2.530011;;
13.217;0.2018784;-2.514866;;
13.219;0.2019445;-2.514767;;
13.22;0.2045232;-2.51084;;
13.221;0.2053149;-2.509634;;
13.245;0.2119166;-2.499465;;
13.246;0.2119859;-2.499358;;
13.278;0.2216929;-2.484113;;
13.279;0.2217986;-2.483947;;
13.28;0.2218442;-2.483875;;
13.281;0.2218442;-2.483875;;
13.2861779;;;0.860008858291876;0.482976286615904
13.077;0.1567105;-2.580092;;
13.078;0.1567508;-2.580037;;
13.109;0.172327;-2.558252;;
13.111;0.172327;-2.558252;;
13.112;0.172327;-2.558252;;
13.113;0.172327;-2.558252;;
13.142;0.1814437;-2.545164;;
13.144;0.1814984;-2.545085;;
13.145;0.181514;-2.545063;;
13.177;0.1917039;-2.530123;;
13.178;0.1917654;-2.530032;;
13.179;0.1917797;-2.530011;;
13.217;0.2018784;-2.514866;;
13.219;0.2019445;-2.514767;;
13.22;0.2045232;-2.51084;;
13.221;0.2053149;-2.509634;;
13.245;0.2119166;-2.499465;;
13.246;0.2119859;-2.499358;;
13.278;0.2216929;-2.484113;;
13.279;0.2217986;-2.483947;;
13.28;0.2218442;-2.483875;;
13.281;0.2218442;-2.483875;;
13.312;0.2313427;-2.468606;;
13.313;0.2314732;-2.468396;;
13.315;0.2314926;-2.468365;;
13.347;0.2409559;-2.452789;;
13.348;0.2410169;-2.452689;;
13.349;0.241031;-2.452666;;
13.3643827;;;0.977176626361022;0.55463802140111
13.142;0.1814437;-2.545164;;
13.144;0.1814984;-2.545085;;
13.145;0.181514;-2.545063;;
13.177;0.1917039;-2.530123;;
13.178;0.1917654;-2.530032;;
13.179;0.1917797;-2.530011;;
13.217;0.2018784;-2.514866;;
13.219;0.2019445;-2.514767;;
13.22;0.2045232;-2.51084;;
13.221;0.2053149;-2.509634;;
13.245;0.2119166;-2.499465;;
13.246;0.2119859;-2.499358;;
13.278;0.2216929;-2.484113;;
13.279;0.2217986;-2.483947;;
13.28;0.2218442;-2.483875;;
13.281;0.2218442;-2.483875;;
13.312;0.2313427;-2.468606;;
13.313;0.2314732;-2.468396;;
13.315;0.2314926;-2.468365;;
13.347;0.2409559;-2.452789;;
13.348;0.2410169;-2.452689;;
13.349;0.241031;-2.452666;;
13.38;0.2501487;-2.437296;;
13.382;0.2503686;-2.436926;;
13.383;0.2503686;-2.436926;;
13.383;0.2503686;-2.436926;;
13.415;0.2595911;-2.421;;
13.416;0.2595911;-2.421;;
13.417;0.2595911;-2.421;;
13.418;0.2595911;-2.421;;
13.4420908;;;0.974941445072215;0.585884479445551
13.217;0.2018784;-2.514866;;
13.219;0.2019445;-2.514767;;
13.22;0.2045232;-2.51084;;
13.221;0.2053149;-2.509634;;
13.245;0.2119166;-2.499465;;
13.246;0.2119859;-2.499358;;
13.278;0.2216929;-2.484113;;
13.279;0.2217986;-2.483947;;
13.28;0.2218442;-2.483875;;
13.281;0.2218442;-2.483875;;
13.312;0.2313427;-2.468606;;
13.313;0.2314732;-2.468396;;
13.315;0.2314926;-2.468365;;
13.347;0.2409559;-2.452789;;
13.348;0.2410169;-2.452689;;
13.349;0.241031;-2.452666;;
13.38;0.2501487;-2.437296;;
13.382;0.2503686;-2.436926;;
13.383;0.2503686;-2.436926;;
13.383;0.2503686;-2.436926;;
13.415;0.2595911;-2.421;;
13.416;0.2595911;-2.421;;
13.417;0.2595911;-2.421;;
13.418;0.2595911;-2.421;;
13.454;0.2713921;-2.400031;;
13.455;0.2715211;-2.399802;;
13.456;0.2715499;-2.399751;;
13.496;0.2802241;-2.383887;;
13.497;0.2803165;-2.383718;;
13.498;0.2803299;-2.383693;;
13.499;0.2828449;-2.379016;;
13.501;0.2832206;-2.378317;;
13.520797;;;0.98554408941246;0.662259127829221
13.312;0.2313427;-2.468606;;
13.313;0.2314732;-2.468396;;
13.315;0.2314926;-2.468365;;
13.347;0.2409559;-2.452789;;
13.348;0.2410169;-2.452689;;
13.349;0.241031;-2.452666;;
13.38;0.2501487;-2.437296;;
13.382;0.2503686;-2.436926;;
13.383;0.2503686;-2.436926;;
13.383;0.2503686;-2.436926;;
13.415;0.2595911;-2.421;;
13.416;0.2595911;-2.421;;
13.417;0.2595911;-2.421;;
13.418;0.2595911;-2.421;;
13.454;0.2713921;-2.400031;;
13.455;0.2715211;-2.399802;;
13.456;0.2715499;-2.399751;;
13.496;0.2802241;-2.383887;;
13.497;0.2803165;-2.383718;;
13.498;0.2803299;-2.383693;;
13.499;0.2828449;-2.379016;;
13.501;0.2832206;-2.378317;;
13.522;0.2892857;-2.366887;;
13.523;0.2893441;-2.366777;;
13.525;0.2893564;-2.366754;;
13.528;0.2893578;-2.366751;;
13.557;0.2974214;-2.351226;;
13.558;0.2974783;-2.351116;;
13.559;0.2974885;-2.351097;;
13.591;0.3059544;-2.334368;;
13.593;0.3060704;-2.334139;;
13.594;0.3060829;-2.334115;;
13.5990013;;;0.866439849764754;0.731893303942219
13.38;0.2501487;-2.437296;;
13.382;0.2503686;-2.436926;;
13.383;0.2503686;-2.436926;;
13.383;0.2503686;-2.436926;;
13.415;0.2595911;-2.421;;
13.416;0.2595911;-2.421;;
13.417;0.2595911;-2.421;;
13.418;0.2595911;-2.421;;
13.454;0.2713921;-2.400031;;
13.455;0.2715211;-2.399802;;
13.456;0.2715499;-2.399751;;
13.496;0.2802241;-2.383887;;
13.497;0.2803165;-2.383718;;
13.498;0.2803299;-2.383693;;
13.499;0.2828449;-2.379016;;
13.501;0.2832206;-2.378317;;
13.522;0.2892857;-2.366887;;
13.523;0.2893441;-2.366777;;
13.525;0.2893564;-2.366754;;
13.528;0.2893578;-2.366751;;
13.557;0.2974214;-2.351226;;
13.558;0.2974783;-2.351116;;
13.559;0.2974885;-2.351097;;
13.591;0.3059544;-2.334368;;
13.593;0.3060704;-2.334139;;
13.594;0.3060829;-2.334115;;
13.624;0.3137738;-2.318513;;
13.626;0.3138374;-2.318384;;
13.626;0.3138374;-2.318384;;
13.627;0.3138374;-2.318384;;
13.659;0.3217173;-2.301975;;
13.66;0.3217792;-2.301846;;
13.661;0.3217792;-2.301846;;
13.6772063;;;0.532890068066921;0.770731225446496
13.454;0.2713921;-2.400031;;
13.455;0.2715211;-2.399802;;
13.456;0.2715499;-2.399751;;
13.496;0.2802241;-2.383887;;
13.497;0.2803165;-2.383718;;
13.498;0.2803299;-2.383693;;
13.499;0.2828449;-2.379016;;
13.501;0.2832206;-2.378317;;
13.522;0.2892857;-2.366887;;
13.523;0.2893441;-2.366777;;
13.525;0.2893564;-2.366754;;
13.528;0.2893578;-2.366751;;
13.557;0.2974214;-2.351226;;
13.558;0.2974783;-2.351116;;
13.559;0.2974885;-2.351097;;
13.591;0.3059544;-2.334368;;
13.593;0.3060704;-2.334139;;
13.594;0.3060829;-2.334115;;
13.624;0.3137738;-2.318513;;
13.626;0.3138374;-2.318384;;
13.626;0.3138374;-2.318384;;
13.627;0.3138374;-2.318384;;
13.659;0.3217173;-2.301975;;
13.66;0.3217792;-2.301846;;
13.661;0.3217792;-2.301846;;
13.692;0.3294671;-2.285396;;
13.692;0.3295084;-2.285308;;
13.695;0.3295293;-2.285263;;
13.726;0.3370869;-2.268637;;
13.7554106;;;0.193811766148602;0.776543884816462
13.557;0.2974214;-2.351226;;
13.558;0.2974783;-2.351116;;
13.559;0.2974885;-2.351097;;
13.591;0.3059544;-2.334368;;
13.593;0.3060704;-2.334139;;
13.594;0.3060829;-2.334115;;
13.624;0.3137738;-2.318513;;
13.626;0.3138374;-2.318384;;
13.626;0.3138374;-2.318384;;
13.627;0.3138374;-2.318384;;
13.659;0.3217173;-2.301975;;
13.66;0.3217792;-2.301846;;
13.661;0.3217792;-2.301846;;
13.692;0.3294671;-2.285396;;
13.692;0.3295084;-2.285308;;
13.695;0.3295293;-2.285263;;
13.726;0.3370869;-2.268637;;
13.761;0.3444908;-2.251887;;
13.763;0.3445373;-2.251781;;
13.797;0.3517433;-2.234999;;
13.798;0.351788;-2.234895;;
13.799;0.3517968;-2.234874;;
13.828;0.3588361;-2.217992;;
13.828;0.3588361;-2.217992;;
13.829;0.3588361;-2.217992;;
13.83;0.3588361;-2.217992;;
13.831;0.3588361;-2.217992;;
13.831;0.3588361;-2.217992;;
13.8331136;;;0.440548641017854;0.732706668240494
13.624;0.3137738;-2.318513;;
13.626;0.3138374;-2.318384;;
13.626;0.3138374;-2.318384;;
13.627;0.3138374;-2.318384;;
13.659;0.3217173;-2.301975;;
13.66;0.3217792;-2.301846;;
13.661;0.3217792;-2.301846;;
13.692;0.3294671;-2.285396;;
13.692;0.3295084;-2.285308;;
13.695;0.3295293;-2.285263;;
13.726;0.3370869;-2.268637;;
13.761;0.3444908;-2.251887;;
13.763;0.3445373;-2.251781;;
13.797;0.3517433;-2.234999;;
13.798;0.351788;-2.234895;;
13.799;0.3517968;-2.234874;;
13.828;0.3588361;-2.217992;;
13.828;0.3588361;-2.217992;;
13.829;0.3588361;-2.217992;;
13.83;0.3588361;-2.217992;;
13.831;0.3588361;-2.217992;;
13.831;0.3588361;-2.217992;;
13.861;0.3656426;-2.201174;;
13.862;0.3656794;-2.201082;;
13.863;0.3656901;-2.201056;;
13.864;0.3656957;-2.201042;;
13.866;0.3656983;-2.201036;;
13.895;0.3738116;-2.180293;;
13.896;0.373862;-2.180165;;
13.897;0.373874;-2.180134;;
13.898;0.3738802;-2.180118;;
13.899;0.3738812;-2.180115;;
13.899;0.3738817;-2.180114;;
13.9113181;;;0.930657835849313;0.72974398012739
13.692;0.3294671;-2.285396;;
13.692;0.3295084;-2.285308;;
13.695;0.3295293;-2.285263;;
13.726;0.3370869;-2.268637;;
13.761;0.3444908;-2.251887;;
13.763;0.3445373;-2.251781;;
13.797;0.3517433;-2.234999;;
13.798;0.351788;-2.234895;;
13.799;0.3517968;-2.234874;;
13.828;0.3588361;-2.217992;;
13.828;0.3588361;-2.217992;;
13.829;0.3588361;-2.217992;;
13.83;0.3588361;-2.217992;;
13.831;0.3588361;-2.217992;;
13.831;0.3588361;-2.217992;;
13.861;0.3656426;-2.201174;;
13.862;0.3656794;-2.201082;;
13.863;0.3656901;-2.201056;;
13.864;0.3656957;-2.201042;;
13.866;0.3656983;-2.201036;;
13.895;0.3738116;-2.180293;;
13.896;0.373862;-2.180165;;
13.897;0.373874;-2.180134;;
13.898;0.3738802;-2.180118;;
13.899;0.3738812;-2.180115;;
13.899;0.3738817;-2.180114;;
13.93;0.3789612;-2.166712;;
13.931;0.3789612;-2.166712;;
13.931;0.3789612;-2.166712;;
13.932;0.3789612;-2.166712;;
13.932;0.3789612;-2.166712;;
13.933;0.3789612;-2.166712;;
13.963;0.3852169;-2.149729;;
13.964;0.3852602;-2.149612;;
13.964;0.3852646;-2.1496;;
13.966;0.3852682;-2.14959;;
13.966;0.3852684;-2.149589;;
13.967;0.3869894;-2.144815;;
13.9899659;;;0.94496179744389;0.734865152309896
13.797;0.3517433;-2.234999;;
13.798;0.351788;-2.234895;;
13.799;0.3517968;-2.234874;;
13.828;0.3588361;-2.217992;;
13.828;0.3588361;-2.217992;;
13.829;0.3588361;-2.217992;;
13.83;0.3588361;-2.217992;;
13.831;0.3588361;-2.217992;;
13.831;0.3588361;-2.217992;;
13.861;0.3656426;-2.201174;;
13.862;0.3656794;-2.201082;;
13.863;0.3656901;-2.201056;;
13.864;0.3656957;-2.201042;;
13.866;0.3656983;-2.201036;;
13.895;0.3738116;-2.180293;;
13.896;0.373862;-2.180165;;
13.897;0.373874;-2.180134;;
13.898;0.3738802;-2.180118;;
13.899;0.3738812;-2.180115;;
13.899;0.3738817;-2.180114;;
13.93;0.3789612;-2.166712;;
13.931;0.3789612;-2.166712;;
13.931;0.3789612;-2.166712;;
13.932;0.3789612;-2.166712;;
13.932;0.3789612;-2.166712;;
13.933;0.3789612;-2.166712;;
13.963;0.3852169;-2.149729;;
13.964;0.3852602;-2.149612;;
13.964;0.3852646;-2.1496;;
13.966;0.3852682;-2.14959;;
13.966;0.3852684;-2.149589;;
13.967;0.3869894;-2.144815;;
14;0.3914161;-2.132343;;
14.001;0.3914439;-2.132264;;
14.002;0.3914486;-2.132251;;
14.003;0.3914493;-2.132249;;
14.005;0.3931969;-2.127235;;
14.006;0.3933846;-2.126697;;
14.006;0.3934162;-2.126606;;
14.032;0.3978693;-2.113593;;
14.033;0.3979055;-2.113487;;
14.034;0.3979114;-2.11347;;
14.035;0.3991414;-2.109812;;
14.036;0.3993405;-2.10922;;
14.037;0.3993697;-2.109133;;
14.066;0.403188;-2.097595;;
14.067;0.4032156;-2.097512;;
14.0681379;;;0.968168627194146;0.765876424524932
13.861;0.3656426;-2.201174;;
13.862;0.3656794;-2.201082;;
13.863;0.3656901;-2.201056;;
13.864;0.3656957;-2.201042;;
13.866;0.3656983;-2.201036;;
13.895;0.3738116;-2.180293;;
13.896;0.373862;-2.180165;;
13.897;0.373874;-2.180134;;
13.898;0.3738802;-2.180118;;
13.899;0.3738812;-2.180115;;
13.899;0.3738817;-2.180114;;
13.93;0.3789612;-2.166712;;
13.931;0.3789612;-2.166712;;
13.931;0.3789612;-2.166712;;
13.932;0.3789612;-2.166712;;
13.932;0.3789612;-2.166712;;
13.933;0.3789612;-2.166712;;
13.963;0.3852169;-2.149729;;
13.964;0.3852602;-2.149612;;
13.964;0.3852646;-2.1496;;
13.966;0.3852682;-2.14959;;
13.966;0.3852684;-2.149589;;
13.967;0.3869894;-2.144815;;
14;0.3914161;-2.132343;;
14.001;0.3914439;-2.132264;;
14.002;0.3914486;-2.132251;;
14.003;0.3914493;-2.132249;;
14.005;0.3931969;-2.127235;;
14.006;0.3933846;-2.126697;;
14.006;0.3934162;-2.126606;;
14.032;0.3978693;-2.113593;;
14.033;0.3979055;-2.113487;;
14.034;0.3979114;-2.11347;;
14.035;0.3991414;-2.109812;;
14.036;0.3993405;-2.10922;;
14.037;0.3993697;-2.109133;;
14.066;0.403188;-2.097595;;
14.067;0.4032156;-2.097512;;
14.07;0.4049477;-2.092184;;
14.071;0.404984;-2.092072;;
14.072;0.405073;-2.091799;;
14.073;0.4050924;-2.091739;;
14.1;0.4087775;-2.080198;;
14.101;0.4088047;-2.080113;;
14.102;0.4104275;-2.074921;;
14.103;0.4110915;-2.072797;;
14.103;0.4112351;-2.072337;;
14.133;0.4142326;-2.062584;;
14.134;0.4142536;-2.062516;;
14.135;0.4154543;-2.05854;;
14.136;0.4157509;-2.057558;;
14.137;0.4159332;-2.056955;;
14.137;0.4159644;-2.056851;;
14.1459971;;;0.851463791077206;0.793884449641688
13.93;0.3789612;-2.166712;;
13.931;0.3789612;-2.166712;;
13.931;0.3789612;-2.166712;;
13.932;0.3789612;-2.166712;;
13.932;0.3789612;-2.166712;;
13.933;0.3789612;-2.166712;;
13.963;0.3852169;-2.149729;;
13.964;0.3852602;-2.149612;;
13.964;0.3852646;-2.1496;;
13.966;0.3852682;-2.14959;;
13.966;0.3852684;-2.149589;;
13.967;0.3869894;-2.144815;;
14;0.3914161;-2.132343;;
14.001;0.3914439;-2.132264;;
14.002;0.3914486;-2.132251;;
14.003;0.3914493;-2.132249;;
14.005;0.3931969;-2.127235;;
14.006;0.3933846;-2.126697;;
14.006;0.3934162;-2.126606;;
14.032;0.3978693;-2.113593;;
14.033;0.3979055;-2.113487;;
14.034;0.3979114;-2.11347;;
14.035;0.3991414;-2.109812;;
14.036;0.3993405;-2.10922;;
14.037;0.3993697;-2.109133;;
14.066;0.403188;-2.097595;;
14.067;0.4032156;-2.097512;;
14.07;0.4049477;-2.092184;;
14.071;0.404984;-2.092072;;
14.072;0.405073;-2.091799;;
14.073;0.4050924;-2.091739;;
14.1;0.4087775;-2.080198;;
14.101;0.4088047;-2.080113;;
14.102;0.4104275;-2.074921;;
14.103;0.4110915;-2.072797;;
14.103;0.4112351;-2.072337;;
14.133;0.4142326;-2.062584;;
14.134;0.4142536;-2.062516;;
14.135;0.4154543;-2.05854;;
14.136;0.4157509;-2.057558;;
14.137;0.4159332;-2.056955;;
14.137;0.4159644;-2.056851;;
14.174;0.421089;-2.039445;;
14.175;0.4211346;-2.03929;;
14.177;0.4211555;-2.03922;;
14.178;0.4211577;-2.039212;;
14.179;0.4211583;-2.03921;;
14.179;0.4238369;-2.029833;;
14.201;0.4245068;-2.027456;;
14.202;0.4257371;-2.02305;;
14.204;0.4260778;-2.021829;;
14.204;0.4261191;-2.021681;;
14.2129659;;;0.246360471726432;0.742747084094568
14;0.3914161;-2.132343;;
14.001;0.3914439;-2.132264;;
14.002;0.3914486;-2.132251;;
14.003;0.3914493;-2.132249;;
14.005;0.3931969;-2.127235;;
14.006;0.3933846;-2.126697;;
14.006;0.3934162;-2.126606;;
14.032;0.3978693;-2.113593;;
14.033;0.3979055;-2.113487;;
14.034;0.3979114;-2.11347;;
14.035;0.3991414;-2.109812;;
14.036;0.3993405;-2.10922;;
14.037;0.3993697;-2.109133;;
14.066;0.403188;-2.097595;;
14.067;0.4032156;-2.097512;;
14.07;0.4049477;-2.092184;;
14.071;0.404984;-2.092072;;
14.072;0.405073;-2.091799;;
14.073;0.4050924;-2.091739;;
14.1;0.4087775;-2.080198;;
14.101;0.4088047;-2.080113;;
14.102;0.4104275;-2.074921;;
14.103;0.4110915;-2.072797;;
14.103;0.4112351;-2.072337;;
14.133;0.4142326;-2.062584;;
14.134;0.4142536;-2.062516;;
14.135;0.4154543;-2.05854;;
14.136;0.4157509;-2.057558;;
14.137;0.4159332;-2.056955;;
14.137;0.4159644;-2.056851;;
14.174;0.421089;-2.039445;;
14.175;0.4211346;-2.03929;;
14.177;0.4211555;-2.03922;;
14.178;0.4211577;-2.039212;;
14.179;0.4211583;-2.03921;;
14.179;0.4238369;-2.029833;;
14.201;0.4245068;-2.027456;;
14.202;0.4257371;-2.02305;;
14.204;0.4260778;-2.021829;;
14.204;0.4261191;-2.021681;;
14.235;0.4278012;-2.015575;;
14.236;0.4278194;-2.015509;;
14.238;0.4278266;-2.015482;;
14.27;0.4345725;-1.990044;;
14.271;0.4346415;-1.989784;;
14.2719432;;;0.0434672385745905;0.664937968445699
14.066;0.403188;-2.097595;;
14.067;0.4032156;-2.097512;;
14.07;0.4049477;-2.092184;;
14.071;0.404984;-2.092072;;
14.072;0.405073;-2.091799;;
14.073;0.4050924;-2.091739;;
14.1;0.4087775;-2.080198;;
14.101;0.4088047;-2.080113;;
14.102;0.4104275;-2.074921;;
14.103;0.4110915;-2.072797;;
14.103;0.4112351;-2.072337;;
14.133;0.4142326;-2.062584;;
14.134;0.4142536;-2.062516;;
14.135;0.4154543;-2.05854;;
14.136;0.4157509;-2.057558;;
14.137;0.4159332;-2.056955;;
14.137;0.4159644;-2.056851;;
14.174;0.421089;-2.039445;;
14.175;0.4211346;-2.03929;;
14.177;0.4211555;-2.03922;;
14.178;0.4211577;-2.039212;;
14.179;0.4211583;-2.03921;;
14.179;0.4238369;-2.029833;;
14.201;0.4245068;-2.027456;;
14.202;0.4257371;-2.02305;;
14.204;0.4260778;-2.021829;;
14.204;0.4261191;-2.021681;;
14.235;0.4278012;-2.015575;;
14.236;0.4278194;-2.015509;;
14.238;0.4278266;-2.015482;;
14.27;0.4345725;-1.990044;;
14.271;0.4346415;-1.989784;;
14.272;0.4353758;-1.986917;;
14.304;0.4370374;-1.980358;;
14.305;0.437056;-1.980285;;
14.306;0.4370653;-1.980248;;
14.338;0.4389731;-1.972575;;
14.34;0.4412849;-1.963042;;
14.341;0.4416755;-1.961432;;
14.358464;;;-0.186679906132202;0.568136189178664
14.133;0.4142326;-2.062584;;
14.134;0.4142536;-2.062516;;
14.135;0.4154543;-2.05854;;
14.136;0.4157509;-2.057558;;
14.137;0.4159332;-2.056955;;
14.137;0.4159644;-2.056851;;
14.174;0.421089;-2.039445;;
14.175;0.4211346;-2.03929;;
14.177;0.4211555;-2.03922;;
14.178;0.4211577;-2.039212;;
14.179;0.4211583;-2.03921;;
14.179;0.4238369;-2.029833;;
14.201;0.4245068;-2.027456;;
14.202;0.4257371;-2.02305;;
14.204;0.4260778;-2.021829;;
14.204;0.4261191;-2.021681;;
14.235;0.4278012;-2.015575;;
14.236;0.4278194;-2.015509;;
14.238;0.4278266;-2.015482;;
14.27;0.4345725;-1.990044;;
14.271;0.4346415;-1.989784;;
14.272;0.4353758;-1.986917;;
14.304;0.4370374;-1.980358;;
14.305;0.437056;-1.980285;;
14.306;0.4370653;-1.980248;;
14.338;0.4389731;-1.972575;;
14.34;0.4412849;-1.963042;;
14.341;0.4416755;-1.961432;;
14.371;0.4473071;-1.937127;;
14.372;0.4473773;-1.936824;;
14.373;0.4473931;-1.936756;;
14.405;0.4521285;-1.914948;;
14.406;0.4521837;-1.914694;;
14.407;0.4521979;-1.914628;;
14.4364217;;;-0.449256789985491;0.448569449228835
14.235;0.4278012;-2.015575;;
14.236;0.4278194;-2.015509;;
14.238;0.4278266;-2.015482;;
14.27;0.4345725;-1.990044;;
14.271;0.4346415;-1.989784;;
14.272;0.4353758;-1.986917;;
14.304;0.4370374;-1.980358;;
14.305;0.437056;-1.980285;;
14.306;0.4370653;-1.980248;;
14.338;0.4389731;-1.972575;;
14.34;0.4412849;-1.963042;;
14.341;0.4416755;-1.961432;;
14.371;0.4473071;-1.937127;;
14.372;0.4473773;-1.936824;;
14.373;0.4473931;-1.936756;;
14.405;0.4521285;-1.914948;;
14.406;0.4521837;-1.914694;;
14.407;0.4521979;-1.914628;;
14.439;0.4558473;-1.896811;;
14.44;0.4558891;-1.896607;;
14.441;0.4559;-1.896554;;
14.474;0.4592845;-1.879101;;
14.475;0.459318;-1.878928;;
14.475;0.4593264;-1.878885;;
14.508;0.4626257;-1.860863;;
14.508;0.4626496;-1.860733;;
14.5149716;;;0.934527835116076;0.454243448008111
14.304;0.4370374;-1.980358;;
14.305;0.437056;-1.980285;;
14.306;0.4370653;-1.980248;;
14.338;0.4389731;-1.972575;;
14.34;0.4412849;-1.963042;;
14.341;0.4416755;-1.961432;;
14.371;0.4473071;-1.937127;;
14.372;0.4473773;-1.936824;;
14.373;0.4473931;-1.936756;;
14.405;0.4521285;-1.914948;;
14.406;0.4521837;-1.914694;;
14.407;0.4521979;-1.914628;;
14.439;0.4558473;-1.896811;;
14.44;0.4558891;-1.896607;;
14.441;0.4559;-1.896554;;
14.474;0.4592845;-1.879101;;
14.475;0.459318;-1.878928;;
14.475;0.4593264;-1.878885;;
14.508;0.4626257;-1.860863;;
14.508;0.4626496;-1.860733;;
14.542;0.465749;-1.842733;;
14.543;0.4657728;-1.842594;;
14.544;0.4657844;-1.842527;;
14.576;0.4686513;-1.824758;;
14.577;0.468675;-1.824611;;
14.578;0.4686864;-1.82454;;
14.5929966;;;0.984484118966871;0.491876285583107
14.371;0.4473071;-1.937127;;
14.372;0.4473773;-1.936824;;
14.373;0.4473931;-1.936756;;
14.405;0.4521285;-1.914948;;
14.406;0.4521837;-1.914694;;
14.407;0.4521979;-1.914628;;
14.439;0.4558473;-1.896811;;
14.44;0.4558891;-1.896607;;
14.441;0.4559;-1.896554;;
14.474;0.4592845;-1.879101;;
14.475;0.459318;-1.878928;;
14.475;0.4593264;-1.878885;;
14.508;0.4626257;-1.860863;;
14.508;0.4626496;-1.860733;;
14.542;0.465749;-1.842733;;
14.543;0.4657728;-1.842594;;
14.544;0.4657844;-1.842527;;
14.576;0.4686513;-1.824758;;
14.577;0.468675;-1.824611;;
14.578;0.4686864;-1.82454;;
14.61;0.4713764;-1.806679;;
14.611;0.4714039;-1.806496;;
14.612;0.4714148;-1.806424;;
14.643;0.4739277;-1.788452;;
14.644;0.4739542;-1.788263;;
14.645;0.4739635;-1.788197;;
14.6709842;;;0.975830998095714;0.557044554912033
14.474;0.4592845;-1.879101;;
14.475;0.459318;-1.878928;;
14.475;0.4593264;-1.878885;;
14.508;0.4626257;-1.860863;;
14.508;0.4626496;-1.860733;;
14.542;0.465749;-1.842733;;
14.543;0.4657728;-1.842594;;
14.544;0.4657844;-1.842527;;
14.576;0.4686513;-1.824758;;
14.577;0.468675;-1.824611;;
14.578;0.4686864;-1.82454;;
14.61;0.4713764;-1.806679;;
14.611;0.4714039;-1.806496;;
14.612;0.4714148;-1.806424;;
14.643;0.4739277;-1.788452;;
14.644;0.4739542;-1.788263;;
14.645;0.4739635;-1.788197;;
14.677;0.476271;-1.770325;;
14.678;0.476298;-1.770115;;
14.679;0.4763048;-1.770063;;
14.712;0.4784372;-1.752055;;
14.713;0.4784548;-1.751907;;
14.713;0.4784568;-1.75189;;
14.745;0.4803973;-1.733891;;
14.747;0.4804211;-1.73367;;
14.748;0.4804251;-1.733633;;
14.7494516;;;0.976650224625465;0.601719686879334
14.542;0.465749;-1.842733;;
14.543;0.4657728;-1.842594;;
14.544;0.4657844;-1.842527;;
14.576;0.4686513;-1.824758;;
14.577;0.468675;-1.824611;;
14.578;0.4686864;-1.82454;;
14.61;0.4713764;-1.806679;;
14.611;0.4714039;-1.806496;;
14.612;0.4714148;-1.806424;;
14.643;0.4739277;-1.788452;;
14.644;0.4739542;-1.788263;;
14.645;0.4739635;-1.788197;;
14.677;0.476271;-1.770325;;
14.678;0.476298;-1.770115;;
14.679;0.4763048;-1.770063;;
14.712;0.4784372;-1.752055;;
14.713;0.4784548;-1.751907;;
14.713;0.4784568;-1.75189;;
14.745;0.4803973;-1.733891;;
14.747;0.4804211;-1.73367;;
14.748;0.4804251;-1.733633;;
14.779;0.482179;-1.715573;;
14.781;0.4822016;-1.71534;;
14.782;0.4822055;-1.715301;;
14.813;0.4837639;-1.697278;;
14.813;0.4837742;-1.697159;;
14.816;0.4837879;-1.697001;;
14.818;0.4842192;-1.691571;;
14.818;0.4842402;-1.691306;;
14.827464;;;0.687079802665089;0.581421517447316
14.61;0.4713764;-1.806679;;
14.611;0.4714039;-1.806496;;
14.612;0.4714148;-1.806424;;
14.643;0.4739277;-1.788452;;
14.644;0.4739542;-1.788263;;
14.645;0.4739635;-1.788197;;
14.677;0.476271;-1.770325;;
14.678;0.476298;-1.770115;;
14.679;0.4763048;-1.770063;;
14.712;0.4784372;-1.752055;;
14.713;0.4784548;-1.751907;;
14.713;0.4784568;-1.75189;;
14.745;0.4803973;-1.733891;;
14.747;0.4804211;-1.73367;;
14.748;0.4804251;-1.733633;;
14.779;0.482179;-1.715573;;
14.781;0.4822016;-1.71534;;
14.782;0.4822055;-1.715301;;
14.813;0.4837639;-1.697278;;
14.813;0.4837742;-1.697159;;
14.816;0.4837879;-1.697001;;
14.818;0.4842192;-1.691571;;
14.818;0.4842402;-1.691306;;
14.848;0.4851658;-1.678843;;
14.849;0.4851716;-1.678765;;
14.85;0.4854933;-1.674089;;
14.882;0.4863639;-1.660506;;
14.883;0.4863696;-1.660419;;
14.884;0.4866616;-1.655407;;
14.885;0.4867205;-1.654396;;
14.887;0.4867205;-1.654396;;
14.887;0.4867205;-1.654396;;
14.9055264;;;0.124707153865579;0.51306696381579
14.712;0.4784372;-1.752055;;
14.713;0.4784548;-1.751907;;
14.713;0.4784568;-1.75189;;
14.745;0.4803973;-1.733891;;
14.747;0.4804211;-1.73367;;
14.748;0.4804251;-1.733633;;
14.779;0.482179;-1.715573;;
14.781;0.4822016;-1.71534;;
14.782;0.4822055;-1.715301;;
14.813;0.4837639;-1.697278;;
14.813;0.4837742;-1.697159;;
14.816;0.4837879;-1.697001;;
14.818;0.4842192;-1.691571;;
14.818;0.4842402;-1.691306;;
14.848;0.4851658;-1.678843;;
14.849;0.4851716;-1.678765;;
14.85;0.4854933;-1.674089;;
14.882;0.4863639;-1.660506;;
14.883;0.4863696;-1.660419;;
14.884;0.4866616;-1.655407;;
14.885;0.4867205;-1.654396;;
14.887;0.4867205;-1.654396;;
14.887;0.4867205;-1.654396;;
14.917;0.4873713;-1.642112;;
14.918;0.487665;-1.635951;;
14.918;0.487665;-1.635951;;
14.95;0.4884011;-1.617837;;
14.951;0.4884058;-1.61772;;
14.952;0.4884065;-1.617702;;
14.953;0.4884067;-1.617697;;
14.954;0.4884068;-1.617696;;
14.983;0.4887926;-1.605593;;
14.984014;;;0.0358986896462394;0.435377802353464
14.779;0.482179;-1.715573;;
14.781;0.4822016;-1.71534;;
14.782;0.4822055;-1.715301;;
14.813;0.4837639;-1.697278;;
14.813;0.4837742;-1.697159;;
14.816;0.4837879;-1.697001;;
14.818;0.4842192;-1.691571;;
14.818;0.4842402;-1.691306;;
14.848;0.4851658;-1.678843;;
14.849;0.4851716;-1.678765;;
14.85;0.4854933;-1.674089;;
14.882;0.4863639;-1.660506;;
14.883;0.4863696;-1.660419;;
14.884;0.4866616;-1.655407;;
14.885;0.4867205;-1.654396;;
14.887;0.4867205;-1.654396;;
14.887;0.4867205;-1.654396;;
14.917;0.4873713;-1.642112;;
14.918;0.487665;-1.635951;;
14.918;0.487665;-1.635951;;
14.95;0.4884011;-1.617837;;
14.951;0.4884058;-1.61772;;
14.952;0.4884065;-1.617702;;
14.953;0.4884067;-1.617697;;
14.954;0.4884068;-1.617696;;
14.983;0.4887926;-1.605593;;
14.984;0.4889323;-1.600355;;
14.985;0.4889434;-1.599941;;
14.986;0.4889601;-1.599316;;
14.987;0.4889601;-1.599316;;
15.017;0.4892204;-1.587097;;
15.018;0.4893511;-1.578586;;
15.051;0.4894501;-1.568773;;
15.052;0.4894837;-1.562705;;
15.053;0.4894837;-1.562705;;
15.054;0.4894837;-1.562705;;
15.054;0.4894837;-1.562705;;
15.0620164;;;-0.00355601303966474;0.364126152010392
14.848;0.4851658;-1.678843;;
14.849;0.4851716;-1.678765;;
14.85;0.4854933;-1.674089;;
14.882;0.4863639;-1.660506;;
14.883;0.4863696;-1.660419;;
14.884;0.4866616;-1.655407;;
14.885;0.4867205;-1.654396;;
14.887;0.4867205;-1.654396;;
14.887;0.4867205;-1.654396;;
14.917;0.4873713;-1.642112;;
14.918;0.487665;-1.635951;;
14.918;0.487665;-1.635951;;
14.95;0.4884011;-1.617837;;
14.951;0.4884058;-1.61772;;
14.952;0.4884065;-1.617702;;
14.953;0.4884067;-1.617697;;
14.954;0.4884068;-1.617696;;
14.983;0.4887926;-1.605593;;
14.984;0.4889323;-1.600355;;
14.985;0.4889434;-1.599941;;
14.986;0.4889601;-1.599316;;
14.987;0.4889601;-1.599316;;
15.017;0.4892204;-1.587097;;
15.018;0.4893511;-1.578586;;
15.051;0.4894501;-1.568773;;
15.052;0.4894837;-1.562705;;
15.053;0.4894837;-1.562705;;
15.054;0.4894837;-1.562705;;
15.054;0.4894837;-1.562705;;
15.085;0.489457;-1.544518;;
15.086;0.4894568;-1.544393;;
15.118;0.4892383;-1.526167;;
15.121;0.4892367;-1.526037;;
15.122;0.4892366;-1.526028;;
15.123;0.4892366;-1.526026;;
15.1399164;;;0.00071051157476909;0.343655321997753
14.917;0.4873713;-1.642112;;
14.918;0.487665;-1.635951;;
14.918;0.487665;-1.635951;;
14.95;0.4884011;-1.617837;;
14.951;0.4884058;-1.61772;;
14.952;0.4884065;-1.617702;;
14.953;0.4884067;-1.617697;;
14.954;0.4884068;-1.617696;;
14.983;0.4887926;-1.605593;;
14.984;0.4889323;-1.600355;;
14.985;0.4889434;-1.599941;;
14.986;0.4889601;-1.599316;;
14.987;0.4889601;-1.599316;;
15.017;0.4892204;-1.587097;;
15.018;0.4893511;-1.578586;;
15.051;0.4894501;-1.568773;;
15.052;0.4894837;-1.562705;;
15.053;0.4894837;-1.562705;;
15.054;0.4894837;-1.562705;;
15.054;0.4894837;-1.562705;;
15.085;0.489457;-1.544518;;
15.086;0.4894568;-1.544393;;
15.118;0.4892383;-1.526167;;
15.121;0.4892367;-1.526037;;
15.122;0.4892366;-1.526028;;
15.123;0.4892366;-1.526026;;
15.154;0.488829;-1.50792;;
15.154;0.4888283;-1.50789;;
15.155;0.488826;-1.507789;;
15.187;0.4882261;-1.489615;;
15.188;0.4882222;-1.489496;;
15.189;0.4882215;-1.489476;;
15.2179975;;;0.25605777259475;0.361371199832766
15.017;0.4892204;-1.587097;;
15.018;0.4893511;-1.578586;;
15.051;0.4894501;-1.568773;;
15.052;0.4894837;-1.562705;;
15.053;0.4894837;-1.562705;;
15.054;0.4894837;-1.562705;;
15.054;0.4894837;-1.562705;;
15.085;0.489457;-1.544518;;
15.086;0.4894568;-1.544393;;
15.118;0.4892383;-1.526167;;
15.121;0.4892367;-1.526037;;
15.122;0.4892366;-1.526028;;
15.123;0.4892366;-1.526026;;
15.154;0.488829;-1.50792;;
15.154;0.4888283;-1.50789;;
15.155;0.488826;-1.507789;;
15.187;0.4882261;-1.489615;;
15.188;0.4882222;-1.489496;;
15.189;0.4882215;-1.489476;;
15.222;0.4874265;-1.471228;;
15.223;0.4874204;-1.471088;;
15.223;0.4874204;-1.471088;;
15.224;0.4874204;-1.471088;;
15.257;0.4864335;-1.452853;;
15.258;0.4864335;-1.452853;;
15.259;0.4864335;-1.452853;;
15.259;0.4864335;-1.452853;;
15.29;0.4852523;-1.434595;;
15.291;0.4852445;-1.434474;;
15.293;0.485243;-1.434451;;
15.2964386;;;0.885256097699314;0.450699200152059
15.085;0.489457;-1.544518;;
15.086;0.4894568;-1.544393;;
15.118;0.4892383;-1.526167;;
15.121;0.4892367;-1.526037;;
15.122;0.4892366;-1.526028;;
15.123;0.4892366;-1.526026;;
15.154;0.488829;-1.50792;;
15.154;0.4888283;-1.50789;;
15.155;0.488826;-1.507789;;
15.187;0.4882261;-1.489615;;
15.188;0.4882222;-1.489496;;
15.189;0.4882215;-1.489476;;
15.222;0.4874265;-1.471228;;
15.223;0.4874204;-1.471088;;
15.223;0.4874204;-1.471088;;
15.224;0.4874204;-1.471088;;
15.257;0.4864335;-1.452853;;
15.258;0.4864335;-1.452853;;
15.259;0.4864335;-1.452853;;
15.259;0.4864335;-1.452853;;
15.29;0.4852523;-1.434595;;
15.291;0.4852445;-1.434474;;
15.293;0.485243;-1.434451;;
15.324;0.4838715;-1.416242;;
15.325;0.4838622;-1.416119;;
15.326;0.4838606;-1.416098;;
15.358;0.4823029;-1.397972;;
15.359;0.4822927;-1.397853;;
15.36;0.4822909;-1.397833;;
15.3745029;;;0.920075678066255;0.564810239156371
15.154;0.488829;-1.50792;;
15.154;0.4888283;-1.50789;;
15.155;0.488826;-1.507789;;
15.187;0.4882261;-1.489615;;
15.188;0.4882222;-1.489496;;
15.189;0.4882215;-1.489476;;
15.222;0.4874265;-1.471228;;
15.223;0.4874204;-1.471088;;
15.223;0.4874204;-1.471088;;
15.224;0.4874204;-1.471088;;
15.257;0.4864335;-1.452853;;
15.258;0.4864335;-1.452853;;
15.259;0.4864335;-1.452853;;
15.259;0.4864335;-1.452853;;
15.29;0.4852523;-1.434595;;
15.291;0.4852445;-1.434474;;
15.293;0.485243;-1.434451;;
15.324;0.4838715;-1.416242;;
15.325;0.4838622;-1.416119;;
15.326;0.4838606;-1.416098;;
15.358;0.4823029;-1.397972;;
15.359;0.4822927;-1.397853;;
15.36;0.4822909;-1.397833;;
15.392;0.4805472;-1.37977;;
15.393;0.480536;-1.379654;;
15.394;0.4805341;-1.379634;;
15.425;0.4785967;-1.361554;;
15.426;0.4785835;-1.361431;;
15.428;0.4785813;-1.36141;;
15.452923;;;0.86207765892706;0.558772724473953
15.257;0.4864335;-1.452853;;
15.258;0.4864335;-1.452853;;
15.259;0.4864335;-1.452853;;
15.259;0.4864335;-1.452853;;
15.29;0.4852523;-1.434595;;
15.291;0.4852445;-1.434474;;
15.293;0.485243;-1.434451;;
15.324;0.4838715;-1.416242;;
15.325;0.4838622;-1.416119;;
15.326;0.4838606;-1.416098;;
15.358;0.4823029;-1.397972;;
15.359;0.4822927;-1.397853;;
15.36;0.4822909;-1.397833;;
15.392;0.4805472;-1.37977;;
15.393;0.480536;-1.379654;;
15.394;0.4805341;-1.379634;;
15.425;0.4785967;-1.361554;;
15.426;0.4785835;-1.361431;;
15.428;0.4785813;-1.36141;;
15.459;0.4764478;-1.343302;;
15.461;0.4764329;-1.343176;;
15.462;0.4764313;-1.343162;;
15.494;0.4741318;-1.325264;;
15.494;0.4741229;-1.325194;;
15.495;0.4741152;-1.325135;;
15.527;0.4715962;-1.307034;;
15.528;0.47158;-1.306918;;
15.53;0.471577;-1.306896;;
15.53;0.4715768;-1.306895;;
15.531416;;;0.610940095522608;0.527644055853598
15.324;0.4838715;-1.416242;;
15.325;0.4838622;-1.416119;;
15.326;0.4838606;-1.416098;;
15.358;0.4823029;-1.397972;;
15.359;0.4822927;-1.397853;;
15.36;0.4822909;-1.397833;;
15.392;0.4805472;-1.37977;;
15.393;0.480536;-1.379654;;
15.394;0.4805341;-1.379634;;
15.425;0.4785967;-1.361554;;
15.426;0.4785835;-1.361431;;
15.428;0.4785813;-1.36141;;
15.459;0.4764478;-1.343302;;
15.461;0.4764329;-1.343176;;
15.462;0.4764313;-1.343162;;
15.494;0.4741318;-1.325264;;
15.494;0.4741229;-1.325194;;
15.495;0.4741152;-1.325135;;
15.527;0.4715962;-1.307034;;
15.528;0.47158;-1.306918;;
15.53;0.471577;-1.306896;;
15.53;0.4715768;-1.306895;;
15.561;0.4688638;-1.288803;;
15.562;0.4688456;-1.288683;;
15.564;0.4679857;-1.283211;;
15.595;0.4659427;-1.270626;;
15.596;0.4659291;-1.270542;;
15.597;0.4659268;-1.270528;;
15.599;0.465052;-1.26532;;
15.6094639;;;0.773253736500987;0.510762617387371
15.392;0.4805472;-1.37977;;
15.393;0.480536;-1.379654;;
15.394;0.4805341;-1.379634;;
15.425;0.4785967;-1.361554;;
15.426;0.4785835;-1.361431;;
15.428;0.4785813;-1.36141;;
15.459;0.4764478;-1.343302;;
15.461;0.4764329;-1.343176;;
15.462;0.4764313;-1.343162;;
15.494;0.4741318;-1.325264;;
15.494;0.4741229;-1.325194;;
15.495;0.4741152;-1.325135;;
15.527;0.4715962;-1.307034;;
15.528;0.47158;-1.306918;;
15.53;0.471577;-1.306896;;
15.53;0.4715768;-1.306895;;
15.561;0.4688638;-1.288803;;
15.562;0.4688456;-1.288683;;
15.564;0.4679857;-1.283211;;
15.595;0.4659427;-1.270626;;
15.596;0.4659291;-1.270542;;
15.597;0.4659268;-1.270528;;
15.599;0.465052;-1.26532;;
15.63;0.4628592;-1.252649;;
15.631;0.4628458;-1.252571;;
15.632;0.4619438;-1.247526;;
15.665;0.4584404;-1.228656;;
15.667;0.4584166;-1.228528;;
15.669;0.4584143;-1.228515;;
15.67;0.4584141;-1.228514;;
15.6876022;;;0.914620144363126;0.505593444032176
15.459;0.4764478;-1.343302;;
15.461;0.4764329;-1.343176;;
15.462;0.4764313;-1.343162;;
15.494;0.4741318;-1.325264;;
15.494;0.4741229;-1.325194;;
15.495;0.4741152;-1.325135;;
15.527;0.4715962;-1.307034;;
15.528;0.47158;-1.306918;;
15.53;0.471577;-1.306896;;
15.53;0.4715768;-1.306895;;
15.561;0.4688638;-1.288803;;
15.562;0.4688456;-1.288683;;
15.564;0.4679857;-1.283211;;
15.595;0.4659427;-1.270626;;
15.596;0.4659291;-1.270542;;
15.597;0.4659268;-1.270528;;
15.599;0.465052;-1.26532;;
15.63;0.4628592;-1.252649;;
15.631;0.4628458;-1.252571;;
15.632;0.4619438;-1.247526;;
15.665;0.4584404;-1.228656;;
15.667;0.4584166;-1.228528;;
15.669;0.4584143;-1.228515;;
15.67;0.4584141;-1.228514;;
15.7;0.4549029;-1.210686;;
15.734;0.4511442;-1.192602;;
15.736;0.4511194;-1.192483;;
15.737;0.4511171;-1.192472;;
15.738;0.4511167;-1.19247;;
15.7655433;;;0.853570829906184;0.519467696302267
15.561;0.4688638;-1.288803;;
15.562;0.4688456;-1.288683;;
15.564;0.4679857;-1.283211;;
15.595;0.4659427;-1.270626;;
15.596;0.4659291;-1.270542;;
15.597;0.4659268;-1.270528;;
15.599;0.465052;-1.26532;;
15.63;0.4628592;-1.252649;;
15.631;0.4628458;-1.252571;;
15.632;0.4619438;-1.247526;;
15.665;0.4584404;-1.228656;;
15.667;0.4584166;-1.228528;;
15.669;0.4584143;-1.228515;;
15.67;0.4584141;-1.228514;;
15.7;0.4549029;-1.210686;;
15.734;0.4511442;-1.192602;;
15.736;0.4511194;-1.192483;;
15.737;0.4511171;-1.192472;;
15.738;0.4511167;-1.19247;;
15.767;0.4472452;-1.174788;;
15.768;0.4472174;-1.174661;;
15.769;0.4472129;-1.17464;;
15.808;0.4431115;-1.156809;;
15.809;0.4430898;-1.156714;;
15.811;0.441872;-1.151584;;
15.837;0.4387473;-1.138711;;
15.838;0.4387219;-1.138607;;
15.839;0.4387177;-1.13859;;
15.8435476;;;0.712964859630971;0.568489171782717
15.63;0.4628592;-1.252649;;
15.631;0.4628458;-1.252571;;
15.632;0.4619438;-1.247526;;
15.665;0.4584404;-1.228656;;
15.667;0.4584166;-1.228528;;
15.669;0.4584143;-1.228515;;
15.67;0.4584141;-1.228514;;
15.7;0.4549029;-1.210686;;
15.734;0.4511442;-1.192602;;
15.736;0.4511194;-1.192483;;
15.737;0.4511171;-1.192472;;
15.738;0.4511167;-1.19247;;
15.767;0.4472452;-1.174788;;
15.768;0.4472174;-1.174661;;
15.769;0.4472129;-1.17464;;
15.808;0.4431115;-1.156809;;
15.809;0.4430898;-1.156714;;
15.811;0.441872;-1.151584;;
15.837;0.4387473;-1.138711;;
15.838;0.4387219;-1.138607;;
15.839;0.4387177;-1.13859;;
15.869;0.4343559;-1.121307;;
15.871;0.4343242;-1.121181;;
15.904;0.4296604;-1.103482;;
15.906;0.4296296;-1.103365;;
15.908;0.4296257;-1.10335;;
15.909;0.4296253;-1.103349;;
15.9220203;;;0.811275918353262;0.633103940841635
15.7;0.4549029;-1.210686;;
15.734;0.4511442;-1.192602;;
15.736;0.4511194;-1.192483;;
15.737;0.4511171;-1.192472;;
15.738;0.4511167;-1.19247;;
15.767;0.4472452;-1.174788;;
15.768;0.4472174;-1.174661;;
15.769;0.4472129;-1.17464;;
15.808;0.4431115;-1.156809;;
15.809;0.4430898;-1.156714;;
15.811;0.441872;-1.151584;;
15.837;0.4387473;-1.138711;;
15.838;0.4387219;-1.138607;;
15.839;0.4387177;-1.13859;;
15.869;0.4343559;-1.121307;;
15.871;0.4343242;-1.121181;;
15.904;0.4296604;-1.103482;;
15.906;0.4296296;-1.103365;;
15.908;0.4296257;-1.10335;;
15.909;0.4296253;-1.103349;;
15.937;0.4248349;-1.085917;;
15.939;0.4247977;-1.085781;;
15.94;0.4247937;-1.085767;;
15.971;0.4197878;-1.068272;;
15.973;0.4197528;-1.068149;;
15.974;0.419749;-1.068136;;
15.9999282;;;0.912160101318188;0.709413617038123
15.808;0.4431115;-1.156809;;
15.809;0.4430898;-1.156714;;
15.811;0.441872;-1.151584;;
15.837;0.4387473;-1.138711;;
15.838;0.4387219;-1.138607;;
15.839;0.4387177;-1.13859;;
15.869;0.4343559;-1.121307;;
15.871;0.4343242;-1.121181;;
15.904;0.4296604;-1.103482;;
15.906;0.4296296;-1.103365;;
15.908;0.4296257;-1.10335;;
15.909;0.4296253;-1.103349;;
15.937;0.4248349;-1.085917;;
15.939;0.4247977;-1.085781;;
15.94;0.4247937;-1.085767;;
15.971;0.4197878;-1.068272;;
15.973;0.4197528;-1.068149;;
15.974;0.419749;-1.068136;;
16.005;0.4145627;-1.050706;;
16.006;0.4145283;-1.05059;;
16.008;0.414522;-1.050569;;
16.074;0.4035357;-1.015674;;
16.0784572;;;0.878981831797803;0.782602893723376
15.869;0.4343559;-1.121307;;
15.871;0.4343242;-1.121181;;
15.904;0.4296604;-1.103482;;
15.906;0.4296296;-1.103365;;
15.908;0.4296257;-1.10335;;
15.909;0.4296253;-1.103349;;
15.937;0.4248349;-1.085917;;
15.939;0.4247977;-1.085781;;
15.94;0.4247937;-1.085767;;
15.971;0.4197878;-1.068272;;
15.973;0.4197528;-1.068149;;
15.974;0.419749;-1.068136;;
16.005;0.4145627;-1.050706;;
16.006;0.4145283;-1.05059;;
16.008;0.414522;-1.050569;;
16.074;0.4035357;-1.015674;;
16.109;0.3977274;-0.9981887;;
16.142;0.3918173;-0.9810053;;
16.142;0.391772;-0.9808736;;
16.143;0.391772;-0.9808736;;
16.1565294;;;0.637387605454952;0.814380379795059
15.904;0.4296604;-1.103482;;
15.906;0.4296296;-1.103365;;
15.908;0.4296257;-1.10335;;
15.909;0.4296253;-1.103349;;
15.937;0.4248349;-1.085917;;
15.939;0.4247977;-1.085781;;
15.94;0.4247937;-1.085767;;
15.971;0.4197878;-1.068272;;
15.973;0.4197528;-1.068149;;
15.974;0.419749;-1.068136;;
16.005;0.4145627;-1.050706;;
16.006;0.4145283;-1.05059;;
16.008;0.414522;-1.050569;;
16.074;0.4035357;-1.015674;;
16.109;0.3977274;-0.9981887;;
16.142;0.3918173;-0.9810053;;
16.142;0.391772;-0.9808736;;
16.143;0.391772;-0.9808736;;
16.177;0.3856162;-0.9635724;;
16.2344633;;;0.7245448342431;0.800987774507041
16.005;0.4145627;-1.050706;;
16.006;0.4145283;-1.05059;;
16.008;0.414522;-1.050569;;
16.074;0.4035357;-1.015674;;
16.109;0.3977274;-0.9981887;;
16.142;0.3918173;-0.9810053;;
16.142;0.391772;-0.9808736;;
16.143;0.391772;-0.9808736;;
16.177;0.3856162;-0.9635724;;
16.244;0.3727795;-0.9292223;;
16.278;0.3660828;-0.9121307;;
16.3130398;;;0.830472369930659;0.793520832162408
16.109;0.3977274;-0.9981887;;
16.142;0.3918173;-0.9810053;;
16.142;0.391772;-0.9808736;;
16.143;0.391772;-0.9808736;;
16.177;0.3856162;-0.9635724;;
16.244;0.3727795;-0.9292223;;
16.278;0.3660828;-0.9121307;;
16.317;0.3568949;-0.8895032;;
16.383;0.3425022;-0.8557671;;
16.390962;;;0.687949554200245;0.779010156768507
16.177;0.3856162;-0.9635724;;
16.244;0.3727795;-0.9292223;;
16.278;0.3660828;-0.9121307;;
16.317;0.3568949;-0.8895032;;
16.383;0.3425022;-0.8557671;;
16.449;0.3274125;-0.8223634;;
16.4803948;;;0.993997862813835;0.810931637376109
16.278;0.3660828;-0.9121307;;
16.317;0.3568949;-0.8895032;;
16.383;0.3425022;-0.8557671;;
16.449;0.3274125;-0.8223634;;
16.483;0.3195652;-0.8056993;;
16.519;0.3115727;-0.7891816;;
16.552;0.303546;-0.7730274;;
16.553;0.3034952;-0.7729251;;
16.555;0.303488;-0.7729105;;
16.555;0.3034876;-0.7729098;;
16.5696395;;;0.615982238010205;0.797825679168544
16.383;0.3425022;-0.8557671;;
16.449;0.3274125;-0.8223634;;
16.483;0.3195652;-0.8056993;;
16.519;0.3115727;-0.7891816;;
16.552;0.303546;-0.7730274;;
16.553;0.3034952;-0.7729251;;
16.555;0.303488;-0.7729105;;
16.555;0.3034876;-0.7729098;;
16.619;0.2867554;-0.7405259;;
16.6478767;;;0.730691028962545;0.782498252885162
16.449;0.3274125;-0.8223634;;
16.483;0.3195652;-0.8056993;;
16.519;0.3115727;-0.7891816;;
16.552;0.303546;-0.7730274;;
16.553;0.3034952;-0.7729251;;
16.555;0.303488;-0.7729105;;
16.555;0.3034876;-0.7729098;;
16.619;0.2867554;-0.7405259;;
16.653;0.2780473;-0.7242976;;
16.72;0.2601355;-0.6921598;;
16.7375241;;;0.790524193147586;0.777244366488613
16.519;0.3115727;-0.7891816;;
16.552;0.303546;-0.7730274;;
16.553;0.3034952;-0.7729251;;
16.555;0.303488;-0.7729105;;
16.555;0.3034876;-0.7729098;;
16.619;0.2867554;-0.7405259;;
16.653;0.2780473;-0.7242976;;
16.72;0.2601355;-0.6921598;;
16.754;0.2510974;-0.6765229;;
16.789;0.2416879;-0.6606336;;
16.8154478;;;0.686874267551856;0.77507015048202
16.619;0.2867554;-0.7405259;;
16.653;0.2780473;-0.7242976;;
16.72;0.2601355;-0.6921598;;
16.754;0.2510974;-0.6765229;;
16.789;0.2416879;-0.6606336;;
16.855;0.2224901;-0.6293585;;
16.89;0.2126126;-0.6138196;;
16.904517;;;0.992909529724847;0.790206284762985
16.72;0.2601355;-0.6921598;;
16.754;0.2510974;-0.6765229;;
16.789;0.2416879;-0.6606336;;
16.855;0.2224901;-0.6293585;;
16.89;0.2126126;-0.6138196;;
16.925;0.2026673;-0.5985343;;
16.958;0.1925218;-0.5832938;;
16.9944303;;;0.9931898033966;0.796958759936186
16.789;0.2416879;-0.6606336;;
16.855;0.2224901;-0.6293585;;
16.89;0.2126126;-0.6138196;;
16.925;0.2026673;-0.5985343;;
16.958;0.1925218;-0.5832938;;
17.026;0.1716879;-0.5530465;;
17.064;0.1575352;-0.5332484;;
17.0834569;;;0.992750347340431;0.806439469564738
16.89;0.2126126;-0.6138196;;
16.925;0.2026673;-0.5985343;;
16.958;0.1925218;-0.5832938;;
17.026;0.1716879;-0.5530465;;
17.064;0.1575352;-0.5332484;;
17.094;0.1466678;-0.518433;;
17.161;0.1244856;-0.4891784;;
17.17294;;;0.994615874844647;0.836208492013879
16.925;0.2026673;-0.5985343;;
16.958;0.1925218;-0.5832938;;
17.026;0.1716879;-0.5530465;;
17.064;0.1575352;-0.5332484;;
17.094;0.1466678;-0.518433;;
17.161;0.1244856;-0.4891784;;
17.197;0.1131512;-0.4747078;;
17.2623896;;;0.993571242137963;0.858627359338451
17.064;0.1575352;-0.5332484;;
17.094;0.1466678;-0.518433;;
17.161;0.1244856;-0.4891784;;
17.197;0.1131512;-0.4747078;;
17.264;0.09008951;-0.4462116;;
17.298;0.0784201;-0.4322444;;
17.333;0.06637572;-0.4181359;;
17.3514621;;;0.99282293001908;0.872156572679153
17.161;0.1244856;-0.4891784;;
17.197;0.1131512;-0.4747078;;
17.264;0.09008951;-0.4462116;;
17.298;0.0784201;-0.4322444;;
17.333;0.06637572;-0.4181359;;
17.4;0.04215427;-0.3906592;;
17.435;0.02985923;-0.3771439;;
17.4409483;;;0.852809043781075;0.885894863477556
17.264;0.09008951;-0.4462116;;
17.298;0.0784201;-0.4322444;;
17.333;0.06637572;-0.4181359;;
17.4;0.04215427;-0.3906592;;
17.435;0.02985923;-0.3771439;;
17.468;0.0173327;-0.3636643;;
17.47;0.01716911;-0.3634882;;
17.502;0.004839807;-0.3505014;;
17.503;0.004702936;-0.3503573;;
17.504;0.004551643;-0.3501979;;
17.505;0.004551643;-0.3501979;;
17.5304559;;;0.726023610194559;0.863563675759283
17.298;0.0784201;-0.4322444;;
17.333;0.06637572;-0.4181359;;
17.4;0.04215427;-0.3906592;;
17.435;0.02985923;-0.3771439;;
17.468;0.0173327;-0.3636643;;
17.47;0.01716911;-0.3634882;;
17.502;0.004839807;-0.3505014;;
17.503;0.004702936;-0.3503573;;
17.504;0.004551643;-0.3501979;;
17.505;0.004551643;-0.3501979;;
17.534;-0.00819975;-0.3370467;;
17.536;-0.00819975;-0.3370467;;
17.536;-0.00819975;-0.3370467;;
17.573;-0.0210664;-0.3240525;;
17.6193951;;;0.835675381703602;0.881871437733733
17.4;0.04215427;-0.3906592;;
17.435;0.02985923;-0.3771439;;
17.468;0.0173327;-0.3636643;;
17.47;0.01716911;-0.3634882;;
17.502;0.004839807;-0.3505014;;
17.503;0.004702936;-0.3503573;;
17.504;0.004551643;-0.3501979;;
17.505;0.004551643;-0.3501979;;
17.534;-0.00819975;-0.3370467;;
17.536;-0.00819975;-0.3370467;;
17.536;-0.00819975;-0.3370467;;
17.573;-0.0210664;-0.3240525;;
17.638;-0.04729239;-0.2983898;;
17.672;-0.06073401;-0.2856475;;
17.6978607;;;0.77989305403142;0.885971606489472
17.468;0.0173327;-0.3636643;;
17.47;0.01716911;-0.3634882;;
17.502;0.004839807;-0.3505014;;
17.503;0.004702936;-0.3503573;;
17.504;0.004551643;-0.3501979;;
17.505;0.004551643;-0.3501979;;
17.534;-0.00819975;-0.3370467;;
17.536;-0.00819975;-0.3370467;;
17.536;-0.00819975;-0.3370467;;
17.573;-0.0210664;-0.3240525;;
17.638;-0.04729239;-0.2983898;;
17.672;-0.06073401;-0.2856475;;
17.707;-0.07406911;-0.2732705;;
17.742;-0.08763212;-0.260944;;
17.7759745;;;0.626562755091725;0.87230815331815
17.534;-0.00819975;-0.3370467;;
17.536;-0.00819975;-0.3370467;;
17.536;-0.00819975;-0.3370467;;
17.573;-0.0210664;-0.3240525;;
17.638;-0.04729239;-0.2983898;;
17.672;-0.06073401;-0.2856475;;
17.707;-0.07406911;-0.2732705;;
17.742;-0.08763212;-0.260944;;
17.812;-0.1202861;-0.2323076;;
17.8544135;;;0.886290132636432;0.888926142075198
17.638;-0.04729239;-0.2983898;;
17.672;-0.06073401;-0.2856475;;
17.707;-0.07406911;-0.2732705;;
17.742;-0.08763212;-0.260944;;
17.812;-0.1202861;-0.2323076;;
17.875;-0.1431999;-0.2130513;;
17.913;-0.1621495;-0.1976245;;
17.9436537;;;0.880180365860497;0.879532045086502
17.742;-0.08763212;-0.260944;;
17.812;-0.1202861;-0.2323076;;
17.875;-0.1431999;-0.2130513;;
17.913;-0.1621495;-0.1976245;;
17.979;-0.1910314;-0.1749433;;
17.98;-0.1910314;-0.1749433;;
18.014;-0.2055231;-0.1639285;;
18.0330918;;;0.0716160674559458;0.802734233758115
17.875;-0.1431999;-0.2130513;;
17.913;-0.1621495;-0.1976245;;
17.979;-0.1910314;-0.1749433;;
17.98;-0.1910314;-0.1749433;;
18.014;-0.2055231;-0.1639285;;
18.082;-0.2350057;-0.142242;;
18.117;-0.249965;-0.1315966;;
18.117;-0.249303;-0.1320677;;
18.1225496;;;0.0454937942885976;0.723796187670462
17.913;-0.1621495;-0.1976245;;
17.979;-0.1910314;-0.1749433;;
17.98;-0.1910314;-0.1749433;;
18.014;-0.2055231;-0.1639285;;
18.082;-0.2350057;-0.142242;;
18.117;-0.249965;-0.1315966;;
18.117;-0.249303;-0.1320677;;
18.152;-0.2649541;-0.1211676;;
18.153;-0.2650801;-0.1210798;;
18.154;-0.2651806;-0.1210098;;
18.154;-0.2651806;-0.1210098;;
18.185;-0.2802183;-0.1107821;;
18.191;-0.2852001;-0.1074435;;
18.193;-0.2853735;-0.1073272;;
18.193;-0.2853871;-0.1073181;;
18.194;-0.2853972;-0.1073114;;
18.2114622;;;0.506916125167948;0.68315454186407
18.014;-0.2055231;-0.1639285;;
18.082;-0.2350057;-0.142242;;
18.117;-0.249965;-0.1315966;;
18.117;-0.249303;-0.1320677;;
18.152;-0.2649541;-0.1211676;;
18.153;-0.2650801;-0.1210798;;
18.154;-0.2651806;-0.1210098;;
18.154;-0.2651806;-0.1210098;;
18.185;-0.2802183;-0.1107821;;
18.191;-0.2852001;-0.1074435;;
18.193;-0.2853735;-0.1073272;;
18.193;-0.2853871;-0.1073181;;
18.194;-0.2853972;-0.1073114;;
18.219;-0.2953555;-0.1007154;;
18.22;-0.2955552;-0.1005831;;
18.253;-0.3109497;-0.09057952;;
18.254;-0.3109497;-0.09057952;;
18.254;-0.3109497;-0.09057952;;
18.256;-0.3109497;-0.09057952;;
18.288;-0.3263042;-0.08083031;;
18.289;-0.3263929;-0.08077403;;
18.2899293;;;0.918331042823612;0.676884525254541
18.082;-0.2350057;-0.142242;;
18.117;-0.249965;-0.1315966;;
18.117;-0.249303;-0.1320677;;
18.152;-0.2649541;-0.1211676;;
18.153;-0.2650801;-0.1210798;;
18.154;-0.2651806;-0.1210098;;
18.154;-0.2651806;-0.1210098;;
18.185;-0.2802183;-0.1107821;;
18.191;-0.2852001;-0.1074435;;
18.193;-0.2853735;-0.1073272;;
18.193;-0.2853871;-0.1073181;;
18.194;-0.2853972;-0.1073114;;
18.219;-0.2953555;-0.1007154;;
18.22;-0.2955552;-0.1005831;;
18.253;-0.3109497;-0.09057952;;
18.254;-0.3109497;-0.09057952;;
18.254;-0.3109497;-0.09057952;;
18.256;-0.3109497;-0.09057952;;
18.288;-0.3263042;-0.08083031;;
18.289;-0.3263929;-0.08077403;;
18.29;-0.3307657;-0.07804029;;
18.291;-0.3311485;-0.077801;;
18.321;-0.3419367;-0.07113215;;
18.323;-0.3462199;-0.06851921;;
18.326;-0.3484149;-0.06718013;;
18.355;-0.3575852;-0.06165115;;
18.355;-0.3576303;-0.06162399;;
18.355;-0.3606531;-0.05982161;;
18.358;-0.3628231;-0.0585277;;
18.3681083;;;0.86976650953139;0.666629823547234
18.152;-0.2649541;-0.1211676;;
18.153;-0.2650801;-0.1210798;;
18.154;-0.2651806;-0.1210098;;
18.154;-0.2651806;-0.1210098;;
18.185;-0.2802183;-0.1107821;;
18.191;-0.2852001;-0.1074435;;
18.193;-0.2853735;-0.1073272;;
18.193;-0.2853871;-0.1073181;;
18.194;-0.2853972;-0.1073114;;
18.219;-0.2953555;-0.1007154;;
18.22;-0.2955552;-0.1005831;;
18.253;-0.3109497;-0.09057952;;
18.254;-0.3109497;-0.09057952;;
18.254;-0.3109497;-0.09057952;;
18.256;-0.3109497;-0.09057952;;
18.288;-0.3263042;-0.08083031;;
18.289;-0.3263929;-0.08077403;;
18.29;-0.3307657;-0.07804029;;
18.291;-0.3311485;-0.077801;;
18.321;-0.3419367;-0.07113215;;
18.323;-0.3462199;-0.06851921;;
18.326;-0.3484149;-0.06718013;;
18.355;-0.3575852;-0.06165115;;
18.355;-0.3576303;-0.06162399;;
18.355;-0.3606531;-0.05982161;;
18.358;-0.3628231;-0.0585277;;
18.39;-0.3784052;-0.04938367;;
18.391;-0.3786315;-0.04925089;;
18.392;-0.3787501;-0.04918131;;
18.393;-0.3787751;-0.04916662;;
18.423;-0.3892934;-0.04311857;;
18.425;-0.3940581;-0.04041168;;
18.426;-0.3944852;-0.04016907;;
18.427;-0.3946135;-0.04009616;;
18.446556;;;0.878000764129948;0.668729133576306
18.253;-0.3109497;-0.09057952;;
18.254;-0.3109497;-0.09057952;;
18.254;-0.3109497;-0.09057952;;
18.256;-0.3109497;-0.09057952;;
18.288;-0.3263042;-0.08083031;;
18.289;-0.3263929;-0.08077403;;
18.29;-0.3307657;-0.07804029;;
18.291;-0.3311485;-0.077801;;
18.321;-0.3419367;-0.07113215;;
18.323;-0.3462199;-0.06851921;;
18.326;-0.3484149;-0.06718013;;
18.355;-0.3575852;-0.06165115;;
18.355;-0.3576303;-0.06162399;;
18.355;-0.3606531;-0.05982161;;
18.358;-0.3628231;-0.0585277;;
18.39;-0.3784052;-0.04938367;;
18.391;-0.3786315;-0.04925089;;
18.392;-0.3787501;-0.04918131;;
18.393;-0.3787751;-0.04916662;;
18.423;-0.3892934;-0.04311857;;
18.425;-0.3940581;-0.04041168;;
18.426;-0.3944852;-0.04016907;;
18.427;-0.3946135;-0.04009616;;
18.459;-0.4106198;-0.03115172;;
18.461;-0.4107093;-0.03110171;;
18.463;-0.4107458;-0.03108132;;
18.464;-0.4107458;-0.03108132;;
18.494;-0.426758;-0.02235408;;
18.495;-0.426758;-0.02235408;;
18.497;-0.426758;-0.02235408;;
18.497;-0.426758;-0.02235408;;
18.524;-0.4376;-0.01656742;;
18.5244578;;;0.703787674961875;0.666876138973583
18.321;-0.3419367;-0.07113215;;
18.323;-0.3462199;-0.06851921;;
18.326;-0.3484149;-0.06718013;;
18.355;-0.3575852;-0.06165115;;
18.355;-0.3576303;-0.06162399;;
18.355;-0.3606531;-0.05982161;;
18.358;-0.3628231;-0.0585277;;
18.39;-0.3784052;-0.04938367;;
18.391;-0.3786315;-0.04925089;;
18.392;-0.3787501;-0.04918131;;
18.393;-0.3787751;-0.04916662;;
18.423;-0.3892934;-0.04311857;;
18.425;-0.3940581;-0.04041168;;
18.426;-0.3944852;-0.04016907;;
18.427;-0.3946135;-0.04009616;;
18.459;-0.4106198;-0.03115172;;
18.461;-0.4107093;-0.03110171;;
18.463;-0.4107458;-0.03108132;;
18.464;-0.4107458;-0.03108132;;
18.494;-0.426758;-0.02235408;;
18.495;-0.426758;-0.02235408;;
18.497;-0.426758;-0.02235408;;
18.497;-0.426758;-0.02235408;;
18.524;-0.4376;-0.01656742;;
18.525;-0.4416392;-0.01443901;;
18.526;-0.4423691;-0.01405439;;
18.558;-0.4588346;-0.005520195;;
18.56;-0.4592412;-0.005308665;;
18.561;-0.4592855;-0.005285616;;
18.561;-0.4593016;-0.00527725;;
18.591;-0.4701149;0.0002044374;;
18.593;-0.4743382;0.002317851;;
18.594;-0.4757426;0.003020639;;
18.6025338;;;0.779099776293323;0.662161505189393
18.39;-0.3784052;-0.04938367;;
18.391;-0.3786315;-0.04925089;;
18.392;-0.3787501;-0.04918131;;
18.393;-0.3787751;-0.04916662;;
18.423;-0.3892934;-0.04311857;;
18.425;-0.3940581;-0.04041168;;
18.426;-0.3944852;-0.04016907;;
18.427;-0.3946135;-0.04009616;;
18.459;-0.4106198;-0.03115172;;
18.461;-0.4107093;-0.03110171;;
18.463;-0.4107458;-0.03108132;;
18.464;-0.4107458;-0.03108132;;
18.494;-0.426758;-0.02235408;;
18.495;-0.426758;-0.02235408;;
18.497;-0.426758;-0.02235408;;
18.497;-0.426758;-0.02235408;;
18.524;-0.4376;-0.01656742;;
18.525;-0.4416392;-0.01443901;;
18.526;-0.4423691;-0.01405439;;
18.558;-0.4588346;-0.005520195;;
18.56;-0.4592412;-0.005308665;;
18.561;-0.4592855;-0.005285616;;
18.561;-0.4593016;-0.00527725;;
18.591;-0.4701149;0.0002044374;;
18.593;-0.4743382;0.002317851;;
18.594;-0.4757426;0.003020639;;
18.626;-0.492119;0.01107072;;
18.627;-0.492119;0.01107072;;
18.628;-0.492119;0.01107072;;
18.629;-0.492119;0.01107072;;
18.631;-0.492119;0.01107072;;
18.661;-0.508507;0.01891407;;
18.662;-0.5086188;0.0189676;;
18.663;-0.5086388;0.01897716;;
18.664;-0.5086424;0.01897886;;
18.6808663;;;0.85918710565623;0.668769342824794
18.459;-0.4106198;-0.03115172;;
18.461;-0.4107093;-0.03110171;;
18.463;-0.4107458;-0.03108132;;
18.464;-0.4107458;-0.03108132;;
18.494;-0.426758;-0.02235408;;
18.495;-0.426758;-0.02235408;;
18.497;-0.426758;-0.02235408;;
18.497;-0.426758;-0.02235408;;
18.524;-0.4376;-0.01656742;;
18.525;-0.4416392;-0.01443901;;
18.526;-0.4423691;-0.01405439;;
18.558;-0.4588346;-0.005520195;;
18.56;-0.4592412;-0.005308665;;
18.561;-0.4592855;-0.005285616;;
18.561;-0.4593016;-0.00527725;;
18.591;-0.4701149;0.0002044374;;
18.593;-0.4743382;0.002317851;;
18.594;-0.4757426;0.003020639;;
18.626;-0.492119;0.01107072;;
18.627;-0.492119;0.01107072;;
18.628;-0.492119;0.01107072;;
18.629;-0.492119;0.01107072;;
18.631;-0.492119;0.01107072;;
18.661;-0.508507;0.01891407;;
18.662;-0.5086188;0.0189676;;
18.663;-0.5086388;0.01897716;;
18.664;-0.5086424;0.01897886;;
18.704;-0.5251709;0.02667668;;
18.73;-0.5423276;0.03444629;;
18.7589277;;;0.955601369440299;0.696189227353841
18.558;-0.4588346;-0.005520195;;
18.56;-0.4592412;-0.005308665;;
18.561;-0.4592855;-0.005285616;;
18.561;-0.4593016;-0.00527725;;
18.591;-0.4701149;0.0002044374;;
18.593;-0.4743382;0.002317851;;
18.594;-0.4757426;0.003020639;;
18.626;-0.492119;0.01107072;;
18.627;-0.492119;0.01107072;;
18.628;-0.492119;0.01107072;;
18.629;-0.492119;0.01107072;;
18.631;-0.492119;0.01107072;;
18.661;-0.508507;0.01891407;;
18.662;-0.5086188;0.0189676;;
18.663;-0.5086388;0.01897716;;
18.664;-0.5086424;0.01897886;;
18.704;-0.5251709;0.02667668;;
18.73;-0.5423276;0.03444629;;
18.796;-0.5755196;0.04885061;;
18.83;-0.5924088;0.05586933;;
18.8371361;;;0.89463200355618;0.69688438326382
18.591;-0.4701149;0.0002044374;;
18.593;-0.4743382;0.002317851;;
18.594;-0.4757426;0.003020639;;
18.626;-0.492119;0.01107072;;
18.627;-0.492119;0.01107072;;
18.628;-0.492119;0.01107072;;
18.629;-0.492119;0.01107072;;
18.631;-0.492119;0.01107072;;
18.661;-0.508507;0.01891407;;
18.662;-0.5086188;0.0189676;;
18.663;-0.5086388;0.01897716;;
18.664;-0.5086424;0.01897886;;
18.704;-0.5251709;0.02667668;;
18.73;-0.5423276;0.03444629;;
18.796;-0.5755196;0.04885061;;
18.83;-0.5924088;0.05586933;;
18.865;-0.6095859;0.06279574;;
18.9155866;;;0.932482145811221;0.701242864926381
18.591;-0.4701149;0.0002044374;;
18.593;-0.4743382;0.002317851;;
18.594;-0.4757426;0.003020639;;
18.626;-0.492119;0.01107072;;
18.627;-0.492119;0.01107072;;
18.628;-0.492119;0.01107072;;
18.629;-0.492119;0.01107072;;
18.631;-0.492119;0.01107072;;
18.661;-0.508507;0.01891407;;
18.662;-0.5086188;0.0189676;;
18.663;-0.5086388;0.01897716;;
18.664;-0.5086424;0.01897886;;
18.704;-0.5251709;0.02667668;;
18.73;-0.5423276;0.03444629;;
18.796;-0.5755196;0.04885061;;
18.83;-0.5924088;0.05586933;;
18.865;-0.6095859;0.06279574;;
18.9935765;;;0.932482145811221;0.77298170478932
