circular23Timestamp;circular23XPos;circular23YPos;circular23newCorr;circular23smoothCorr
53.0178827;;;0;0
53.029;0;0;;
53.029;-1.638265;0.036608;;
53.03;-1.638265;0.036608;;
53.051;-0.1998155;1.195823;;
53.052;-0.1998155;1.195823;;
53.053;-0.1998155;1.195823;;
53.053;-0.1998155;1.195823;;
53.073;-0.229297;1.231483;;
53.073;-0.229297;1.231483;;
53.074;-0.229297;1.231483;;
53.075;-0.229297;1.231483;;
53.075;-0.229297;1.231483;;
53.094;-0.245244;1.250033;;
53.0955897;;;0.630990613154349;0.315495306577175
53.029;0;0;;
53.029;-1.638265;0.036608;;
53.03;-1.638265;0.036608;;
53.051;-0.1998155;1.195823;;
53.052;-0.1998155;1.195823;;
53.053;-0.1998155;1.195823;;
53.053;-0.1998155;1.195823;;
53.073;-0.229297;1.231483;;
53.073;-0.229297;1.231483;;
53.074;-0.229297;1.231483;;
53.075;-0.229297;1.231483;;
53.075;-0.229297;1.231483;;
53.094;-0.245244;1.250033;;
53.095;-0.2596431;1.266335;;
53.096;-0.2606867;1.267516;;
53.117;-0.277741;1.286354;;
53.118;-0.2964058;1.306383;;
53.118;-0.2964058;1.306383;;
53.119;-0.2964058;1.306383;;
53.119;-0.2964058;1.306383;;
53.138;-0.3165474;1.327332;;
53.139;-0.316769;1.327562;;
53.14;-0.3283678;1.339312;;
53.161;-0.3475063;1.358292;;
53.162;-0.3477345;1.358518;;
53.163;-0.3477345;1.358518;;
53.164;-0.3663424;1.376432;;
53.1732959;;;0.402493711371537;0.344494774841962
53.029;0;0;;
53.029;-1.638265;0.036608;;
53.03;-1.638265;0.036608;;
53.051;-0.1998155;1.195823;;
53.052;-0.1998155;1.195823;;
53.053;-0.1998155;1.195823;;
53.053;-0.1998155;1.195823;;
53.073;-0.229297;1.231483;;
53.073;-0.229297;1.231483;;
53.074;-0.229297;1.231483;;
53.075;-0.229297;1.231483;;
53.075;-0.229297;1.231483;;
53.094;-0.245244;1.250033;;
53.095;-0.2596431;1.266335;;
53.096;-0.2606867;1.267516;;
53.117;-0.277741;1.286354;;
53.118;-0.2964058;1.306383;;
53.118;-0.2964058;1.306383;;
53.119;-0.2964058;1.306383;;
53.119;-0.2964058;1.306383;;
53.138;-0.3165474;1.327332;;
53.139;-0.316769;1.327562;;
53.14;-0.3283678;1.339312;;
53.161;-0.3475063;1.358292;;
53.162;-0.3477345;1.358518;;
53.163;-0.3477345;1.358518;;
53.164;-0.3663424;1.376432;;
53.183;-0.3854274;1.394295;;
53.184;-0.3854274;1.394295;;
53.185;-0.3854274;1.394295;;
53.185;-0.3854274;1.394295;;
53.204;-0.4043385;1.411505;;
53.205;-0.4043385;1.411505;;
53.2399767;;;0.314031781684995;0.33687902655272
53.029;0;0;;
53.029;-1.638265;0.036608;;
53.03;-1.638265;0.036608;;
53.051;-0.1998155;1.195823;;
53.052;-0.1998155;1.195823;;
53.053;-0.1998155;1.195823;;
53.053;-0.1998155;1.195823;;
53.073;-0.229297;1.231483;;
53.073;-0.229297;1.231483;;
53.074;-0.229297;1.231483;;
53.075;-0.229297;1.231483;;
53.075;-0.229297;1.231483;;
53.094;-0.245244;1.250033;;
53.095;-0.2596431;1.266335;;
53.096;-0.2606867;1.267516;;
53.117;-0.277741;1.286354;;
53.118;-0.2964058;1.306383;;
53.118;-0.2964058;1.306383;;
53.119;-0.2964058;1.306383;;
53.119;-0.2964058;1.306383;;
53.138;-0.3165474;1.327332;;
53.139;-0.316769;1.327562;;
53.14;-0.3283678;1.339312;;
53.161;-0.3475063;1.358292;;
53.162;-0.3477345;1.358518;;
53.163;-0.3477345;1.358518;;
53.164;-0.3663424;1.376432;;
53.183;-0.3854274;1.394295;;
53.184;-0.3854274;1.394295;;
53.185;-0.3854274;1.394295;;
53.185;-0.3854274;1.394295;;
53.204;-0.4043385;1.411505;;
53.205;-0.4043385;1.411505;;
53.249;-0.4972905;1.489539;;
53.25;-0.4976898;1.489874;;
53.27;-0.5364763;1.519493;;
53.272;-0.5368971;1.519814;;
53.292;-0.5764975;1.548407;;
53.294;-0.5769276;1.548717;;
53.314;-0.6172621;1.576231;;
53.315;-0.6176834;1.576518;;
53.3181814;;;-0.0485744867709895;0.259788323887978
53.094;-0.245244;1.250033;;
53.095;-0.2596431;1.266335;;
53.096;-0.2606867;1.267516;;
53.117;-0.277741;1.286354;;
53.118;-0.2964058;1.306383;;
53.118;-0.2964058;1.306383;;
53.119;-0.2964058;1.306383;;
53.119;-0.2964058;1.306383;;
53.138;-0.3165474;1.327332;;
53.139;-0.316769;1.327562;;
53.14;-0.3283678;1.339312;;
53.161;-0.3475063;1.358292;;
53.162;-0.3477345;1.358518;;
53.163;-0.3477345;1.358518;;
53.164;-0.3663424;1.376432;;
53.183;-0.3854274;1.394295;;
53.184;-0.3854274;1.394295;;
53.185;-0.3854274;1.394295;;
53.185;-0.3854274;1.394295;;
53.204;-0.4043385;1.411505;;
53.205;-0.4043385;1.411505;;
53.249;-0.4972905;1.489539;;
53.25;-0.4976898;1.489874;;
53.27;-0.5364763;1.519493;;
53.272;-0.5368971;1.519814;;
53.292;-0.5764975;1.548407;;
53.294;-0.5769276;1.548717;;
53.314;-0.6172621;1.576231;;
53.315;-0.6176834;1.576518;;
53.336;-0.6591837;1.603224;;
53.336;-0.6595098;1.603434;;
53.357;-0.7027985;1.629651;;
53.358;-0.7032143;1.629903;;
53.379;-0.7453822;1.653904;;
53.38;-0.7457903;1.654137;;
53.3963893;;;0.758121771357029;0.342843898466153
53.183;-0.3854274;1.394295;;
53.184;-0.3854274;1.394295;;
53.185;-0.3854274;1.394295;;
53.185;-0.3854274;1.394295;;
53.204;-0.4043385;1.411505;;
53.205;-0.4043385;1.411505;;
53.249;-0.4972905;1.489539;;
53.25;-0.4976898;1.489874;;
53.27;-0.5364763;1.519493;;
53.272;-0.5368971;1.519814;;
53.292;-0.5764975;1.548407;;
53.294;-0.5769276;1.548717;;
53.314;-0.6172621;1.576231;;
53.315;-0.6176834;1.576518;;
53.336;-0.6591837;1.603224;;
53.336;-0.6595098;1.603434;;
53.357;-0.7027985;1.629651;;
53.358;-0.7032143;1.629903;;
53.379;-0.7453822;1.653904;;
53.38;-0.7457903;1.654137;;
53.402;-0.7885582;1.677;;
53.403;-0.7889085;1.677188;;
53.423;-0.8336384;1.699575;;
53.424;-0.8340594;1.699786;;
53.444;-0.8788505;1.720703;;
53.445;-0.8792683;1.720898;;
53.465;-0.9237971;1.740258;;
53.4745973;;;0.874761096729904;0.418832069646689
53.249;-0.4972905;1.489539;;
53.25;-0.4976898;1.489874;;
53.27;-0.5364763;1.519493;;
53.272;-0.5368971;1.519814;;
53.292;-0.5764975;1.548407;;
53.294;-0.5769276;1.548717;;
53.314;-0.6172621;1.576231;;
53.315;-0.6176834;1.576518;;
53.336;-0.6591837;1.603224;;
53.336;-0.6595098;1.603434;;
53.357;-0.7027985;1.629651;;
53.358;-0.7032143;1.629903;;
53.379;-0.7453822;1.653904;;
53.38;-0.7457903;1.654137;;
53.402;-0.7885582;1.677;;
53.403;-0.7889085;1.677188;;
53.423;-0.8336384;1.699575;;
53.424;-0.8340594;1.699786;;
53.444;-0.8788505;1.720703;;
53.445;-0.8792683;1.720898;;
53.465;-0.9237971;1.740258;;
53.486;-0.9698054;1.75883;;
53.487;-0.9702623;1.759014;;
53.509;-1.016452;1.776216;;
53.51;-1.016902;1.776384;;
53.511;-1.016964;1.776407;;
53.532;-1.064469;1.792639;;
53.552304;;;0.928648580439893;0.48255913349584
53.336;-0.6591837;1.603224;;
53.336;-0.6595098;1.603434;;
53.357;-0.7027985;1.629651;;
53.358;-0.7032143;1.629903;;
53.379;-0.7453822;1.653904;;
53.38;-0.7457903;1.654137;;
53.402;-0.7885582;1.677;;
53.403;-0.7889085;1.677188;;
53.423;-0.8336384;1.699575;;
53.424;-0.8340594;1.699786;;
53.444;-0.8788505;1.720703;;
53.445;-0.8792683;1.720898;;
53.465;-0.9237971;1.740258;;
53.486;-0.9698054;1.75883;;
53.487;-0.9702623;1.759014;;
53.509;-1.016452;1.776216;;
53.51;-1.016902;1.776384;;
53.511;-1.016964;1.776407;;
53.532;-1.064469;1.792639;;
53.556;-1.111473;1.807308;;
53.577;-1.158334;1.820579;;
53.578;-1.15874;1.820694;;
53.579;-1.158857;1.820727;;
53.6;-1.20974;1.833619;;
53.601;-1.210191;1.833733;;
53.62;-1.255161;1.843849;;
53.622;-1.255674;1.843964;;
53.631013;;;0.904862629145787;0.529481744123612
53.423;-0.8336384;1.699575;;
53.424;-0.8340594;1.699786;;
53.444;-0.8788505;1.720703;;
53.445;-0.8792683;1.720898;;
53.465;-0.9237971;1.740258;;
53.486;-0.9698054;1.75883;;
53.487;-0.9702623;1.759014;;
53.509;-1.016452;1.776216;;
53.51;-1.016902;1.776384;;
53.511;-1.016964;1.776407;;
53.532;-1.064469;1.792639;;
53.556;-1.111473;1.807308;;
53.577;-1.158334;1.820579;;
53.578;-1.15874;1.820694;;
53.579;-1.158857;1.820727;;
53.6;-1.20974;1.833619;;
53.601;-1.210191;1.833733;;
53.62;-1.255161;1.843849;;
53.622;-1.255674;1.843964;;
53.642;-1.305473;1.853785;;
53.663;-1.328835;1.857916;;
53.665;-1.351178;1.861553;;
53.684;-1.377474;1.865513;;
53.685;-1.377763;1.865556;;
53.706;-1.427133;1.871903;;
53.707;-1.427626;1.871967;;
53.7097225;;;0.283832082332665;0.504916777944517
53.486;-0.9698054;1.75883;;
53.487;-0.9702623;1.759014;;
53.509;-1.016452;1.776216;;
53.51;-1.016902;1.776384;;
53.511;-1.016964;1.776407;;
53.532;-1.064469;1.792639;;
53.556;-1.111473;1.807308;;
53.577;-1.158334;1.820579;;
53.578;-1.15874;1.820694;;
53.579;-1.158857;1.820727;;
53.6;-1.20974;1.833619;;
53.601;-1.210191;1.833733;;
53.62;-1.255161;1.843849;;
53.622;-1.255674;1.843964;;
53.642;-1.305473;1.853785;;
53.663;-1.328835;1.857916;;
53.665;-1.351178;1.861553;;
53.684;-1.377474;1.865513;;
53.685;-1.377763;1.865556;;
53.706;-1.427133;1.871903;;
53.707;-1.427626;1.871967;;
53.73;-1.476138;1.876881;;
53.731;-1.476504;1.876918;;
53.751;-1.526389;1.880616;;
53.752;-1.526896;1.880654;;
53.773;-1.57555;1.882943;;
53.774;-1.575975;1.882963;;
53.7874292;;;-0.466702780119097;0.416587727211461
53.509;-1.016452;1.776216;;
53.51;-1.016902;1.776384;;
53.511;-1.016964;1.776407;;
53.532;-1.064469;1.792639;;
53.556;-1.111473;1.807308;;
53.577;-1.158334;1.820579;;
53.578;-1.15874;1.820694;;
53.579;-1.158857;1.820727;;
53.6;-1.20974;1.833619;;
53.601;-1.210191;1.833733;;
53.62;-1.255161;1.843849;;
53.622;-1.255674;1.843964;;
53.642;-1.305473;1.853785;;
53.663;-1.328835;1.857916;;
53.665;-1.351178;1.861553;;
53.684;-1.377474;1.865513;;
53.685;-1.377763;1.865556;;
53.706;-1.427133;1.871903;;
53.707;-1.427626;1.871967;;
53.73;-1.476138;1.876881;;
53.731;-1.476504;1.876918;;
53.751;-1.526389;1.880616;;
53.752;-1.526896;1.880654;;
53.773;-1.57555;1.882943;;
53.774;-1.575975;1.882963;;
53.795;-1.624833;1.883959;;
53.796;-1.625269;1.883968;;
53.8651361;;;-0.687082658816057;0.324615195042501
53.62;-1.255161;1.843849;;
53.622;-1.255674;1.843964;;
53.642;-1.305473;1.853785;;
53.663;-1.328835;1.857916;;
53.665;-1.351178;1.861553;;
53.684;-1.377474;1.865513;;
53.685;-1.377763;1.865556;;
53.706;-1.427133;1.871903;;
53.707;-1.427626;1.871967;;
53.73;-1.476138;1.876881;;
53.731;-1.476504;1.876918;;
53.751;-1.526389;1.880616;;
53.752;-1.526896;1.880654;;
53.773;-1.57555;1.882943;;
53.774;-1.575975;1.882963;;
53.795;-1.624833;1.883959;;
53.796;-1.625269;1.883968;;
53.879;-1.82387;1.874636;;
53.88;-1.824378;1.874612;;
53.901;-1.872562;1.86909;;
53.902;-1.873021;1.869038;;
53.9438456;;;0.299630634681205;0.349584414599268
53.706;-1.427133;1.871903;;
53.707;-1.427626;1.871967;;
53.73;-1.476138;1.876881;;
53.731;-1.476504;1.876918;;
53.751;-1.526389;1.880616;;
53.752;-1.526896;1.880654;;
53.773;-1.57555;1.882943;;
53.774;-1.575975;1.882963;;
53.795;-1.624833;1.883959;;
53.796;-1.625269;1.883968;;
53.879;-1.82387;1.874636;;
53.88;-1.824378;1.874612;;
53.901;-1.872562;1.86909;;
53.902;-1.873021;1.869038;;
53.944;-1.972002;1.853604;;
53.966;-1.995837;1.849064;;
53.988;-2.045596;1.838542;;
54.0220528;;;-0.0854305954547566;0.289882647215176
53.879;-1.82387;1.874636;;
53.88;-1.824378;1.874612;;
53.901;-1.872562;1.86909;;
53.902;-1.873021;1.869038;;
53.944;-1.972002;1.853604;;
53.966;-1.995837;1.849064;;
53.988;-2.045596;1.838542;;
54.075;-2.236096;1.784578;;
54.076;-2.236565;1.784445;;
54.097;-2.282095;1.768188;;
54.1017654;;;0.0076238280714806;0.256976823606838
53.901;-1.872562;1.86909;;
53.902;-1.873021;1.869038;;
53.944;-1.972002;1.853604;;
53.966;-1.995837;1.849064;;
53.988;-2.045596;1.838542;;
54.075;-2.236096;1.784578;;
54.076;-2.236565;1.784445;;
54.097;-2.282095;1.768188;;
54.121;-2.329846;1.749676;;
54.123;-2.330276;1.74951;;
54.144;-2.376502;1.730093;;
54.145;-2.376904;1.729924;;
54.165;-2.419572;1.710659;;
54.166;-2.42001;1.710461;;
54.187;-2.46459;1.688901;;
54.188;-2.465039;1.688684;;
54.1894985;;;0.198010358360142;0.2473083716631
53.966;-1.995837;1.849064;;
53.988;-2.045596;1.838542;;
54.075;-2.236096;1.784578;;
54.076;-2.236565;1.784445;;
54.097;-2.282095;1.768188;;
54.121;-2.329846;1.749676;;
54.123;-2.330276;1.74951;;
54.144;-2.376502;1.730093;;
54.145;-2.376904;1.729924;;
54.165;-2.419572;1.710659;;
54.166;-2.42001;1.710461;;
54.187;-2.46459;1.688901;;
54.188;-2.465039;1.688684;;
54.208;-2.508961;1.665955;;
54.209;-2.509385;1.665736;;
54.23;-2.552372;1.642004;;
54.231;-2.552798;1.641768;;
54.252;-2.595508;1.616662;;
54.253;-2.595933;1.616412;;
54.2677062;;;0.71428655580478;0.310880125211081
54.075;-2.236096;1.784578;;
54.076;-2.236565;1.784445;;
54.097;-2.282095;1.768188;;
54.121;-2.329846;1.749676;;
54.123;-2.330276;1.74951;;
54.144;-2.376502;1.730093;;
54.145;-2.376904;1.729924;;
54.165;-2.419572;1.710659;;
54.166;-2.42001;1.710461;;
54.187;-2.46459;1.688901;;
54.188;-2.465039;1.688684;;
54.208;-2.508961;1.665955;;
54.209;-2.509385;1.665736;;
54.23;-2.552372;1.642004;;
54.231;-2.552798;1.641768;;
54.252;-2.595508;1.616662;;
54.253;-2.595933;1.616412;;
54.276;-2.6371;1.590705;;
54.277;-2.637484;1.590465;;
54.298;-2.678919;1.563017;;
54.299;-2.679264;1.562788;;
54.318;-2.719807;1.534322;;
54.32;-2.720268;1.533999;;
54.34;-2.759746;1.504656;;
54.3459142;;;0.857538468071119;0.319164849937255
54.121;-2.329846;1.749676;;
54.123;-2.330276;1.74951;;
54.144;-2.376502;1.730093;;
54.145;-2.376904;1.729924;;
54.165;-2.419572;1.710659;;
54.166;-2.42001;1.710461;;
54.187;-2.46459;1.688901;;
54.188;-2.465039;1.688684;;
54.208;-2.508961;1.665955;;
54.209;-2.509385;1.665736;;
54.23;-2.552372;1.642004;;
54.231;-2.552798;1.641768;;
54.252;-2.595508;1.616662;;
54.253;-2.595933;1.616412;;
54.276;-2.6371;1.590705;;
54.277;-2.637484;1.590465;;
54.298;-2.678919;1.563017;;
54.299;-2.679264;1.562788;;
54.318;-2.719807;1.534322;;
54.32;-2.720268;1.533999;;
54.34;-2.759746;1.504656;;
54.361;-2.798811;1.473973;;
54.362;-2.79916;1.473698;;
54.363;-2.799252;1.473626;;
54.382;-2.836773;1.442475;;
54.403;-2.874759;1.409185;;
54.404;-2.875134;1.408856;;
54.405;-2.875194;1.408803;;
54.4236206;;;0.769373393421503;0.310382541328222
54.208;-2.508961;1.665955;;
54.209;-2.509385;1.665736;;
54.23;-2.552372;1.642004;;
54.231;-2.552798;1.641768;;
54.252;-2.595508;1.616662;;
54.253;-2.595933;1.616412;;
54.276;-2.6371;1.590705;;
54.277;-2.637484;1.590465;;
54.298;-2.678919;1.563017;;
54.299;-2.679264;1.562788;;
54.318;-2.719807;1.534322;;
54.32;-2.720268;1.533999;;
54.34;-2.759746;1.504656;;
54.361;-2.798811;1.473973;;
54.362;-2.79916;1.473698;;
54.363;-2.799252;1.473626;;
54.382;-2.836773;1.442475;;
54.403;-2.874759;1.409185;;
54.404;-2.875134;1.408856;;
54.405;-2.875194;1.408803;;
54.433;-2.911268;1.375397;;
54.447;-2.945475;1.34201;;
54.468;-2.98077;1.305688;;
54.469;-2.981123;1.305325;;
54.47;-2.98117;1.305276;;
54.49;-2.997977;1.287244;;
54.4918022;;;-0.0164666622175466;0.231622937773435
54.276;-2.6371;1.590705;;
54.277;-2.637484;1.590465;;
54.298;-2.678919;1.563017;;
54.299;-2.679264;1.562788;;
54.318;-2.719807;1.534322;;
54.32;-2.720268;1.533999;;
54.34;-2.759746;1.504656;;
54.361;-2.798811;1.473973;;
54.362;-2.79916;1.473698;;
54.363;-2.799252;1.473626;;
54.382;-2.836773;1.442475;;
54.403;-2.874759;1.409185;;
54.404;-2.875134;1.408856;;
54.405;-2.875194;1.408803;;
54.433;-2.911268;1.375397;;
54.447;-2.945475;1.34201;;
54.468;-2.98077;1.305688;;
54.469;-2.981123;1.305325;;
54.47;-2.98117;1.305276;;
54.49;-2.997977;1.287244;;
54.513;-3.030531;1.250891;;
54.534;-3.06329;1.212272;;
54.535;-3.06361;1.211895;;
54.556;-3.094015;1.174007;;
54.5695089;;;0.061398462705612;0.161334257236754
54.361;-2.798811;1.473973;;
54.362;-2.79916;1.473698;;
54.363;-2.799252;1.473626;;
54.382;-2.836773;1.442475;;
54.403;-2.874759;1.409185;;
54.404;-2.875134;1.408856;;
54.405;-2.875194;1.408803;;
54.433;-2.911268;1.375397;;
54.447;-2.945475;1.34201;;
54.468;-2.98077;1.305688;;
54.469;-2.981123;1.305325;;
54.47;-2.98117;1.305276;;
54.49;-2.997977;1.287244;;
54.513;-3.030531;1.250891;;
54.534;-3.06329;1.212272;;
54.535;-3.06361;1.211895;;
54.556;-3.094015;1.174007;;
54.579;-3.124639;1.133686;;
54.58;-3.124894;1.133349;;
54.58;-3.124938;1.133292;;
54.601;-3.153435;1.09356;;
54.602;-3.153699;1.093191;;
54.602;-3.153744;1.093128;;
54.603;-3.165;1.076741;;
54.622;-3.181484;1.052174;;
54.623;-3.181665;1.051905;;
54.624;-3.181697;1.051857;;
54.625;-3.181697;1.051857;;
54.644;-3.208003;1.010643;;
54.645;-3.208573;1.00975;;
54.646;-3.208955;1.009152;;
54.647;-3.20901;1.009065;;
54.6482181;;;0.0680533059783659;0.143352692540562
54.433;-2.911268;1.375397;;
54.447;-2.945475;1.34201;;
54.468;-2.98077;1.305688;;
54.469;-2.981123;1.305325;;
54.47;-2.98117;1.305276;;
54.49;-2.997977;1.287244;;
54.513;-3.030531;1.250891;;
54.534;-3.06329;1.212272;;
54.535;-3.06361;1.211895;;
54.556;-3.094015;1.174007;;
54.579;-3.124639;1.133686;;
54.58;-3.124894;1.133349;;
54.58;-3.124938;1.133292;;
54.601;-3.153435;1.09356;;
54.602;-3.153699;1.093191;;
54.602;-3.153744;1.093128;;
54.603;-3.165;1.076741;;
54.622;-3.181484;1.052174;;
54.623;-3.181665;1.051905;;
54.624;-3.181697;1.051857;;
54.625;-3.181697;1.051857;;
54.644;-3.208003;1.010643;;
54.645;-3.208573;1.00975;;
54.646;-3.208955;1.009152;;
54.647;-3.20901;1.009065;;
54.667;-3.233887;0.9676693;;
54.668;-3.234097;0.9673195;;
54.669;-3.234166;0.9672055;;
54.67;-3.234188;0.9671685;;
54.689;-3.260008;0.9213817;;
54.69;-3.260252;0.9209504;;
54.69;-3.260357;0.9207634;;
54.71;-3.281884;0.8800554;;
54.711;-3.282104;0.87964;;
54.712;-3.282143;0.8795648;;
54.7259248;;;0.196271922073023;0.198600584389906
54.513;-3.030531;1.250891;;
54.534;-3.06329;1.212272;;
54.535;-3.06361;1.211895;;
54.556;-3.094015;1.174007;;
54.579;-3.124639;1.133686;;
54.58;-3.124894;1.133349;;
54.58;-3.124938;1.133292;;
54.601;-3.153435;1.09356;;
54.602;-3.153699;1.093191;;
54.602;-3.153744;1.093128;;
54.603;-3.165;1.076741;;
54.622;-3.181484;1.052174;;
54.623;-3.181665;1.051905;;
54.624;-3.181697;1.051857;;
54.625;-3.181697;1.051857;;
54.644;-3.208003;1.010643;;
54.645;-3.208573;1.00975;;
54.646;-3.208955;1.009152;;
54.647;-3.20901;1.009065;;
54.667;-3.233887;0.9676693;;
54.668;-3.234097;0.9673195;;
54.669;-3.234166;0.9672055;;
54.67;-3.234188;0.9671685;;
54.689;-3.260008;0.9213817;;
54.69;-3.260252;0.9209504;;
54.69;-3.260357;0.9207634;;
54.71;-3.281884;0.8800554;;
54.711;-3.282104;0.87964;;
54.712;-3.282143;0.8795648;;
54.732;-3.303775;0.8359589;;
54.733;-3.303977;0.8355512;;
54.734;-3.30405;0.8354036;;
54.754;-3.324986;0.7901903;;
54.755;-3.324986;0.7901903;;
54.755;-3.324986;0.7901903;;
54.796;-3.36289;0.6988191;;
54.797;-3.363086;0.6983456;;
54.798;-3.363114;0.6982782;;
54.8041328;;;0.591152726629584;0.305120199843709
54.579;-3.124639;1.133686;;
54.58;-3.124894;1.133349;;
54.58;-3.124938;1.133292;;
54.601;-3.153435;1.09356;;
54.602;-3.153699;1.093191;;
54.602;-3.153744;1.093128;;
54.603;-3.165;1.076741;;
54.622;-3.181484;1.052174;;
54.623;-3.181665;1.051905;;
54.624;-3.181697;1.051857;;
54.625;-3.181697;1.051857;;
54.644;-3.208003;1.010643;;
54.645;-3.208573;1.00975;;
54.646;-3.208955;1.009152;;
54.647;-3.20901;1.009065;;
54.667;-3.233887;0.9676693;;
54.668;-3.234097;0.9673195;;
54.669;-3.234166;0.9672055;;
54.67;-3.234188;0.9671685;;
54.689;-3.260008;0.9213817;;
54.69;-3.260252;0.9209504;;
54.69;-3.260357;0.9207634;;
54.71;-3.281884;0.8800554;;
54.711;-3.282104;0.87964;;
54.712;-3.282143;0.8795648;;
54.732;-3.303775;0.8359589;;
54.733;-3.303977;0.8355512;;
54.734;-3.30405;0.8354036;;
54.754;-3.324986;0.7901903;;
54.755;-3.324986;0.7901903;;
54.755;-3.324986;0.7901903;;
54.796;-3.36289;0.6988191;;
54.797;-3.363086;0.6983456;;
54.798;-3.363114;0.6982782;;
54.82;-3.371559;0.6758261;;
54.821;-3.371635;0.6756241;;
54.821;-3.371648;0.6755897;;
54.822;-3.371654;0.6755738;;
54.823;-3.371655;0.6755695;;
54.841;-3.388336;0.6283543;;
54.842;-3.388336;0.6283543;;
54.842;-3.388336;0.6283543;;
54.843;-3.388336;0.6283543;;
54.862;-3.410796;0.5572295;;
54.862;-3.410796;0.5572295;;
54.863;-3.410796;0.5572295;;
54.864;-3.410796;0.5572295;;
54.8713113;;;0.476919456416567;0.319894268321656
54.644;-3.208003;1.010643;;
54.645;-3.208573;1.00975;;
54.646;-3.208955;1.009152;;
54.647;-3.20901;1.009065;;
54.667;-3.233887;0.9676693;;
54.668;-3.234097;0.9673195;;
54.669;-3.234166;0.9672055;;
54.67;-3.234188;0.9671685;;
54.689;-3.260008;0.9213817;;
54.69;-3.260252;0.9209504;;
54.69;-3.260357;0.9207634;;
54.71;-3.281884;0.8800554;;
54.711;-3.282104;0.87964;;
54.712;-3.282143;0.8795648;;
54.732;-3.303775;0.8359589;;
54.733;-3.303977;0.8355512;;
54.734;-3.30405;0.8354036;;
54.754;-3.324986;0.7901903;;
54.755;-3.324986;0.7901903;;
54.755;-3.324986;0.7901903;;
54.796;-3.36289;0.6988191;;
54.797;-3.363086;0.6983456;;
54.798;-3.363114;0.6982782;;
54.82;-3.371559;0.6758261;;
54.821;-3.371635;0.6756241;;
54.821;-3.371648;0.6755897;;
54.822;-3.371654;0.6755738;;
54.823;-3.371655;0.6755695;;
54.841;-3.388336;0.6283543;;
54.842;-3.388336;0.6283543;;
54.842;-3.388336;0.6283543;;
54.843;-3.388336;0.6283543;;
54.862;-3.410796;0.5572295;;
54.862;-3.410796;0.5572295;;
54.863;-3.410796;0.5572295;;
54.864;-3.410796;0.5572295;;
54.884;-3.417516;0.5337807;;
54.884;-3.417516;0.5337807;;
54.885;-3.417516;0.5337807;;
54.886;-3.417516;0.5337807;;
54.906;-3.439523;0.4469526;;
54.907;-3.439523;0.4469526;;
54.908;-3.439523;0.4469526;;
54.928;-3.446779;0.4136706;;
54.929;-3.446847;0.4133566;;
54.929;-3.446859;0.4133053;;
54.93;-3.446868;0.4132612;;
54.93;-3.446872;0.4132458;;
54.9495195;;;-0.0255844017365713;0.324881451131505
54.732;-3.303775;0.8359589;;
54.733;-3.303977;0.8355512;;
54.734;-3.30405;0.8354036;;
54.754;-3.324986;0.7901903;;
54.755;-3.324986;0.7901903;;
54.755;-3.324986;0.7901903;;
54.796;-3.36289;0.6988191;;
54.797;-3.363086;0.6983456;;
54.798;-3.363114;0.6982782;;
54.82;-3.371559;0.6758261;;
54.821;-3.371635;0.6756241;;
54.821;-3.371648;0.6755897;;
54.822;-3.371654;0.6755738;;
54.823;-3.371655;0.6755695;;
54.841;-3.388336;0.6283543;;
54.842;-3.388336;0.6283543;;
54.842;-3.388336;0.6283543;;
54.843;-3.388336;0.6283543;;
54.862;-3.410796;0.5572295;;
54.862;-3.410796;0.5572295;;
54.863;-3.410796;0.5572295;;
54.864;-3.410796;0.5572295;;
54.884;-3.417516;0.5337807;;
54.884;-3.417516;0.5337807;;
54.885;-3.417516;0.5337807;;
54.886;-3.417516;0.5337807;;
54.906;-3.439523;0.4469526;;
54.907;-3.439523;0.4469526;;
54.908;-3.439523;0.4469526;;
54.928;-3.446779;0.4136706;;
54.929;-3.446847;0.4133566;;
54.929;-3.446859;0.4133053;;
54.93;-3.446868;0.4132612;;
54.93;-3.446872;0.4132458;;
54.95;-3.456439;0.3639574;;
54.951;-3.456325;0.364545;;
54.951;-3.456327;0.3645314;;
54.971;-3.464498;0.3154058;;
54.972;-3.46458;0.3149498;;
54.973;-3.464599;0.3148436;;
54.973;-3.464602;0.3148254;;
54.974;-3.464605;0.3148116;;
54.994;-3.4714;0.2658025;;
54.995;-3.4714;0.2658025;;
54.996;-3.4714;0.2658025;;
54.996;-3.4714;0.2658025;;
55.016;-3.474224;0.2419356;;
55.016;-3.473484;0.2490039;;
55.018;-3.47655;0.2197394;;
55.027226;;;-0.1414724523021;0.312456761100373
54.796;-3.36289;0.6988191;;
54.797;-3.363086;0.6983456;;
54.798;-3.363114;0.6982782;;
54.82;-3.371559;0.6758261;;
54.821;-3.371635;0.6756241;;
54.821;-3.371648;0.6755897;;
54.822;-3.371654;0.6755738;;
54.823;-3.371655;0.6755695;;
54.841;-3.388336;0.6283543;;
54.842;-3.388336;0.6283543;;
54.842;-3.388336;0.6283543;;
54.843;-3.388336;0.6283543;;
54.862;-3.410796;0.5572295;;
54.862;-3.410796;0.5572295;;
54.863;-3.410796;0.5572295;;
54.864;-3.410796;0.5572295;;
54.884;-3.417516;0.5337807;;
54.884;-3.417516;0.5337807;;
54.885;-3.417516;0.5337807;;
54.886;-3.417516;0.5337807;;
54.906;-3.439523;0.4469526;;
54.907;-3.439523;0.4469526;;
54.908;-3.439523;0.4469526;;
54.928;-3.446779;0.4136706;;
54.929;-3.446847;0.4133566;;
54.929;-3.446859;0.4133053;;
54.93;-3.446868;0.4132612;;
54.93;-3.446872;0.4132458;;
54.95;-3.456439;0.3639574;;
54.951;-3.456325;0.364545;;
54.951;-3.456327;0.3645314;;
54.971;-3.464498;0.3154058;;
54.972;-3.46458;0.3149498;;
54.973;-3.464599;0.3148436;;
54.973;-3.464602;0.3148254;;
54.974;-3.464605;0.3148116;;
54.994;-3.4714;0.2658025;;
54.995;-3.4714;0.2658025;;
54.996;-3.4714;0.2658025;;
54.996;-3.4714;0.2658025;;
55.016;-3.474224;0.2419356;;
55.016;-3.473484;0.2490039;;
55.018;-3.47655;0.2197394;;
55.039;-3.479106;0.1921993;;
55.04;-3.479127;0.1919738;;
55.04;-3.479137;0.1918627;;
55.041;-3.479137;0.1918627;;
55.042;-3.479137;0.1918627;;
55.062;-3.484509;0.1013508;;
55.063;-3.484557;0.100545;;
55.063;-3.484561;0.1004658;;
55.084;-3.485407;0.06772021;;
55.085;-3.485415;0.06740215;;
55.086;-3.485416;0.06735164;;
55.086;-3.485416;0.0673447;;
55.087;-3.485417;0.06733395;;
55.0944047;;;-0.355742589425608;0.266310682118227
54.862;-3.410796;0.5572295;;
54.862;-3.410796;0.5572295;;
54.863;-3.410796;0.5572295;;
54.864;-3.410796;0.5572295;;
54.884;-3.417516;0.5337807;;
54.884;-3.417516;0.5337807;;
54.885;-3.417516;0.5337807;;
54.886;-3.417516;0.5337807;;
54.906;-3.439523;0.4469526;;
54.907;-3.439523;0.4469526;;
54.908;-3.439523;0.4469526;;
54.928;-3.446779;0.4136706;;
54.929;-3.446847;0.4133566;;
54.929;-3.446859;0.4133053;;
54.93;-3.446868;0.4132612;;
54.93;-3.446872;0.4132458;;
54.95;-3.456439;0.3639574;;
54.951;-3.456325;0.364545;;
54.951;-3.456327;0.3645314;;
54.971;-3.464498;0.3154058;;
54.972;-3.46458;0.3149498;;
54.973;-3.464599;0.3148436;;
54.973;-3.464602;0.3148254;;
54.974;-3.464605;0.3148116;;
54.994;-3.4714;0.2658025;;
54.995;-3.4714;0.2658025;;
54.996;-3.4714;0.2658025;;
54.996;-3.4714;0.2658025;;
55.016;-3.474224;0.2419356;;
55.016;-3.473484;0.2490039;;
55.018;-3.47655;0.2197394;;
55.039;-3.479106;0.1921993;;
55.04;-3.479127;0.1919738;;
55.04;-3.479137;0.1918627;;
55.041;-3.479137;0.1918627;;
55.042;-3.479137;0.1918627;;
55.062;-3.484509;0.1013508;;
55.063;-3.484557;0.100545;;
55.063;-3.484561;0.1004658;;
55.084;-3.485407;0.06772021;;
55.085;-3.485415;0.06740215;;
55.086;-3.485416;0.06735164;;
55.086;-3.485416;0.0673447;;
55.087;-3.485417;0.06733395;;
55.106;-3.485658;0.04325141;;
55.107;-3.485661;0.04299165;;
55.128;-3.485157;-0.006678462;;
55.129;-3.485152;-0.007178252;;
55.13;-3.485151;-0.007253679;;
55.131;-3.485151;-0.007272756;;
55.132;-3.485151;-0.007277529;;
55.15;-3.482774;-0.06660199;;
55.151;-3.482747;-0.06728347;;
55.152;-3.482743;-0.06738321;;
55.152;-3.482742;-0.06740031;;
55.1615832;;;-0.903203700497112;0.131519827426403
54.928;-3.446779;0.4136706;;
54.929;-3.446847;0.4133566;;
54.929;-3.446859;0.4133053;;
54.93;-3.446868;0.4132612;;
54.93;-3.446872;0.4132458;;
54.95;-3.456439;0.3639574;;
54.951;-3.456325;0.364545;;
54.951;-3.456327;0.3645314;;
54.971;-3.464498;0.3154058;;
54.972;-3.46458;0.3149498;;
54.973;-3.464599;0.3148436;;
54.973;-3.464602;0.3148254;;
54.974;-3.464605;0.3148116;;
54.994;-3.4714;0.2658025;;
54.995;-3.4714;0.2658025;;
54.996;-3.4714;0.2658025;;
54.996;-3.4714;0.2658025;;
55.016;-3.474224;0.2419356;;
55.016;-3.473484;0.2490039;;
55.018;-3.47655;0.2197394;;
55.039;-3.479106;0.1921993;;
55.04;-3.479127;0.1919738;;
55.04;-3.479137;0.1918627;;
55.041;-3.479137;0.1918627;;
55.042;-3.479137;0.1918627;;
55.062;-3.484509;0.1013508;;
55.063;-3.484557;0.100545;;
55.063;-3.484561;0.1004658;;
55.084;-3.485407;0.06772021;;
55.085;-3.485415;0.06740215;;
55.086;-3.485416;0.06735164;;
55.086;-3.485416;0.0673447;;
55.087;-3.485417;0.06733395;;
55.106;-3.485658;0.04325141;;
55.107;-3.485661;0.04299165;;
55.128;-3.485157;-0.006678462;;
55.129;-3.485152;-0.007178252;;
55.13;-3.485151;-0.007253679;;
55.131;-3.485151;-0.007272756;;
55.132;-3.485151;-0.007277529;;
55.15;-3.482774;-0.06660199;;
55.151;-3.482747;-0.06728347;;
55.152;-3.482743;-0.06738321;;
55.152;-3.482742;-0.06740031;;
55.172;-3.481923;-0.08102395;;
55.174;-3.481914;-0.08117558;;
55.175;-3.481913;-0.0811914;;
55.176;-3.481912;-0.08119494;;
55.196;-3.475722;-0.1546991;;
55.197;-3.475657;-0.1554661;;
55.198;-3.475646;-0.1556005;;
55.219;-3.466446;-0.2291027;;
55.22;-3.466358;-0.229802;;
55.228762;;;-0.609834237630157;0.0744925916528215
54.994;-3.4714;0.2658025;;
54.995;-3.4714;0.2658025;;
54.996;-3.4714;0.2658025;;
54.996;-3.4714;0.2658025;;
55.016;-3.474224;0.2419356;;
55.016;-3.473484;0.2490039;;
55.018;-3.47655;0.2197394;;
55.039;-3.479106;0.1921993;;
55.04;-3.479127;0.1919738;;
55.04;-3.479137;0.1918627;;
55.041;-3.479137;0.1918627;;
55.042;-3.479137;0.1918627;;
55.062;-3.484509;0.1013508;;
55.063;-3.484557;0.100545;;
55.063;-3.484561;0.1004658;;
55.084;-3.485407;0.06772021;;
55.085;-3.485415;0.06740215;;
55.086;-3.485416;0.06735164;;
55.086;-3.485416;0.0673447;;
55.087;-3.485417;0.06733395;;
55.106;-3.485658;0.04325141;;
55.107;-3.485661;0.04299165;;
55.128;-3.485157;-0.006678462;;
55.129;-3.485152;-0.007178252;;
55.13;-3.485151;-0.007253679;;
55.131;-3.485151;-0.007272756;;
55.132;-3.485151;-0.007277529;;
55.15;-3.482774;-0.06660199;;
55.151;-3.482747;-0.06728347;;
55.152;-3.482743;-0.06738321;;
55.152;-3.482742;-0.06740031;;
55.172;-3.481923;-0.08102395;;
55.174;-3.481914;-0.08117558;;
55.175;-3.481913;-0.0811914;;
55.176;-3.481912;-0.08119494;;
55.196;-3.475722;-0.1546991;;
55.197;-3.475657;-0.1554661;;
55.198;-3.475646;-0.1556005;;
55.219;-3.466446;-0.2291027;;
55.22;-3.466358;-0.229802;;
55.24;-3.462627;-0.2542663;;
55.241;-3.462581;-0.2545725;;
55.242;-3.462581;-0.2545725;;
55.242;-3.462581;-0.2545725;;
55.261;-3.454073;-0.3036177;;
55.262;-3.44594;-0.3444761;;
55.263;-3.44594;-0.3444761;;
55.264;-3.44594;-0.3444761;;
55.284;-3.443608;-0.3553721;;
55.285;-3.439622;-0.3732136;;
55.2954393;;;0.720595256107112;0.0639584984248209
55.062;-3.484509;0.1013508;;
55.063;-3.484557;0.100545;;
55.063;-3.484561;0.1004658;;
55.084;-3.485407;0.06772021;;
55.085;-3.485415;0.06740215;;
55.086;-3.485416;0.06735164;;
55.086;-3.485416;0.0673447;;
55.087;-3.485417;0.06733395;;
55.106;-3.485658;0.04325141;;
55.107;-3.485661;0.04299165;;
55.128;-3.485157;-0.006678462;;
55.129;-3.485152;-0.007178252;;
55.13;-3.485151;-0.007253679;;
55.131;-3.485151;-0.007272756;;
55.132;-3.485151;-0.007277529;;
55.15;-3.482774;-0.06660199;;
55.151;-3.482747;-0.06728347;;
55.152;-3.482743;-0.06738321;;
55.152;-3.482742;-0.06740031;;
55.172;-3.481923;-0.08102395;;
55.174;-3.481914;-0.08117558;;
55.175;-3.481913;-0.0811914;;
55.176;-3.481912;-0.08119494;;
55.196;-3.475722;-0.1546991;;
55.197;-3.475657;-0.1554661;;
55.198;-3.475646;-0.1556005;;
55.219;-3.466446;-0.2291027;;
55.22;-3.466358;-0.229802;;
55.24;-3.462627;-0.2542663;;
55.241;-3.462581;-0.2545725;;
55.242;-3.462581;-0.2545725;;
55.242;-3.462581;-0.2545725;;
55.261;-3.454073;-0.3036177;;
55.262;-3.44594;-0.3444761;;
55.263;-3.44594;-0.3444761;;
55.264;-3.44594;-0.3444761;;
55.284;-3.443608;-0.3553721;;
55.285;-3.439622;-0.3732136;;
55.306;-3.433345;-0.3999586;;
55.307;-3.433284;-0.400221;;
55.308;-3.433271;-0.4002749;;
55.308;-3.433271;-0.4002749;;
55.328;-3.420973;-0.4480228;;
55.329;-3.410115;-0.4863261;;
55.351;-3.406956;-0.496913;;
55.352;-3.406956;-0.496913;;
55.3626185;;;0.873275696031955;0.0719509832410096
55.128;-3.485157;-0.006678462;;
55.129;-3.485152;-0.007178252;;
55.13;-3.485151;-0.007253679;;
55.131;-3.485151;-0.007272756;;
55.132;-3.485151;-0.007277529;;
55.15;-3.482774;-0.06660199;;
55.151;-3.482747;-0.06728347;;
55.152;-3.482743;-0.06738321;;
55.152;-3.482742;-0.06740031;;
55.172;-3.481923;-0.08102395;;
55.174;-3.481914;-0.08117558;;
55.175;-3.481913;-0.0811914;;
55.176;-3.481912;-0.08119494;;
55.196;-3.475722;-0.1546991;;
55.197;-3.475657;-0.1554661;;
55.198;-3.475646;-0.1556005;;
55.219;-3.466446;-0.2291027;;
55.22;-3.466358;-0.229802;;
55.24;-3.462627;-0.2542663;;
55.241;-3.462581;-0.2545725;;
55.242;-3.462581;-0.2545725;;
55.242;-3.462581;-0.2545725;;
55.261;-3.454073;-0.3036177;;
55.262;-3.44594;-0.3444761;;
55.263;-3.44594;-0.3444761;;
55.264;-3.44594;-0.3444761;;
55.284;-3.443608;-0.3553721;;
55.285;-3.439622;-0.3732136;;
55.306;-3.433345;-0.3999586;;
55.307;-3.433284;-0.400221;;
55.308;-3.433271;-0.4002749;;
55.308;-3.433271;-0.4002749;;
55.328;-3.420973;-0.4480228;;
55.329;-3.410115;-0.4863261;;
55.351;-3.406956;-0.496913;;
55.352;-3.406956;-0.496913;;
55.373;-3.39205;-0.5440387;;
55.374;-3.39205;-0.5440387;;
55.396;-3.375903;-0.5907102;;
55.398;-3.363438;-0.6242176;;
55.419;-3.358128;-0.6379172;;
55.42;-3.348756;-0.6613427;;
55.4408265;;;0.708652331447553;0.127729367369094
55.196;-3.475722;-0.1546991;;
55.197;-3.475657;-0.1554661;;
55.198;-3.475646;-0.1556005;;
55.219;-3.466446;-0.2291027;;
55.22;-3.466358;-0.229802;;
55.24;-3.462627;-0.2542663;;
55.241;-3.462581;-0.2545725;;
55.242;-3.462581;-0.2545725;;
55.242;-3.462581;-0.2545725;;
55.261;-3.454073;-0.3036177;;
55.262;-3.44594;-0.3444761;;
55.263;-3.44594;-0.3444761;;
55.264;-3.44594;-0.3444761;;
55.284;-3.443608;-0.3553721;;
55.285;-3.439622;-0.3732136;;
55.306;-3.433345;-0.3999586;;
55.307;-3.433284;-0.400221;;
55.308;-3.433271;-0.4002749;;
55.308;-3.433271;-0.4002749;;
55.328;-3.420973;-0.4480228;;
55.329;-3.410115;-0.4863261;;
55.351;-3.406956;-0.496913;;
55.352;-3.406956;-0.496913;;
55.373;-3.39205;-0.5440387;;
55.374;-3.39205;-0.5440387;;
55.396;-3.375903;-0.5907102;;
55.398;-3.363438;-0.6242176;;
55.419;-3.358128;-0.6379172;;
55.42;-3.348756;-0.6613427;;
55.443;-3.329041;-0.7078322;;
55.444;-3.329041;-0.7078322;;
55.468;-3.319214;-0.7297618;;
55.47;-3.319214;-0.7297618;;
55.491;-3.283101;-0.8044792;;
55.492;-3.283101;-0.8044792;;
55.5075038;;;0.306775250851611;0.146604504918786
55.284;-3.443608;-0.3553721;;
55.285;-3.439622;-0.3732136;;
55.306;-3.433345;-0.3999586;;
55.307;-3.433284;-0.400221;;
55.308;-3.433271;-0.4002749;;
55.308;-3.433271;-0.4002749;;
55.328;-3.420973;-0.4480228;;
55.329;-3.410115;-0.4863261;;
55.351;-3.406956;-0.496913;;
55.352;-3.406956;-0.496913;;
55.373;-3.39205;-0.5440387;;
55.374;-3.39205;-0.5440387;;
55.396;-3.375903;-0.5907102;;
55.398;-3.363438;-0.6242176;;
55.419;-3.358128;-0.6379172;;
55.42;-3.348756;-0.6613427;;
55.443;-3.329041;-0.7078322;;
55.444;-3.329041;-0.7078322;;
55.468;-3.319214;-0.7297618;;
55.47;-3.319214;-0.7297618;;
55.491;-3.283101;-0.8044792;;
55.492;-3.283101;-0.8044792;;
55.513;-3.264107;-0.8406337;;
55.514;-3.264107;-0.8406337;;
55.535;-3.240345;-0.8833116;;
55.537;-3.240345;-0.8833116;;
55.557;-3.214836;-0.9263758;;
55.559;-3.214836;-0.9263758;;
55.579;-3.188307;-0.9685214;;
55.58;-3.188307;-0.9685214;;
55.58;-3.188307;-0.9685214;;
55.585711;;;-0.771975642620248;0.0819868934881238
55.351;-3.406956;-0.496913;;
55.352;-3.406956;-0.496913;;
55.373;-3.39205;-0.5440387;;
55.374;-3.39205;-0.5440387;;
55.396;-3.375903;-0.5907102;;
55.398;-3.363438;-0.6242176;;
55.419;-3.358128;-0.6379172;;
55.42;-3.348756;-0.6613427;;
55.443;-3.329041;-0.7078322;;
55.444;-3.329041;-0.7078322;;
55.468;-3.319214;-0.7297618;;
55.47;-3.319214;-0.7297618;;
55.491;-3.283101;-0.8044792;;
55.492;-3.283101;-0.8044792;;
55.513;-3.264107;-0.8406337;;
55.514;-3.264107;-0.8406337;;
55.535;-3.240345;-0.8833116;;
55.537;-3.240345;-0.8833116;;
55.557;-3.214836;-0.9263758;;
55.559;-3.214836;-0.9263758;;
55.579;-3.188307;-0.9685214;;
55.58;-3.188307;-0.9685214;;
55.58;-3.188307;-0.9685214;;
55.599;-3.160724;-1.009814;;
55.601;-3.160421;-1.010269;;
55.601;-3.16042;-1.01027;;
55.602;-3.160387;-1.01032;;
55.603;-3.160375;-1.010337;;
55.621;-3.132286;-1.05003;;
55.622;-3.131896;-1.050581;;
55.622;-3.131896;-1.050581;;
55.642;-3.1023;-1.090106;;
55.643;-3.101999;-1.090508;;
55.644;-3.101951;-1.090573;;
55.644;-3.101944;-1.090581;;
55.645;-3.101935;-1.090594;;
55.6639194;;;0.64241760072027;0.116305791845604
55.443;-3.329041;-0.7078322;;
55.444;-3.329041;-0.7078322;;
55.468;-3.319214;-0.7297618;;
55.47;-3.319214;-0.7297618;;
55.491;-3.283101;-0.8044792;;
55.492;-3.283101;-0.8044792;;
55.513;-3.264107;-0.8406337;;
55.514;-3.264107;-0.8406337;;
55.535;-3.240345;-0.8833116;;
55.537;-3.240345;-0.8833116;;
55.557;-3.214836;-0.9263758;;
55.559;-3.214836;-0.9263758;;
55.579;-3.188307;-0.9685214;;
55.58;-3.188307;-0.9685214;;
55.58;-3.188307;-0.9685214;;
55.599;-3.160724;-1.009814;;
55.601;-3.160421;-1.010269;;
55.601;-3.16042;-1.01027;;
55.602;-3.160387;-1.01032;;
55.603;-3.160375;-1.010337;;
55.621;-3.132286;-1.05003;;
55.622;-3.131896;-1.050581;;
55.622;-3.131896;-1.050581;;
55.642;-3.1023;-1.090106;;
55.643;-3.101999;-1.090508;;
55.644;-3.101951;-1.090573;;
55.644;-3.101944;-1.090581;;
55.645;-3.101935;-1.090594;;
55.664;-3.07202;-1.128395;;
55.665;-3.071629;-1.128889;;
55.666;-3.071629;-1.128889;;
55.686;-3.05576;-1.148123;;
55.687;-3.043952;-1.162072;;
55.687;-3.039898;-1.166861;;
55.688;-3.039898;-1.166861;;
55.708;-3.023196;-1.186039;;
55.709;-3.011793;-1.198782;;
55.71;-3.007618;-1.203448;;
55.711;-3.006613;-1.204571;;
55.731;-2.990559;-1.222042;;
55.732;-2.980747;-1.232438;;
55.732;-2.975953;-1.237517;;
55.733;-2.973309;-1.240319;;
55.7426284;;;0.858506796438494;0.136871489523213
55.535;-3.240345;-0.8833116;;
55.537;-3.240345;-0.8833116;;
55.557;-3.214836;-0.9263758;;
55.559;-3.214836;-0.9263758;;
55.579;-3.188307;-0.9685214;;
55.58;-3.188307;-0.9685214;;
55.58;-3.188307;-0.9685214;;
55.599;-3.160724;-1.009814;;
55.601;-3.160421;-1.010269;;
55.601;-3.16042;-1.01027;;
55.602;-3.160387;-1.01032;;
55.603;-3.160375;-1.010337;;
55.621;-3.132286;-1.05003;;
55.622;-3.131896;-1.050581;;
55.622;-3.131896;-1.050581;;
55.642;-3.1023;-1.090106;;
55.643;-3.101999;-1.090508;;
55.644;-3.101951;-1.090573;;
55.644;-3.101944;-1.090581;;
55.645;-3.101935;-1.090594;;
55.664;-3.07202;-1.128395;;
55.665;-3.071629;-1.128889;;
55.666;-3.071629;-1.128889;;
55.686;-3.05576;-1.148123;;
55.687;-3.043952;-1.162072;;
55.687;-3.039898;-1.166861;;
55.688;-3.039898;-1.166861;;
55.708;-3.023196;-1.186039;;
55.709;-3.011793;-1.198782;;
55.71;-3.007618;-1.203448;;
55.711;-3.006613;-1.204571;;
55.731;-2.990559;-1.222042;;
55.732;-2.980747;-1.232438;;
55.732;-2.975953;-1.237517;;
55.733;-2.973309;-1.240319;;
55.752;-2.955989;-1.258192;;
55.753;-2.955809;-1.258378;;
55.754;-2.95576;-1.258429;;
55.755;-2.95576;-1.258429;;
55.774;-2.920563;-1.293276;;
55.774;-2.920261;-1.293575;;
55.776;-2.920098;-1.293737;;
55.777;-2.897139;-1.315483;;
55.796;-2.884379;-1.32725;;
55.797;-2.884263;-1.327358;;
55.798;-2.884225;-1.327393;;
55.818;-2.847546;-1.360003;;
55.82;-2.847151;-1.360354;;
55.821;-2.847107;-1.360393;;
55.8213377;;;0.921073739350481;0.171037203595052
55.599;-3.160724;-1.009814;;
55.601;-3.160421;-1.010269;;
55.601;-3.16042;-1.01027;;
55.602;-3.160387;-1.01032;;
55.603;-3.160375;-1.010337;;
55.621;-3.132286;-1.05003;;
55.622;-3.131896;-1.050581;;
55.622;-3.131896;-1.050581;;
55.642;-3.1023;-1.090106;;
55.643;-3.101999;-1.090508;;
55.644;-3.101951;-1.090573;;
55.644;-3.101944;-1.090581;;
55.645;-3.101935;-1.090594;;
55.664;-3.07202;-1.128395;;
55.665;-3.071629;-1.128889;;
55.666;-3.071629;-1.128889;;
55.686;-3.05576;-1.148123;;
55.687;-3.043952;-1.162072;;
55.687;-3.039898;-1.166861;;
55.688;-3.039898;-1.166861;;
55.708;-3.023196;-1.186039;;
55.709;-3.011793;-1.198782;;
55.71;-3.007618;-1.203448;;
55.711;-3.006613;-1.204571;;
55.731;-2.990559;-1.222042;;
55.732;-2.980747;-1.232438;;
55.732;-2.975953;-1.237517;;
55.733;-2.973309;-1.240319;;
55.752;-2.955989;-1.258192;;
55.753;-2.955809;-1.258378;;
55.754;-2.95576;-1.258429;;
55.755;-2.95576;-1.258429;;
55.774;-2.920563;-1.293276;;
55.774;-2.920261;-1.293575;;
55.776;-2.920098;-1.293737;;
55.777;-2.897139;-1.315483;;
55.796;-2.884379;-1.32725;;
55.797;-2.884263;-1.327358;;
55.798;-2.884225;-1.327393;;
55.818;-2.847546;-1.360003;;
55.82;-2.847151;-1.360354;;
55.821;-2.847107;-1.360393;;
55.821;-2.84171;-1.364994;;
55.83;-2.826819;-1.377688;;
55.841;-2.826487;-1.377971;;
55.842;-2.826276;-1.378151;;
55.843;-2.826242;-1.378179;;
55.844;-2.826233;-1.378187;;
55.863;-2.789033;-1.408597;;
55.864;-2.788675;-1.408889;;
55.865;-2.788581;-1.408966;;
55.865;-2.788566;-1.408979;;
55.885;-2.731125;-1.452857;;
55.886;-2.730532;-1.45331;;
55.887;-2.730443;-1.453378;;
55.8880154;;;0.928304118124081;0.244413243584333
55.599;-3.160724;-1.009814;;
55.601;-3.160421;-1.010269;;
55.601;-3.16042;-1.01027;;
55.602;-3.160387;-1.01032;;
55.603;-3.160375;-1.010337;;
55.621;-3.132286;-1.05003;;
55.622;-3.131896;-1.050581;;
55.622;-3.131896;-1.050581;;
55.642;-3.1023;-1.090106;;
55.643;-3.101999;-1.090508;;
55.644;-3.101951;-1.090573;;
55.644;-3.101944;-1.090581;;
55.645;-3.101935;-1.090594;;
55.664;-3.07202;-1.128395;;
55.665;-3.071629;-1.128889;;
55.666;-3.071629;-1.128889;;
55.686;-3.05576;-1.148123;;
55.687;-3.043952;-1.162072;;
55.687;-3.039898;-1.166861;;
55.688;-3.039898;-1.166861;;
55.708;-3.023196;-1.186039;;
55.709;-3.011793;-1.198782;;
55.71;-3.007618;-1.203448;;
55.711;-3.006613;-1.204571;;
55.731;-2.990559;-1.222042;;
55.732;-2.980747;-1.232438;;
55.732;-2.975953;-1.237517;;
55.733;-2.973309;-1.240319;;
55.752;-2.955989;-1.258192;;
55.753;-2.955809;-1.258378;;
55.754;-2.95576;-1.258429;;
55.755;-2.95576;-1.258429;;
55.774;-2.920563;-1.293276;;
55.774;-2.920261;-1.293575;;
55.776;-2.920098;-1.293737;;
55.777;-2.897139;-1.315483;;
55.796;-2.884379;-1.32725;;
55.797;-2.884263;-1.327358;;
55.798;-2.884225;-1.327393;;
55.818;-2.847546;-1.360003;;
55.82;-2.847151;-1.360354;;
55.821;-2.847107;-1.360393;;
55.821;-2.84171;-1.364994;;
55.83;-2.826819;-1.377688;;
55.841;-2.826487;-1.377971;;
55.842;-2.826276;-1.378151;;
55.843;-2.826242;-1.378179;;
55.844;-2.826233;-1.378187;;
55.863;-2.789033;-1.408597;;
55.864;-2.788675;-1.408889;;
55.865;-2.788581;-1.408966;;
55.865;-2.788566;-1.408979;;
55.885;-2.731125;-1.452857;;
55.886;-2.730532;-1.45331;;
55.887;-2.730443;-1.453378;;
55.9657219;;;0.928304118124081;0.326703749001732
55.731;-2.990559;-1.222042;;
55.732;-2.980747;-1.232438;;
55.732;-2.975953;-1.237517;;
55.733;-2.973309;-1.240319;;
55.752;-2.955989;-1.258192;;
55.753;-2.955809;-1.258378;;
55.754;-2.95576;-1.258429;;
55.755;-2.95576;-1.258429;;
55.774;-2.920563;-1.293276;;
55.774;-2.920261;-1.293575;;
55.776;-2.920098;-1.293737;;
55.777;-2.897139;-1.315483;;
55.796;-2.884379;-1.32725;;
55.797;-2.884263;-1.327358;;
55.798;-2.884225;-1.327393;;
55.818;-2.847546;-1.360003;;
55.82;-2.847151;-1.360354;;
55.821;-2.847107;-1.360393;;
55.821;-2.84171;-1.364994;;
55.83;-2.826819;-1.377688;;
55.841;-2.826487;-1.377971;;
55.842;-2.826276;-1.378151;;
55.843;-2.826242;-1.378179;;
55.844;-2.826233;-1.378187;;
55.863;-2.789033;-1.408597;;
55.864;-2.788675;-1.408889;;
55.865;-2.788581;-1.408966;;
55.865;-2.788566;-1.408979;;
55.885;-2.731125;-1.452857;;
55.886;-2.730532;-1.45331;;
55.887;-2.730443;-1.453378;;
55.991;-2.521499;-1.585941;;
55.992;-2.521092;-1.586198;;
56.012;-2.478475;-1.608668;;
56.014;-2.478015;-1.60891;;
56.0434281;;;0.630847414721758;0.402595287782298
55.818;-2.847546;-1.360003;;
55.82;-2.847151;-1.360354;;
55.821;-2.847107;-1.360393;;
55.821;-2.84171;-1.364994;;
55.83;-2.826819;-1.377688;;
55.841;-2.826487;-1.377971;;
55.842;-2.826276;-1.378151;;
55.843;-2.826242;-1.378179;;
55.844;-2.826233;-1.378187;;
55.863;-2.789033;-1.408597;;
55.864;-2.788675;-1.408889;;
55.865;-2.788581;-1.408966;;
55.865;-2.788566;-1.408979;;
55.885;-2.731125;-1.452857;;
55.886;-2.730532;-1.45331;;
55.887;-2.730443;-1.453378;;
55.991;-2.521499;-1.585941;;
55.992;-2.521092;-1.586198;;
56.012;-2.478475;-1.608668;;
56.014;-2.478015;-1.60891;;
56.088;-2.341946;-1.671511;;
56.089;-2.324195;-1.6787;;
56.09;-2.319522;-1.680592;;
56.091;-2.318768;-1.680898;;
56.092;-2.318646;-1.680947;;
56.093;-2.318622;-1.680957;;
56.094;-2.318622;-1.680957;;
56.094;-2.318622;-1.680957;;
56.095;-2.318622;-1.680957;;
56.109;-2.294923;-1.690153;;
56.11;-2.294574;-1.690288;;
56.111;-2.275949;-1.697219;;
56.111;-2.272746;-1.698412;;
56.1221375;;;0.0759824084060794;0.477917296159467
55.991;-2.521499;-1.585941;;
55.992;-2.521092;-1.586198;;
56.012;-2.478475;-1.608668;;
56.014;-2.478015;-1.60891;;
56.088;-2.341946;-1.671511;;
56.089;-2.324195;-1.6787;;
56.09;-2.319522;-1.680592;;
56.091;-2.318768;-1.680898;;
56.092;-2.318646;-1.680947;;
56.093;-2.318622;-1.680957;;
56.094;-2.318622;-1.680957;;
56.094;-2.318622;-1.680957;;
56.095;-2.318622;-1.680957;;
56.109;-2.294923;-1.690153;;
56.11;-2.294574;-1.690288;;
56.111;-2.275949;-1.697219;;
56.111;-2.272746;-1.698412;;
56.131;-2.24772;-1.707373;;
56.132;-2.247479;-1.707459;;
56.133;-2.247427;-1.707478;;
56.133;-2.232985;-1.712415;;
56.16;-2.201527;-1.722838;;
56.16;-2.201527;-1.722838;;
56.161;-2.201527;-1.722838;;
56.162;-2.201527;-1.722838;;
56.174;-2.154894;-1.737077;;
56.175;-2.154113;-1.737316;;
56.176;-2.153922;-1.737374;;
56.196;-2.107154;-1.750305;;
56.197;-2.107154;-1.750305;;
56.198;-2.107154;-1.750305;;
56.198;-2.107154;-1.750305;;
56.199;-2.107154;-1.750305;;
56.2003458;;;0.0110749384424123;0.525679540472742
55.991;-2.521499;-1.585941;;
55.992;-2.521092;-1.586198;;
56.012;-2.478475;-1.608668;;
56.014;-2.478015;-1.60891;;
56.088;-2.341946;-1.671511;;
56.089;-2.324195;-1.6787;;
56.09;-2.319522;-1.680592;;
56.091;-2.318768;-1.680898;;
56.092;-2.318646;-1.680947;;
56.093;-2.318622;-1.680957;;
56.094;-2.318622;-1.680957;;
56.094;-2.318622;-1.680957;;
56.095;-2.318622;-1.680957;;
56.109;-2.294923;-1.690153;;
56.11;-2.294574;-1.690288;;
56.111;-2.275949;-1.697219;;
56.111;-2.272746;-1.698412;;
56.131;-2.24772;-1.707373;;
56.132;-2.247479;-1.707459;;
56.133;-2.247427;-1.707478;;
56.133;-2.232985;-1.712415;;
56.16;-2.201527;-1.722838;;
56.16;-2.201527;-1.722838;;
56.161;-2.201527;-1.722838;;
56.162;-2.201527;-1.722838;;
56.174;-2.154894;-1.737077;;
56.175;-2.154113;-1.737316;;
56.176;-2.153922;-1.737374;;
56.196;-2.107154;-1.750305;;
56.197;-2.107154;-1.750305;;
56.198;-2.107154;-1.750305;;
56.198;-2.107154;-1.750305;;
56.199;-2.107154;-1.750305;;
56.219;-2.059555;-1.762113;;
56.219;-2.059331;-1.762169;;
56.24;-2.009238;-1.773161;;
56.261;-1.961255;-1.782337;;
56.262;-1.96082;-1.782421;;
56.2780522;;;4.40305799201401E-05;0.470252523124496
56.088;-2.341946;-1.671511;;
56.089;-2.324195;-1.6787;;
56.09;-2.319522;-1.680592;;
56.091;-2.318768;-1.680898;;
56.092;-2.318646;-1.680947;;
56.093;-2.318622;-1.680957;;
56.094;-2.318622;-1.680957;;
56.094;-2.318622;-1.680957;;
56.095;-2.318622;-1.680957;;
56.109;-2.294923;-1.690153;;
56.11;-2.294574;-1.690288;;
56.111;-2.275949;-1.697219;;
56.111;-2.272746;-1.698412;;
56.131;-2.24772;-1.707373;;
56.132;-2.247479;-1.707459;;
56.133;-2.247427;-1.707478;;
56.133;-2.232985;-1.712415;;
56.16;-2.201527;-1.722838;;
56.16;-2.201527;-1.722838;;
56.161;-2.201527;-1.722838;;
56.162;-2.201527;-1.722838;;
56.174;-2.154894;-1.737077;;
56.175;-2.154113;-1.737316;;
56.176;-2.153922;-1.737374;;
56.196;-2.107154;-1.750305;;
56.197;-2.107154;-1.750305;;
56.198;-2.107154;-1.750305;;
56.198;-2.107154;-1.750305;;
56.199;-2.107154;-1.750305;;
56.219;-2.059555;-1.762113;;
56.219;-2.059331;-1.762169;;
56.24;-2.009238;-1.773161;;
56.261;-1.961255;-1.782337;;
56.262;-1.96082;-1.782421;;
56.282;-1.912416;-1.790336;;
56.283;-1.911915;-1.790419;;
56.303;-1.863369;-1.797026;;
56.304;-1.862905;-1.797089;;
56.325;-1.812779;-1.80253;;
56.326;-1.812306;-1.802581;;
56.346;-1.764425;-1.806479;;
56.347;-1.763946;-1.806518;;
56.3562607;;;0.117955812589089;0.412150993628891
56.16;-2.201527;-1.722838;;
56.16;-2.201527;-1.722838;;
56.161;-2.201527;-1.722838;;
56.162;-2.201527;-1.722838;;
56.174;-2.154894;-1.737077;;
56.175;-2.154113;-1.737316;;
56.176;-2.153922;-1.737374;;
56.196;-2.107154;-1.750305;;
56.197;-2.107154;-1.750305;;
56.198;-2.107154;-1.750305;;
56.198;-2.107154;-1.750305;;
56.199;-2.107154;-1.750305;;
56.219;-2.059555;-1.762113;;
56.219;-2.059331;-1.762169;;
56.24;-2.009238;-1.773161;;
56.261;-1.961255;-1.782337;;
56.262;-1.96082;-1.782421;;
56.282;-1.912416;-1.790336;;
56.283;-1.911915;-1.790419;;
56.303;-1.863369;-1.797026;;
56.304;-1.862905;-1.797089;;
56.325;-1.812779;-1.80253;;
56.326;-1.812306;-1.802581;;
56.346;-1.764425;-1.806479;;
56.347;-1.763946;-1.806518;;
56.368;-1.714018;-1.809238;;
56.369;-1.713611;-1.80926;;
56.389;-1.690136;-1.810069;;
56.391;-1.689883;-1.810078;;
56.413;-1.612462;-1.810601;;
56.413;-1.61211;-1.810603;;
56.414;-1.611715;-1.810606;;
56.433;-1.589913;-1.810165;;
56.434;-1.589677;-1.81016;;
56.435;-1.589641;-1.810159;;
56.4349699;;;0.485387250464699;0.39497675663021
56.219;-2.059555;-1.762113;;
56.219;-2.059331;-1.762169;;
56.24;-2.009238;-1.773161;;
56.261;-1.961255;-1.782337;;
56.262;-1.96082;-1.782421;;
56.282;-1.912416;-1.790336;;
56.283;-1.911915;-1.790419;;
56.303;-1.863369;-1.797026;;
56.304;-1.862905;-1.797089;;
56.325;-1.812779;-1.80253;;
56.326;-1.812306;-1.802581;;
56.346;-1.764425;-1.806479;;
56.347;-1.763946;-1.806518;;
56.368;-1.714018;-1.809238;;
56.369;-1.713611;-1.80926;;
56.389;-1.690136;-1.810069;;
56.391;-1.689883;-1.810078;;
56.413;-1.612462;-1.810601;;
56.413;-1.61211;-1.810603;;
56.414;-1.611715;-1.810606;;
56.433;-1.589913;-1.810165;;
56.434;-1.589677;-1.81016;;
56.435;-1.589641;-1.810159;;
56.435;-1.578409;-1.809791;;
56.455;-1.54023;-1.808188;;
56.455;-1.539903;-1.808175;;
56.456;-1.539604;-1.808163;;
56.477;-1.490355;-1.804869;;
56.477;-1.490355;-1.804869;;
56.478;-1.490355;-1.804869;;
56.479;-1.490355;-1.804869;;
56.479;-1.475664;-1.803586;;
56.499;-1.441207;-1.800255;;
56.499;-1.440943;-1.800229;;
56.5;-1.440799;-1.800216;;
56.5126761;;;0.347799144825526;0.398132440782049
56.282;-1.912416;-1.790336;;
56.283;-1.911915;-1.790419;;
56.303;-1.863369;-1.797026;;
56.304;-1.862905;-1.797089;;
56.325;-1.812779;-1.80253;;
56.326;-1.812306;-1.802581;;
56.346;-1.764425;-1.806479;;
56.347;-1.763946;-1.806518;;
56.368;-1.714018;-1.809238;;
56.369;-1.713611;-1.80926;;
56.389;-1.690136;-1.810069;;
56.391;-1.689883;-1.810078;;
56.413;-1.612462;-1.810601;;
56.413;-1.61211;-1.810603;;
56.414;-1.611715;-1.810606;;
56.433;-1.589913;-1.810165;;
56.434;-1.589677;-1.81016;;
56.435;-1.589641;-1.810159;;
56.435;-1.578409;-1.809791;;
56.455;-1.54023;-1.808188;;
56.455;-1.539903;-1.808175;;
56.456;-1.539604;-1.808163;;
56.477;-1.490355;-1.804869;;
56.477;-1.490355;-1.804869;;
56.478;-1.490355;-1.804869;;
56.479;-1.490355;-1.804869;;
56.479;-1.475664;-1.803586;;
56.499;-1.441207;-1.800255;;
56.499;-1.440943;-1.800229;;
56.5;-1.440799;-1.800216;;
56.522;-1.392349;-1.794352;;
56.523;-1.391795;-1.794285;;
56.523;-1.391795;-1.794285;;
56.524;-1.391795;-1.794285;;
56.541;-1.342609;-1.786988;;
56.541;-1.342609;-1.786988;;
56.542;-1.342609;-1.786988;;
56.542;-1.342609;-1.786988;;
56.562;-1.293698;-1.778382;;
56.562;-1.293698;-1.778382;;
56.563;-1.293698;-1.778382;;
56.5793541;;;0.522841043284867;0.497733724313212
56.368;-1.714018;-1.809238;;
56.369;-1.713611;-1.80926;;
56.389;-1.690136;-1.810069;;
56.391;-1.689883;-1.810078;;
56.413;-1.612462;-1.810601;;
56.413;-1.61211;-1.810603;;
56.414;-1.611715;-1.810606;;
56.433;-1.589913;-1.810165;;
56.434;-1.589677;-1.81016;;
56.435;-1.589641;-1.810159;;
56.435;-1.578409;-1.809791;;
56.455;-1.54023;-1.808188;;
56.455;-1.539903;-1.808175;;
56.456;-1.539604;-1.808163;;
56.477;-1.490355;-1.804869;;
56.477;-1.490355;-1.804869;;
56.478;-1.490355;-1.804869;;
56.479;-1.490355;-1.804869;;
56.479;-1.475664;-1.803586;;
56.499;-1.441207;-1.800255;;
56.499;-1.440943;-1.800229;;
56.5;-1.440799;-1.800216;;
56.522;-1.392349;-1.794352;;
56.523;-1.391795;-1.794285;;
56.523;-1.391795;-1.794285;;
56.524;-1.391795;-1.794285;;
56.541;-1.342609;-1.786988;;
56.541;-1.342609;-1.786988;;
56.542;-1.342609;-1.786988;;
56.542;-1.342609;-1.786988;;
56.562;-1.293698;-1.778382;;
56.562;-1.293698;-1.778382;;
56.563;-1.293698;-1.778382;;
56.583;-1.245543;-1.768566;;
56.583;-1.245351;-1.768527;;
56.584;-1.245049;-1.768466;;
56.584;-1.24501;-1.768458;;
56.609;-1.197307;-1.757395;;
56.609;-1.197103;-1.757348;;
56.61;-1.196872;-1.757294;;
56.611;-1.196836;-1.757286;;
56.651;-1.101397;-1.731053;;
56.6580626;;;0.473763074191597;0.484760299195622
56.455;-1.54023;-1.808188;;
56.455;-1.539903;-1.808175;;
56.456;-1.539604;-1.808163;;
56.477;-1.490355;-1.804869;;
56.477;-1.490355;-1.804869;;
56.478;-1.490355;-1.804869;;
56.479;-1.490355;-1.804869;;
56.479;-1.475664;-1.803586;;
56.499;-1.441207;-1.800255;;
56.499;-1.440943;-1.800229;;
56.5;-1.440799;-1.800216;;
56.522;-1.392349;-1.794352;;
56.523;-1.391795;-1.794285;;
56.523;-1.391795;-1.794285;;
56.524;-1.391795;-1.794285;;
56.541;-1.342609;-1.786988;;
56.541;-1.342609;-1.786988;;
56.542;-1.342609;-1.786988;;
56.542;-1.342609;-1.786988;;
56.562;-1.293698;-1.778382;;
56.562;-1.293698;-1.778382;;
56.563;-1.293698;-1.778382;;
56.583;-1.245543;-1.768566;;
56.583;-1.245351;-1.768527;;
56.584;-1.245049;-1.768466;;
56.584;-1.24501;-1.768458;;
56.609;-1.197307;-1.757395;;
56.609;-1.197103;-1.757348;;
56.61;-1.196872;-1.757294;;
56.611;-1.196836;-1.757286;;
56.651;-1.101397;-1.731053;;
56.694;-0.9967611;-1.695823;;
56.715;-0.9601434;-1.681835;;
56.736;-0.9151635;-1.663387;;
56.7362708;;;-0.0024525122809359;0.418532660063358
56.522;-1.392349;-1.794352;;
56.523;-1.391795;-1.794285;;
56.523;-1.391795;-1.794285;;
56.524;-1.391795;-1.794285;;
56.541;-1.342609;-1.786988;;
56.541;-1.342609;-1.786988;;
56.542;-1.342609;-1.786988;;
56.542;-1.342609;-1.786988;;
56.562;-1.293698;-1.778382;;
56.562;-1.293698;-1.778382;;
56.563;-1.293698;-1.778382;;
56.583;-1.245543;-1.768566;;
56.583;-1.245351;-1.768527;;
56.584;-1.245049;-1.768466;;
56.584;-1.24501;-1.768458;;
56.609;-1.197307;-1.757395;;
56.609;-1.197103;-1.757348;;
56.61;-1.196872;-1.757294;;
56.611;-1.196836;-1.757286;;
56.651;-1.101397;-1.731053;;
56.694;-0.9967611;-1.695823;;
56.715;-0.9601434;-1.681835;;
56.736;-0.9151635;-1.663387;;
56.738;-0.9143168;-1.663039;;
56.739;-0.9141605;-1.662975;;
56.74;-0.9141042;-1.662952;;
56.74;-0.9140776;-1.662941;;
56.76;-0.8681238;-1.642617;;
56.76;-0.8681238;-1.642617;;
56.761;-0.8681238;-1.642617;;
56.761;-0.8681238;-1.642617;;
56.762;-0.8681238;-1.642617;;
56.781;-0.8237783;-1.621552;;
56.782;-0.8233495;-1.621348;;
56.782;-0.8232887;-1.621319;;
56.783;-0.8232118;-1.621283;;
56.803;-0.8013246;-1.61034;;
56.803;-0.8012014;-1.610279;;
56.804;-0.7829715;-1.60086;;
56.8139775;;;0.876272169949271;0.415086385494034
56.609;-1.197307;-1.757395;;
56.609;-1.197103;-1.757348;;
56.61;-1.196872;-1.757294;;
56.611;-1.196836;-1.757286;;
56.651;-1.101397;-1.731053;;
56.694;-0.9967611;-1.695823;;
56.715;-0.9601434;-1.681835;;
56.736;-0.9151635;-1.663387;;
56.738;-0.9143168;-1.663039;;
56.739;-0.9141605;-1.662975;;
56.74;-0.9141042;-1.662952;;
56.74;-0.9140776;-1.662941;;
56.76;-0.8681238;-1.642617;;
56.76;-0.8681238;-1.642617;;
56.761;-0.8681238;-1.642617;;
56.761;-0.8681238;-1.642617;;
56.762;-0.8681238;-1.642617;;
56.781;-0.8237783;-1.621552;;
56.782;-0.8233495;-1.621348;;
56.782;-0.8232887;-1.621319;;
56.783;-0.8232118;-1.621283;;
56.803;-0.8013246;-1.61034;;
56.803;-0.8012014;-1.610279;;
56.804;-0.7829715;-1.60086;;
56.825;-0.7575406;-1.587347;;
56.826;-0.7572334;-1.587183;;
56.827;-0.7572334;-1.587183;;
56.827;-0.7572334;-1.587183;;
56.828;-0.7572334;-1.587183;;
56.847;-0.7141942;-1.563082;;
56.848;-0.7141942;-1.563082;;
56.848;-0.6998224;-1.554625;;
56.868;-0.6711219;-1.53741;;
56.869;-0.6708236;-1.537231;;
56.87;-0.6707776;-1.537204;;
56.879;-0.6499574;-1.524208;;
56.88;-0.6494986;-1.523922;;
56.89;-0.629619;-1.511139;;
56.891;-0.6289313;-1.510697;;
56.892;-0.6287014;-1.510549;;
56.893188;;;0.882770792801685;0.411583822007696
56.694;-0.9967611;-1.695823;;
56.715;-0.9601434;-1.681835;;
56.736;-0.9151635;-1.663387;;
56.738;-0.9143168;-1.663039;;
56.739;-0.9141605;-1.662975;;
56.74;-0.9141042;-1.662952;;
56.74;-0.9140776;-1.662941;;
56.76;-0.8681238;-1.642617;;
56.76;-0.8681238;-1.642617;;
56.761;-0.8681238;-1.642617;;
56.761;-0.8681238;-1.642617;;
56.762;-0.8681238;-1.642617;;
56.781;-0.8237783;-1.621552;;
56.782;-0.8233495;-1.621348;;
56.782;-0.8232887;-1.621319;;
56.783;-0.8232118;-1.621283;;
56.803;-0.8013246;-1.61034;;
56.803;-0.8012014;-1.610279;;
56.804;-0.7829715;-1.60086;;
56.825;-0.7575406;-1.587347;;
56.826;-0.7572334;-1.587183;;
56.827;-0.7572334;-1.587183;;
56.827;-0.7572334;-1.587183;;
56.828;-0.7572334;-1.587183;;
56.847;-0.7141942;-1.563082;;
56.848;-0.7141942;-1.563082;;
56.848;-0.6998224;-1.554625;;
56.868;-0.6711219;-1.53741;;
56.869;-0.6708236;-1.537231;;
56.87;-0.6707776;-1.537204;;
56.879;-0.6499574;-1.524208;;
56.88;-0.6494986;-1.523922;;
56.89;-0.629619;-1.511139;;
56.891;-0.6289313;-1.510697;;
56.892;-0.6287014;-1.510549;;
56.911;-0.5849146;-1.481065;;
56.912;-0.5844328;-1.480741;;
56.913;-0.5843681;-1.480697;;
56.914;-0.5843549;-1.480689;;
56.934;-0.5409643;-1.449599;;
56.935;-0.5405822;-1.449325;;
56.955;-0.50789;-1.424606;;
56.956;-0.5076018;-1.424388;;
56.9708945;;;0.69371353869877;0.393538392821134
56.76;-0.8681238;-1.642617;;
56.76;-0.8681238;-1.642617;;
56.761;-0.8681238;-1.642617;;
56.761;-0.8681238;-1.642617;;
56.762;-0.8681238;-1.642617;;
56.781;-0.8237783;-1.621552;;
56.782;-0.8233495;-1.621348;;
56.782;-0.8232887;-1.621319;;
56.783;-0.8232118;-1.621283;;
56.803;-0.8013246;-1.61034;;
56.803;-0.8012014;-1.610279;;
56.804;-0.7829715;-1.60086;;
56.825;-0.7575406;-1.587347;;
56.826;-0.7572334;-1.587183;;
56.827;-0.7572334;-1.587183;;
56.827;-0.7572334;-1.587183;;
56.828;-0.7572334;-1.587183;;
56.847;-0.7141942;-1.563082;;
56.848;-0.7141942;-1.563082;;
56.848;-0.6998224;-1.554625;;
56.868;-0.6711219;-1.53741;;
56.869;-0.6708236;-1.537231;;
56.87;-0.6707776;-1.537204;;
56.879;-0.6499574;-1.524208;;
56.88;-0.6494986;-1.523922;;
56.89;-0.629619;-1.511139;;
56.891;-0.6289313;-1.510697;;
56.892;-0.6287014;-1.510549;;
56.911;-0.5849146;-1.481065;;
56.912;-0.5844328;-1.480741;;
56.913;-0.5843681;-1.480697;;
56.914;-0.5843549;-1.480689;;
56.934;-0.5409643;-1.449599;;
56.935;-0.5405822;-1.449325;;
56.955;-0.50789;-1.424606;;
56.956;-0.5076018;-1.424388;;
56.976;-0.4686196;-1.393362;;
56.977;-0.4682209;-1.393045;;
56.998;-0.4310903;-1.361826;;
56.998;-0.4308817;-1.36165;;
57.019;-0.394346;-1.329244;;
57.02;-0.3940129;-1.328949;;
57.041;-0.3573579;-1.294618;;
57.0491025;;;0.405123742027871;0.376175033383142
56.76;-0.8681238;-1.642617;;
56.76;-0.8681238;-1.642617;;
56.761;-0.8681238;-1.642617;;
56.761;-0.8681238;-1.642617;;
56.762;-0.8681238;-1.642617;;
56.781;-0.8237783;-1.621552;;
56.782;-0.8233495;-1.621348;;
56.782;-0.8232887;-1.621319;;
56.783;-0.8232118;-1.621283;;
56.803;-0.8013246;-1.61034;;
56.803;-0.8012014;-1.610279;;
56.804;-0.7829715;-1.60086;;
56.825;-0.7575406;-1.587347;;
56.826;-0.7572334;-1.587183;;
56.827;-0.7572334;-1.587183;;
56.827;-0.7572334;-1.587183;;
56.828;-0.7572334;-1.587183;;
56.847;-0.7141942;-1.563082;;
56.848;-0.7141942;-1.563082;;
56.848;-0.6998224;-1.554625;;
56.868;-0.6711219;-1.53741;;
56.869;-0.6708236;-1.537231;;
56.87;-0.6707776;-1.537204;;
56.879;-0.6499574;-1.524208;;
56.88;-0.6494986;-1.523922;;
56.89;-0.629619;-1.511139;;
56.891;-0.6289313;-1.510697;;
56.892;-0.6287014;-1.510549;;
56.911;-0.5849146;-1.481065;;
56.912;-0.5844328;-1.480741;;
56.913;-0.5843681;-1.480697;;
56.914;-0.5843549;-1.480689;;
56.934;-0.5409643;-1.449599;;
56.935;-0.5405822;-1.449325;;
56.955;-0.50789;-1.424606;;
56.956;-0.5076018;-1.424388;;
56.976;-0.4686196;-1.393362;;
56.977;-0.4682209;-1.393045;;
56.998;-0.4310903;-1.361826;;
56.998;-0.4308817;-1.36165;;
57.019;-0.394346;-1.329244;;
57.02;-0.3940129;-1.328949;;
57.041;-0.3573579;-1.294618;;
57.1273107;;;-0.0517725690194289;0.366347727427334
56.911;-0.5849146;-1.481065;;
56.912;-0.5844328;-1.480741;;
56.913;-0.5843681;-1.480697;;
56.914;-0.5843549;-1.480689;;
56.934;-0.5409643;-1.449599;;
56.935;-0.5405822;-1.449325;;
56.955;-0.50789;-1.424606;;
56.956;-0.5076018;-1.424388;;
56.976;-0.4686196;-1.393362;;
56.977;-0.4682209;-1.393045;;
56.998;-0.4310903;-1.361826;;
56.998;-0.4308817;-1.36165;;
57.019;-0.394346;-1.329244;;
57.02;-0.3940129;-1.328949;;
57.041;-0.3573579;-1.294618;;
57.127;-0.2197412;-1.146856;;
57.129;-0.2197343;-1.146849;;
57.13;-0.2197299;-1.146844;;
57.15;-0.1903326;-1.110678;;
57.151;-0.1900174;-1.110331;;
57.172;-0.1598096;-1.071118;;
57.173;-0.1595147;-1.070735;;
57.193;-0.144898;-1.050941;;
57.194;-0.1447628;-1.050758;;
57.195;-0.1342734;-1.036153;;
57.2060197;;;0.0569748081069564;0.369878486632299
